event_id,seed_event_id,cvss_score,severity,event_type,source_platform,package_ecosystem,environment,internet_facing,runtime_reachable,business_criticality,deployment_stage,data_sensitivity,safety_impact,operational_disruption,financial_loss,regulatory_exposure,reputational_damage,context_assignment_confidence,stride_spoofing,stride_tampering,stride_repudiation,stride_information_disclosure,stride_denial_of_service,stride_elevation_of_privilege,patch_available,priority
ml-scenario-0-github-dependabot-1,github-dependabot-1,6.6,medium,dependency_vulnerability,GitHub,maven,production,1,1,high,runtime,high,high,high,high,high,high,0.9,0,1,1,0,0,1,1,P2
ml-scenario-1-gitlab-trivy-vuln-4,gitlab-trivy-vuln-4,5.0,medium,dependency_vulnerability,GitLab,maven,production,1,1,high,runtime,high,high,high,high,high,high,0.9,0,1,0,0,0,1,1,P2
ml-scenario-2-github-dependabot-3,github-dependabot-3,8.7,high,dependency_vulnerability,GitHub,maven,production,1,1,high,runtime,high,high,high,high,high,high,0.9,0,0,1,0,1,0,1,P1
ml-scenario-3-gitlab-trivy-misconfig-4,gitlab-trivy-misconfig-4,0.0,low,misconfiguration,GitLab,,production,0,1,high,build,medium,medium,high,medium,medium,medium,0.9,0,0,0,0,1,0,0,P4
ml-scenario-4-github-dependabot-5,github-dependabot-5,0.0,low,dependency_vulnerability,GitHub,maven,production,1,1,high,runtime,high,high,high,high,high,high,0.9,0,0,1,0,0,0,1,P3
ml-scenario-5-gitlab-trivy-vuln-2,gitlab-trivy-vuln-2,7.4,high,dependency_vulnerability,GitLab,maven,production,1,1,high,runtime,high,high,high,high,high,high,0.9,0,1,1,1,1,1,1,P1
ml-scenario-7-gitlab-trivy-misconfig-4,gitlab-trivy-misconfig-4,0.0,low,misconfiguration,GitLab,,production,0,1,high,build,medium,medium,high,medium,medium,medium,0.9,0,0,0,0,1,0,0,P4
ml-scenario-8-gitlab-trivy-misconfig-4,gitlab-trivy-misconfig-4,0.0,low,misconfiguration,GitLab,,production,0,1,high,build,medium,medium,high,medium,medium,medium,0.9,0,0,0,0,1,0,0,P4
ml-scenario-9-gitlab-trivy-misconfig-1,gitlab-trivy-misconfig-1,0.0,low,misconfiguration,GitLab,,production,0,1,high,build,medium,medium,high,medium,medium,medium,0.9,0,1,0,0,0,0,0,P4
ml-scenario-10-github-dependabot-2,github-dependabot-2,10.0,critical,dependency_vulnerability,GitHub,maven,production,1,1,high,runtime,high,high,high,high,high,high,0.9,0,1,1,0,0,1,1,P1
ml-scenario-12-gitlab-trivy-vuln-6,gitlab-trivy-vuln-6,4.8,medium,dependency_vulnerability,GitLab,maven,production,1,1,high,runtime,high,high,high,high,high,high,0.9,0,0,1,0,0,0,1,P2
ml-scenario-14-gitlab-trivy-vuln-6,gitlab-trivy-vuln-6,4.2,medium,dependency_vulnerability,GitLab,maven,production,1,1,high,runtime,high,high,high,high,high,high,0.9,0,0,1,0,0,0,1,P2
ml-scenario-15-github-dependabot-6,github-dependabot-6,0.0,low,dependency_vulnerability,GitHub,maven,production,1,1,high,runtime,high,high,high,high,high,high,0.9,0,0,1,0,0,0,1,P3
ml-scenario-16-github-dependabot-7,github-dependabot-7,0.0,low,dependency_vulnerability,GitHub,maven,production,1,1,high,runtime,high,high,high,high,high,high,0.9,0,0,1,0,0,0,1,P3
ml-scenario-17-gitlab-trivy-vuln-1,gitlab-trivy-vuln-1,10.0,critical,dependency_vulnerability,GitLab,maven,production,1,1,high,runtime,high,high,high,high,high,high,0.9,0,1,1,0,0,1,1,P1
ml-scenario-18-gitlab-trivy-misconfig-4,gitlab-trivy-misconfig-4,0.0,low,misconfiguration,GitLab,,production,0,1,high,build,medium,medium,high,medium,medium,medium,0.9,0,0,0,0,1,0,0,P4
ml-scenario-19-github-dependabot-6,github-dependabot-6,0.0,low,dependency_vulnerability,GitHub,maven,production,1,1,high,runtime,high,high,high,high,high,high,0.9,0,0,1,0,0,0,1,P3
ml-scenario-20-gitlab-trivy-vuln-5,gitlab-trivy-vuln-5,6.7,medium,dependency_vulnerability,GitLab,maven,production,1,1,high,runtime,high,high,high,high,high,high,0.9,0,0,1,1,0,0,1,P2
ml-scenario-21-github-dependabot-7,github-dependabot-7,0.0,low,dependency_vulnerability,GitHub,maven,production,1,1,high,runtime,high,high,high,high,high,high,0.9,0,0,1,0,0,0,1,P3
ml-scenario-22-gitlab-trivy-vuln-2,gitlab-trivy-vuln-2,6.8,medium,dependency_vulnerability,GitLab,maven,production,1,1,high,runtime,high,high,high,high,high,high,0.9,0,1,1,1,1,1,1,P2
ml-scenario-23-github-dependabot-4,github-dependabot-4,6.8,medium,dependency_vulnerability,GitHub,maven,production,1,1,high,runtime,high,high,high,high,high,high,0.9,0,1,1,0,0,1,1,P2
ml-scenario-24-gitlab-trivy-vuln-2,gitlab-trivy-vuln-2,9.6,critical,dependency_vulnerability,GitLab,maven,production,1,1,high,runtime,high,high,high,high,high,high,0.9,0,1,1,1,1,1,1,P1
ml-scenario-25-github-dependabot-1,github-dependabot-1,7.8,high,dependency_vulnerability,GitHub,maven,production,1,1,high,runtime,high,high,high,high,high,high,0.9,0,1,1,0,0,1,1,P1
ml-scenario-26-gitlab-trivy-misconfig-1,gitlab-trivy-misconfig-1,0.0,low,misconfiguration,GitLab,,production,0,1,high,build,medium,medium,high,medium,medium,medium,0.9,0,1,0,0,0,0,0,P4
ml-scenario-27-github-dependabot-7,github-dependabot-7,0.0,low,dependency_vulnerability,GitHub,maven,production,1,1,high,runtime,high,high,high,high,high,high,0.9,0,0,1,0,0,0,1,P3
ml-scenario-28-github-dependabot-7,github-dependabot-7,0.0,low,dependency_vulnerability,GitHub,maven,production,1,1,high,runtime,high,high,high,high,high,high,0.9,0,0,1,0,0,0,1,P3
ml-scenario-29-gitlab-trivy-vuln-4,gitlab-trivy-vuln-4,6.6,medium,dependency_vulnerability,GitLab,maven,production,1,1,high,runtime,high,high,high,high,high,high,0.9,0,1,0,0,0,1,1,P2
ml-scenario-30-gitlab-trivy-vuln-2,gitlab-trivy-vuln-2,8.7,high,dependency_vulnerability,GitLab,maven,production,1,1,high,runtime,high,high,high,high,high,high,0.9,0,1,1,1,1,1,1,P1
ml-scenario-32-github-dependabot-4,github-dependabot-4,4.7,medium,dependency_vulnerability,GitHub,maven,production,1,1,high,runtime,high,high,high,high,high,high,0.9,0,1,1,0,0,1,1,P2
ml-scenario-33-github-dependabot-6,github-dependabot-6,0.0,low,dependency_vulnerability,GitHub,maven,production,1,1,high,runtime,high,high,high,high,high,high,0.9,0,0,1,0,0,0,1,P3
ml-scenario-34-gitlab-trivy-misconfig-4,gitlab-trivy-misconfig-4,0.0,low,misconfiguration,GitLab,,production,0,1,high,build,medium,medium,high,medium,medium,medium,0.9,0,0,0,0,1,0,0,P4
ml-scenario-35-gitlab-trivy-vuln-6,gitlab-trivy-vuln-6,6.7,medium,dependency_vulnerability,GitLab,maven,production,1,1,high,runtime,high,high,high,high,high,high,0.9,0,0,1,0,0,0,1,P2
ml-scenario-36-gitlab-trivy-vuln-1,gitlab-trivy-vuln-1,8.3,high,dependency_vulnerability,GitLab,maven,production,1,1,high,runtime,high,high,high,high,high,high,0.9,0,1,1,0,0,1,1,P1
ml-scenario-37-gitlab-trivy-vuln-1,gitlab-trivy-vuln-1,10.0,critical,dependency_vulnerability,GitLab,maven,production,1,1,high,runtime,high,high,high,high,high,high,0.9,0,1,1,0,0,1,1,P1
ml-scenario-38-github-dependabot-6,github-dependabot-6,0.0,low,dependency_vulnerability,GitHub,maven,production,1,1,high,runtime,high,high,high,high,high,high,0.9,0,0,1,0,0,0,1,P3
ml-scenario-40-gitlab-trivy-vuln-6,gitlab-trivy-vuln-6,4.5,medium,dependency_vulnerability,GitLab,maven,production,1,1,high,runtime,high,high,high,high,high,high,0.9,0,0,1,0,0,0,1,P2
ml-scenario-42-gitlab-trivy-misconfig-1,gitlab-trivy-misconfig-1,0.0,low,misconfiguration,GitLab,,production,0,1,high,build,medium,medium,high,medium,medium,medium,0.9,0,1,0,0,0,0,0,P4
ml-scenario-43-github-dependabot-3,github-dependabot-3,7.0,high,dependency_vulnerability,GitHub,maven,production,1,1,high,runtime,high,high,high,high,high,high,0.9,0,0,1,0,1,0,1,P1
ml-scenario-44-gitlab-trivy-misconfig-4,gitlab-trivy-misconfig-4,0.0,low,misconfiguration,GitLab,,production,0,1,high,build,medium,medium,high,medium,medium,medium,0.9,0,0,0,0,1,0,0,P4
ml-scenario-45-github-dependabot-5,github-dependabot-5,0.6,low,dependency_vulnerability,GitHub,maven,production,1,1,high,runtime,high,high,high,high,high,high,0.9,0,0,1,0,0,0,1,P3
ml-scenario-46-github-dependabot-6,github-dependabot-6,0.0,low,dependency_vulnerability,GitHub,maven,production,1,1,high,runtime,high,high,high,high,high,high,0.9,0,0,1,0,0,0,1,P3
ml-scenario-47-github-dependabot-3,github-dependabot-3,7.9,high,dependency_vulnerability,GitHub,maven,production,1,1,high,runtime,high,high,high,high,high,high,0.9,0,0,1,0,1,0,1,P1
ml-scenario-48-gitlab-trivy-vuln-2,gitlab-trivy-vuln-2,9.2,critical,dependency_vulnerability,GitLab,maven,production,1,1,high,runtime,high,high,high,high,high,high,0.9,0,1,1,1,1,1,1,P1
ml-scenario-49-github-dependabot-1,github-dependabot-1,7.0,high,dependency_vulnerability,GitHub,maven,production,1,1,high,runtime,high,high,high,high,high,high,0.9,0,1,1,0,0,1,1,P1
ml-scenario-51-github-dependabot-5,github-dependabot-5,0.0,low,dependency_vulnerability,GitHub,maven,production,1,1,high,runtime,high,high,high,high,high,high,0.9,0,0,1,0,0,0,1,P3
ml-scenario-52-github-dependabot-6,github-dependabot-6,0.0,low,dependency_vulnerability,GitHub,maven,production,1,1,high,runtime,high,high,high,high,high,high,0.9,0,0,1,0,0,0,1,P3
ml-scenario-53-gitlab-trivy-misconfig-1,gitlab-trivy-misconfig-1,0.0,low,misconfiguration,GitLab,,production,0,1,high,build,medium,medium,high,medium,medium,medium,0.9,0,1,0,0,0,0,0,P4
ml-scenario-54-gitlab-trivy-misconfig-4,gitlab-trivy-misconfig-4,0.5,low,misconfiguration,GitLab,,production,0,1,high,build,medium,medium,high,medium,medium,medium,0.9,0,0,0,0,1,0,0,P3
ml-scenario-55-github-dependabot-2,github-dependabot-2,9.9,critical,dependency_vulnerability,GitHub,maven,production,1,1,high,runtime,high,high,high,high,high,high,0.9,0,1,1,0,0,1,1,P1
ml-scenario-56-github-dependabot-1,github-dependabot-1,8.9,high,dependency_vulnerability,GitHub,maven,production,1,1,high,runtime,high,high,high,high,high,high,0.9,0,1,1,0,0,1,1,P1
ml-scenario-57-gitlab-trivy-misconfig-4,gitlab-trivy-misconfig-4,0.1,low,misconfiguration,GitLab,,production,0,1,high,build,medium,medium,high,medium,medium,medium,0.9,0,0,0,0,1,0,0,P3
ml-scenario-58-gitlab-trivy-vuln-6,gitlab-trivy-vuln-6,4.2,medium,dependency_vulnerability,GitLab,maven,production,1,1,high,runtime,high,high,high,high,high,high,0.9,0,0,1,0,0,0,1,P2
ml-scenario-59-github-dependabot-5,github-dependabot-5,0.0,low,dependency_vulnerability,GitHub,maven,production,1,1,high,runtime,high,high,high,high,high,high,0.9,0,0,1,0,0,0,1,P3
ml-scenario-60-github-dependabot-2,github-dependabot-2,10.0,critical,dependency_vulnerability,GitHub,maven,production,1,1,high,runtime,high,high,high,high,high,high,0.9,0,1,1,0,0,1,1,P1
ml-scenario-61-gitlab-trivy-vuln-4,gitlab-trivy-vuln-4,7.5,high,dependency_vulnerability,GitLab,maven,production,1,1,high,runtime,high,high,high,high,high,high,0.9,0,1,0,0,0,1,1,P1
ml-scenario-63-github-dependabot-1,github-dependabot-1,9.5,critical,dependency_vulnerability,GitHub,maven,production,1,1,high,runtime,high,high,high,high,high,high,0.9,0,1,1,0,0,1,1,P1
ml-scenario-64-gitlab-trivy-vuln-5,gitlab-trivy-vuln-5,6.7,medium,dependency_vulnerability,GitLab,maven,production,1,1,high,runtime,high,high,high,high,high,high,0.9,0,0,1,1,0,0,1,P2
ml-scenario-66-github-dependabot-3,github-dependabot-3,7.4,high,dependency_vulnerability,GitHub,maven,production,1,1,high,runtime,high,high,high,high,high,high,0.9,0,0,1,0,1,0,1,P1
ml-scenario-69-gitlab-trivy-vuln-6,gitlab-trivy-vuln-6,5.5,medium,dependency_vulnerability,GitLab,maven,production,1,1,high,runtime,high,high,high,high,high,high,0.9,0,0,1,0,0,0,1,P2
ml-scenario-70-github-dependabot-1,github-dependabot-1,9.8,critical,dependency_vulnerability,GitHub,maven,production,1,1,high,runtime,high,high,high,high,high,high,0.9,0,1,1,0,0,1,1,P1
ml-scenario-71-gitlab-trivy-vuln-5,gitlab-trivy-vuln-5,4.6,medium,dependency_vulnerability,GitLab,maven,production,1,1,high,runtime,high,high,high,high,high,high,0.9,0,0,1,1,0,0,1,P2
ml-scenario-72-github-dependabot-4,github-dependabot-4,7.2,high,dependency_vulnerability,GitHub,maven,production,1,1,high,runtime,high,high,high,high,high,high,0.9,0,1,1,0,0,1,1,P1
ml-scenario-73-gitlab-trivy-vuln-2,gitlab-trivy-vuln-2,6.9,medium,dependency_vulnerability,GitLab,maven,production,1,1,high,runtime,high,high,high,high,high,high,0.9,0,1,1,1,1,1,1,P2
ml-scenario-75-gitlab-trivy-misconfig-4,gitlab-trivy-misconfig-4,0.2,low,misconfiguration,GitLab,,production,0,1,high,build,medium,medium,high,medium,medium,medium,0.9,0,0,0,0,1,0,0,P3
ml-scenario-76-github-dependabot-3,github-dependabot-3,8.4,high,dependency_vulnerability,GitHub,maven,production,1,1,high,runtime,high,high,high,high,high,high,0.9,0,0,1,0,1,0,1,P1
ml-scenario-77-gitlab-trivy-misconfig-4,gitlab-trivy-misconfig-4,0.0,low,misconfiguration,GitLab,,production,0,1,high,build,medium,medium,high,medium,medium,medium,0.9,0,0,0,0,1,0,0,P4
ml-scenario-79-github-dependabot-5,github-dependabot-5,0.9,low,dependency_vulnerability,GitHub,maven,production,1,1,high,runtime,high,high,high,high,high,high,0.9,0,0,1,0,0,0,1,P3
ml-scenario-80-gitlab-trivy-misconfig-4,gitlab-trivy-misconfig-4,0.1,low,misconfiguration,GitLab,,production,0,1,high,build,medium,medium,high,medium,medium,medium,0.9,0,0,0,0,1,0,0,P3
ml-scenario-82-github-dependabot-6,github-dependabot-6,1.0,low,dependency_vulnerability,GitHub,maven,production,1,1,high,runtime,high,high,high,high,high,high,0.9,0,0,1,0,0,0,1,P3
ml-scenario-83-github-dependabot-7,github-dependabot-7,0.0,low,dependency_vulnerability,GitHub,maven,production,1,1,high,runtime,high,high,high,high,high,high,0.9,0,0,1,0,0,0,1,P3
ml-scenario-85-github-dependabot-4,github-dependabot-4,4.9,medium,dependency_vulnerability,GitHub,maven,production,1,1,high,runtime,high,high,high,high,high,high,0.9,0,1,1,0,0,1,1,P2
ml-scenario-86-gitlab-trivy-vuln-6,gitlab-trivy-vuln-6,3.9,low,dependency_vulnerability,GitLab,maven,production,1,1,high,runtime,high,high,high,high,high,high,0.9,0,0,1,0,0,0,1,P3
ml-scenario-87-gitlab-trivy-misconfig-4,gitlab-trivy-misconfig-4,0.0,low,misconfiguration,GitLab,,production,0,1,high,build,medium,medium,high,medium,medium,medium,0.9,0,0,0,0,1,0,0,P4
ml-scenario-88-github-dependabot-4,github-dependabot-4,4.1,medium,dependency_vulnerability,GitHub,maven,production,1,1,high,runtime,high,high,high,high,high,high,0.9,0,1,1,0,0,1,1,P2
ml-scenario-89-gitlab-trivy-vuln-1,gitlab-trivy-vuln-1,8.3,high,dependency_vulnerability,GitLab,maven,production,1,1,high,runtime,high,high,high,high,high,high,0.9,0,1,1,0,0,1,1,P1
ml-scenario-90-gitlab-trivy-vuln-1,gitlab-trivy-vuln-1,10.0,critical,dependency_vulnerability,GitLab,maven,production,1,1,high,runtime,high,high,high,high,high,high,0.9,0,1,1,0,0,1,1,P1
ml-scenario-91-gitlab-trivy-vuln-2,gitlab-trivy-vuln-2,8.4,high,dependency_vulnerability,GitLab,maven,production,1,1,high,runtime,high,high,high,high,high,high,0.9,0,1,1,1,1,1,1,P1
ml-scenario-92-gitlab-trivy-vuln-4,gitlab-trivy-vuln-4,6.4,medium,dependency_vulnerability,GitLab,maven,production,1,1,high,runtime,high,high,high,high,high,high,0.9,0,1,0,0,0,1,1,P2
ml-scenario-97-github-dependabot-5,github-dependabot-5,0.0,low,dependency_vulnerability,GitHub,maven,production,1,1,high,runtime,high,high,high,high,high,high,0.9,0,0,1,0,0,0,1,P3
ml-scenario-98-github-dependabot-5,github-dependabot-5,0.0,low,dependency_vulnerability,GitHub,maven,production,1,1,high,runtime,high,high,high,high,high,high,0.9,0,0,1,0,0,0,1,P3
ml-scenario-99-gitlab-trivy-vuln-1,gitlab-trivy-vuln-1,9.9,critical,dependency_vulnerability,GitLab,maven,production,1,1,high,runtime,high,high,high,high,high,high,0.9,0,1,1,0,0,1,1,P1
ml-scenario-100-github-dependabot-1,github-dependabot-1,6.7,medium,dependency_vulnerability,GitHub,maven,production,1,1,high,runtime,high,high,high,high,high,high,0.9,0,1,1,0,0,1,1,P2
ml-scenario-101-gitlab-trivy-vuln-6,gitlab-trivy-vuln-6,6.6,medium,dependency_vulnerability,GitLab,maven,production,1,1,high,runtime,high,high,high,high,high,high,0.9,0,0,1,0,0,0,1,P2
ml-scenario-102-github-dependabot-1,github-dependabot-1,7.4,high,dependency_vulnerability,GitHub,maven,production,1,1,high,runtime,high,high,high,high,high,high,0.9,0,1,1,0,0,1,1,P1
ml-scenario-104-github-dependabot-3,github-dependabot-3,7.6,high,dependency_vulnerability,GitHub,maven,production,1,1,high,runtime,high,high,high,high,high,high,0.9,0,0,1,0,1,0,1,P1
ml-scenario-105-gitlab-trivy-vuln-4,gitlab-trivy-vuln-4,5.7,medium,dependency_vulnerability,GitLab,maven,production,1,1,high,runtime,high,high,high,high,high,high,0.9,0,1,0,0,0,1,1,P2
ml-scenario-106-gitlab-trivy-vuln-2,gitlab-trivy-vuln-2,8.2,high,dependency_vulnerability,GitLab,maven,production,1,1,high,runtime,high,high,high,high,high,high,0.9,0,1,1,1,1,1,1,P1
ml-scenario-107-gitlab-trivy-misconfig-4,gitlab-trivy-misconfig-4,0.0,low,misconfiguration,GitLab,,production,0,1,high,build,medium,medium,high,medium,medium,medium,0.9,0,0,0,0,1,0,0,P4
ml-scenario-108-gitlab-trivy-misconfig-4,gitlab-trivy-misconfig-4,0.4,low,misconfiguration,GitLab,,production,0,1,high,build,medium,medium,high,medium,medium,medium,0.9,0,0,0,0,1,0,0,P3
ml-scenario-109-gitlab-trivy-vuln-2,gitlab-trivy-vuln-2,9.8,critical,dependency_vulnerability,GitLab,maven,production,1,1,high,runtime,high,high,high,high,high,high,0.9,0,1,1,1,1,1,1,P1
ml-scenario-110-github-dependabot-4,github-dependabot-4,4.7,medium,dependency_vulnerability,GitHub,maven,production,1,1,high,runtime,high,high,high,high,high,high,0.9,0,1,1,0,0,1,1,P2
ml-scenario-112-github-dependabot-6,github-dependabot-6,0.7,low,dependency_vulnerability,GitHub,maven,production,1,1,high,runtime,high,high,high,high,high,high,0.9,0,0,1,0,0,0,1,P3
ml-scenario-114-github-dependabot-6,github-dependabot-6,0.0,low,dependency_vulnerability,GitHub,maven,production,1,1,high,runtime,high,high,high,high,high,high,0.9,0,0,1,0,0,0,1,P3
ml-scenario-115-gitlab-trivy-misconfig-1,gitlab-trivy-misconfig-1,0.0,low,misconfiguration,GitLab,,production,0,1,high,build,medium,medium,high,medium,medium,medium,0.9,0,1,0,0,0,0,0,P4
ml-scenario-116-gitlab-trivy-misconfig-4,gitlab-trivy-misconfig-4,0.0,low,misconfiguration,GitLab,,production,0,1,high,build,medium,medium,high,medium,medium,medium,0.9,0,0,0,0,1,0,0,P4
ml-scenario-118-gitlab-trivy-vuln-5,gitlab-trivy-vuln-5,4.6,medium,dependency_vulnerability,GitLab,maven,production,1,1,high,runtime,high,high,high,high,high,high,0.9,0,0,1,1,0,0,1,P2
ml-scenario-119-gitlab-trivy-vuln-1,gitlab-trivy-vuln-1,9.5,critical,dependency_vulnerability,GitLab,maven,production,1,1,high,runtime,high,high,high,high,high,high,0.9,0,1,1,0,0,1,1,P1
ml-scenario-120-gitlab-trivy-misconfig-4,gitlab-trivy-misconfig-4,0.0,low,misconfiguration,GitLab,,production,0,1,high,build,medium,medium,high,medium,medium,medium,0.9,0,0,0,0,1,0,0,P4
ml-scenario-121-gitlab-trivy-vuln-6,gitlab-trivy-vuln-6,4.0,medium,dependency_vulnerability,GitLab,maven,production,1,1,high,runtime,high,high,high,high,high,high,0.9,0,0,1,0,0,0,1,P2
ml-scenario-126-gitlab-trivy-vuln-2,gitlab-trivy-vuln-2,9.0,critical,dependency_vulnerability,GitLab,maven,production,1,1,high,runtime,high,high,high,high,high,high,0.9,0,1,1,1,1,1,1,P1
ml-scenario-127-github-dependabot-4,github-dependabot-4,5.5,medium,dependency_vulnerability,GitHub,maven,production,1,1,high,runtime,high,high,high,high,high,high,0.9,0,1,1,0,0,1,1,P2
ml-scenario-128-github-dependabot-4,github-dependabot-4,6.1,medium,dependency_vulnerability,GitHub,maven,production,1,1,high,runtime,high,high,high,high,high,high,0.9,0,1,1,0,0,1,1,P2
ml-scenario-129-gitlab-trivy-vuln-1,gitlab-trivy-vuln-1,9.7,critical,dependency_vulnerability,GitLab,maven,production,1,1,high,runtime,high,high,high,high,high,high,0.9,0,1,1,0,0,1,1,P1
ml-scenario-130-github-dependabot-5,github-dependabot-5,0.0,low,dependency_vulnerability,GitHub,maven,production,1,1,high,runtime,high,high,high,high,high,high,0.9,0,0,1,0,0,0,1,P3
ml-scenario-132-gitlab-trivy-vuln-4,gitlab-trivy-vuln-4,4.8,medium,dependency_vulnerability,GitLab,maven,production,1,1,high,runtime,high,high,high,high,high,high,0.9,0,1,0,0,0,1,1,P2
ml-scenario-133-gitlab-trivy-vuln-6,gitlab-trivy-vuln-6,4.6,medium,dependency_vulnerability,GitLab,maven,production,1,1,high,runtime,high,high,high,high,high,high,0.9,0,0,1,0,0,0,1,P2
ml-scenario-134-github-dependabot-6,github-dependabot-6,0.0,low,dependency_vulnerability,GitHub,maven,production,1,1,high,runtime,high,high,high,high,high,high,0.9,0,0,1,0,0,0,1,P3
ml-scenario-135-gitlab-trivy-vuln-5,gitlab-trivy-vuln-5,5.4,medium,dependency_vulnerability,GitLab,maven,production,1,1,high,runtime,high,high,high,high,high,high,0.9,0,0,1,1,0,0,1,P2
ml-scenario-136-gitlab-trivy-vuln-2,gitlab-trivy-vuln-2,6.6,medium,dependency_vulnerability,GitLab,maven,production,1,1,high,runtime,high,high,high,high,high,high,0.9,0,1,1,1,1,1,1,P2
ml-scenario-137-github-dependabot-1,github-dependabot-1,6.8,medium,dependency_vulnerability,GitHub,maven,production,1,1,high,runtime,high,high,high,high,high,high,0.9,0,1,1,0,0,1,1,P2
ml-scenario-139-github-dependabot-3,github-dependabot-3,9.4,critical,dependency_vulnerability,GitHub,maven,production,1,1,high,runtime,high,high,high,high,high,high,0.9,0,0,1,0,1,0,1,P1
ml-scenario-140-gitlab-trivy-vuln-2,gitlab-trivy-vuln-2,9.7,critical,dependency_vulnerability,GitLab,maven,production,1,1,high,runtime,high,high,high,high,high,high,0.9,0,1,1,1,1,1,1,P1
ml-scenario-141-github-dependabot-7,github-dependabot-7,0.0,low,dependency_vulnerability,GitHub,maven,production,1,1,high,runtime,high,high,high,high,high,high,0.9,0,0,1,0,0,0,1,P3
ml-scenario-142-gitlab-trivy-misconfig-1,gitlab-trivy-misconfig-1,0.4,low,misconfiguration,GitLab,,production,0,1,high,build,medium,medium,high,medium,medium,medium,0.9,0,1,0,0,0,0,0,P3
ml-scenario-143-gitlab-trivy-vuln-5,gitlab-trivy-vuln-5,5.9,medium,dependency_vulnerability,GitLab,maven,production,1,1,high,runtime,high,high,high,high,high,high,0.9,0,0,1,1,0,0,1,P2
ml-scenario-145-gitlab-trivy-misconfig-4,gitlab-trivy-misconfig-4,0.0,low,misconfiguration,GitLab,,production,0,1,high,build,medium,medium,high,medium,medium,medium,0.9,0,0,0,0,1,0,0,P4
ml-scenario-146-github-dependabot-1,github-dependabot-1,9.8,critical,dependency_vulnerability,GitHub,maven,production,1,1,high,runtime,high,high,high,high,high,high,0.9,0,1,1,0,0,1,1,P1
ml-scenario-147-github-dependabot-3,github-dependabot-3,7.0,high,dependency_vulnerability,GitHub,maven,production,1,1,high,runtime,high,high,high,high,high,high,0.9,0,0,1,0,1,0,1,P1
ml-scenario-148-github-dependabot-1,github-dependabot-1,9.1,critical,dependency_vulnerability,GitHub,maven,production,1,1,high,runtime,high,high,high,high,high,high,0.9,0,1,1,0,0,1,1,P1
ml-scenario-149-github-dependabot-3,github-dependabot-3,7.1,high,dependency_vulnerability,GitHub,maven,production,1,1,high,runtime,high,high,high,high,high,high,0.9,0,0,1,0,1,0,1,P1
ml-scenario-152-gitlab-trivy-vuln-4,gitlab-trivy-vuln-4,5.9,medium,dependency_vulnerability,GitLab,maven,production,1,1,high,runtime,high,high,high,high,high,high,0.9,0,1,0,0,0,1,1,P2
ml-scenario-153-gitlab-trivy-vuln-4,gitlab-trivy-vuln-4,7.3,high,dependency_vulnerability,GitLab,maven,production,1,1,high,runtime,high,high,high,high,high,high,0.9,0,1,0,0,0,1,1,P1
ml-scenario-154-gitlab-trivy-vuln-1,gitlab-trivy-vuln-1,7.8,high,dependency_vulnerability,GitLab,maven,production,1,1,high,runtime,high,high,high,high,high,high,0.9,0,1,1,0,0,1,1,P1
ml-scenario-155-github-dependabot-5,github-dependabot-5,0.4,low,dependency_vulnerability,GitHub,maven,production,1,1,high,runtime,high,high,high,high,high,high,0.9,0,0,1,0,0,0,1,P3
ml-scenario-156-gitlab-trivy-vuln-1,gitlab-trivy-vuln-1,7.5,high,dependency_vulnerability,GitLab,maven,production,1,1,high,runtime,high,high,high,high,high,high,0.9,0,1,1,0,0,1,1,P1
ml-scenario-157-github-dependabot-3,github-dependabot-3,8.3,high,dependency_vulnerability,GitHub,maven,production,1,1,high,runtime,high,high,high,high,high,high,0.9,0,0,1,0,1,0,1,P1
ml-scenario-158-gitlab-trivy-vuln-4,gitlab-trivy-vuln-4,4.7,medium,dependency_vulnerability,GitLab,maven,production,1,1,high,runtime,high,high,high,high,high,high,0.9,0,1,0,0,0,1,1,P2
ml-scenario-159-gitlab-trivy-misconfig-1,gitlab-trivy-misconfig-1,0.0,low,misconfiguration,GitLab,,production,0,1,high,build,medium,medium,high,medium,medium,medium,0.9,0,1,0,0,0,0,0,P4
ml-scenario-160-github-dependabot-5,github-dependabot-5,0.0,low,dependency_vulnerability,GitHub,maven,production,1,1,high,runtime,high,high,high,high,high,high,0.9,0,0,1,0,0,0,1,P3
ml-scenario-161-github-dependabot-1,github-dependabot-1,6.8,medium,dependency_vulnerability,GitHub,maven,production,1,1,high,runtime,high,high,high,high,high,high,0.9,0,1,1,0,0,1,1,P2
ml-scenario-162-github-dependabot-3,github-dependabot-3,8.0,high,dependency_vulnerability,GitHub,maven,production,1,1,high,runtime,high,high,high,high,high,high,0.9,0,0,1,0,1,0,1,P1
ml-scenario-163-github-dependabot-7,github-dependabot-7,0.0,low,dependency_vulnerability,GitHub,maven,production,1,1,high,runtime,high,high,high,high,high,high,0.9,0,0,1,0,0,0,1,P3
ml-scenario-164-github-dependabot-3,github-dependabot-3,7.6,high,dependency_vulnerability,GitHub,maven,production,1,1,high,runtime,high,high,high,high,high,high,0.9,0,0,1,0,1,0,1,P1
ml-scenario-165-gitlab-trivy-vuln-1,gitlab-trivy-vuln-1,8.6,high,dependency_vulnerability,GitLab,maven,production,1,1,high,runtime,high,high,high,high,high,high,0.9,0,1,1,0,0,1,1,P1
ml-scenario-166-gitlab-trivy-vuln-1,gitlab-trivy-vuln-1,10.0,critical,dependency_vulnerability,GitLab,maven,production,1,1,high,runtime,high,high,high,high,high,high,0.9,0,1,1,0,0,1,1,P1
ml-scenario-168-github-dependabot-1,github-dependabot-1,7.7,high,dependency_vulnerability,GitHub,maven,production,1,1,high,runtime,high,high,high,high,high,high,0.9,0,1,1,0,0,1,1,P1
ml-scenario-169-gitlab-trivy-misconfig-4,gitlab-trivy-misconfig-4,0.6,low,misconfiguration,GitLab,,production,0,1,high,build,medium,medium,high,medium,medium,medium,0.9,0,0,0,0,1,0,0,P3
ml-scenario-170-github-dependabot-5,github-dependabot-5,0.9,low,dependency_vulnerability,GitHub,maven,production,1,1,high,runtime,high,high,high,high,high,high,0.9,0,0,1,0,0,0,1,P3
ml-scenario-171-github-dependabot-3,github-dependabot-3,9.3,critical,dependency_vulnerability,GitHub,maven,production,1,1,high,runtime,high,high,high,high,high,high,0.9,0,0,1,0,1,0,1,P1
ml-scenario-172-github-dependabot-4,github-dependabot-4,7.1,high,dependency_vulnerability,GitHub,maven,production,1,1,high,runtime,high,high,high,high,high,high,0.9,0,1,1,0,0,1,1,P1
ml-scenario-174-github-dependabot-2,github-dependabot-2,8.1,high,dependency_vulnerability,GitHub,maven,production,1,1,high,runtime,high,high,high,high,high,high,0.9,0,1,1,0,0,1,1,P1
ml-scenario-175-gitlab-trivy-vuln-6,gitlab-trivy-vuln-6,6.5,medium,dependency_vulnerability,GitLab,maven,production,1,1,high,runtime,high,high,high,high,high,high,0.9,0,0,1,0,0,0,1,P2
ml-scenario-176-github-dependabot-5,github-dependabot-5,0.3,low,dependency_vulnerability,GitHub,maven,production,1,1,high,runtime,high,high,high,high,high,high,0.9,0,0,1,0,0,0,1,P3
ml-scenario-177-github-dependabot-4,github-dependabot-4,5.0,medium,dependency_vulnerability,GitHub,maven,production,1,1,high,runtime,high,high,high,high,high,high,0.9,0,1,1,0,0,1,1,P2
ml-scenario-178-github-dependabot-1,github-dependabot-1,7.8,high,dependency_vulnerability,GitHub,maven,production,1,1,high,runtime,high,high,high,high,high,high,0.9,0,1,1,0,0,1,1,P1
ml-scenario-179-gitlab-trivy-vuln-1,gitlab-trivy-vuln-1,10.0,critical,dependency_vulnerability,GitLab,maven,production,1,1,high,runtime,high,high,high,high,high,high,0.9,0,1,1,0,0,1,1,P1
ml-scenario-180-github-dependabot-4,github-dependabot-4,4.8,medium,dependency_vulnerability,GitHub,maven,production,1,1,high,runtime,high,high,high,high,high,high,0.9,0,1,1,0,0,1,1,P2
ml-scenario-181-gitlab-trivy-misconfig-1,gitlab-trivy-misconfig-1,0.0,low,misconfiguration,GitLab,,production,0,1,high,build,medium,medium,high,medium,medium,medium,0.9,0,1,0,0,0,0,0,P4
ml-scenario-182-github-dependabot-4,github-dependabot-4,4.9,medium,dependency_vulnerability,GitHub,maven,production,1,1,high,runtime,high,high,high,high,high,high,0.9,0,1,1,0,0,1,1,P2
ml-scenario-184-gitlab-trivy-vuln-4,gitlab-trivy-vuln-4,7.1,high,dependency_vulnerability,GitLab,maven,production,1,1,high,runtime,high,high,high,high,high,high,0.9,0,1,0,0,0,1,1,P1
ml-scenario-185-gitlab-trivy-vuln-4,gitlab-trivy-vuln-4,5.3,medium,dependency_vulnerability,GitLab,maven,production,1,1,high,runtime,high,high,high,high,high,high,0.9,0,1,0,0,0,1,1,P2
ml-scenario-187-gitlab-trivy-misconfig-4,gitlab-trivy-misconfig-4,0.0,low,misconfiguration,GitLab,,production,0,1,high,build,medium,medium,high,medium,medium,medium,0.9,0,0,0,0,1,0,0,P4
ml-scenario-188-github-dependabot-2,github-dependabot-2,7.9,high,dependency_vulnerability,GitHub,maven,production,1,1,high,runtime,high,high,high,high,high,high,0.9,0,1,1,0,0,1,1,P1
ml-scenario-189-gitlab-trivy-vuln-4,gitlab-trivy-vuln-4,4.7,medium,dependency_vulnerability,GitLab,maven,production,1,1,high,runtime,high,high,high,high,high,high,0.9,0,1,0,0,0,1,1,P2
ml-scenario-190-gitlab-trivy-vuln-4,gitlab-trivy-vuln-4,4.2,medium,dependency_vulnerability,GitLab,maven,production,1,1,high,runtime,high,high,high,high,high,high,0.9,0,1,0,0,0,1,1,P2
ml-scenario-191-github-dependabot-5,github-dependabot-5,0.0,low,dependency_vulnerability,GitHub,maven,production,1,1,high,runtime,high,high,high,high,high,high,0.9,0,0,1,0,0,0,1,P3
ml-scenario-192-gitlab-trivy-vuln-6,gitlab-trivy-vuln-6,5.3,medium,dependency_vulnerability,GitLab,maven,production,1,1,high,runtime,high,high,high,high,high,high,0.9,0,0,1,0,0,0,1,P2
ml-scenario-195-github-dependabot-5,github-dependabot-5,0.0,low,dependency_vulnerability,GitHub,maven,production,1,1,high,runtime,high,high,high,high,high,high,0.9,0,0,1,0,0,0,1,P3
ml-scenario-196-gitlab-trivy-misconfig-4,gitlab-trivy-misconfig-4,0.0,low,misconfiguration,GitLab,,production,0,1,high,build,medium,medium,high,medium,medium,medium,0.9,0,0,0,0,1,0,0,P4
ml-scenario-198-gitlab-trivy-vuln-2,gitlab-trivy-vuln-2,9.9,critical,dependency_vulnerability,GitLab,maven,production,1,1,high,runtime,high,high,high,high,high,high,0.9,0,1,1,1,1,1,1,P1
ml-scenario-199-gitlab-trivy-vuln-6,gitlab-trivy-vuln-6,6.0,medium,dependency_vulnerability,GitLab,maven,production,1,1,high,runtime,high,high,high,high,high,high,0.9,0,0,1,0,0,0,1,P2
ml-scenario-200-github-dependabot-1,github-dependabot-1,9.0,critical,dependency_vulnerability,GitHub,maven,production,1,1,high,runtime,high,high,high,high,high,high,0.9,0,1,1,0,0,1,1,P1
ml-scenario-201-gitlab-trivy-vuln-5,gitlab-trivy-vuln-5,5.6,medium,dependency_vulnerability,GitLab,maven,production,1,1,high,runtime,high,high,high,high,high,high,0.9,0,0,1,1,0,0,1,P2
ml-scenario-202-github-dependabot-5,github-dependabot-5,0.0,low,dependency_vulnerability,GitHub,maven,production,1,1,high,runtime,high,high,high,high,high,high,0.9,0,0,1,0,0,0,1,P3
ml-scenario-203-gitlab-trivy-vuln-5,gitlab-trivy-vuln-5,5.7,medium,dependency_vulnerability,GitLab,maven,production,1,1,high,runtime,high,high,high,high,high,high,0.9,0,0,1,1,0,0,1,P2
ml-scenario-205-github-dependabot-6,github-dependabot-6,0.0,low,dependency_vulnerability,GitHub,maven,production,1,1,high,runtime,high,high,high,high,high,high,0.9,0,0,1,0,0,0,1,P3
ml-scenario-207-gitlab-trivy-vuln-5,gitlab-trivy-vuln-5,5.2,medium,dependency_vulnerability,GitLab,maven,production,1,1,high,runtime,high,high,high,high,high,high,0.9,0,0,1,1,0,0,1,P2
ml-scenario-208-github-dependabot-2,github-dependabot-2,8.6,high,dependency_vulnerability,GitHub,maven,production,1,1,high,runtime,high,high,high,high,high,high,0.9,0,1,1,0,0,1,1,P1
ml-scenario-210-gitlab-trivy-vuln-6,gitlab-trivy-vuln-6,5.4,medium,dependency_vulnerability,GitLab,maven,production,1,1,high,runtime,high,high,high,high,high,high,0.9,0,0,1,0,0,0,1,P2
ml-scenario-211-gitlab-trivy-misconfig-1,gitlab-trivy-misconfig-1,0.0,low,misconfiguration,GitLab,,production,0,1,high,build,medium,medium,high,medium,medium,medium,0.9,0,1,0,0,0,0,0,P4
ml-scenario-214-gitlab-trivy-vuln-5,gitlab-trivy-vuln-5,5.6,medium,dependency_vulnerability,GitLab,maven,production,1,1,high,runtime,high,high,high,high,high,high,0.9,0,0,1,1,0,0,1,P2
ml-scenario-215-gitlab-trivy-vuln-6,gitlab-trivy-vuln-6,4.1,medium,dependency_vulnerability,GitLab,maven,production,1,1,high,runtime,high,high,high,high,high,high,0.9,0,0,1,0,0,0,1,P2
ml-scenario-216-github-dependabot-4,github-dependabot-4,6.5,medium,dependency_vulnerability,GitHub,maven,production,1,1,high,runtime,high,high,high,high,high,high,0.9,0,1,1,0,0,1,1,P2
ml-scenario-217-github-dependabot-4,github-dependabot-4,6.9,medium,dependency_vulnerability,GitHub,maven,production,1,1,high,runtime,high,high,high,high,high,high,0.9,0,1,1,0,0,1,1,P2
ml-scenario-218-github-dependabot-3,github-dependabot-3,6.2,medium,dependency_vulnerability,GitHub,maven,production,1,1,high,runtime,high,high,high,high,high,high,0.9,0,0,1,0,1,0,1,P2
ml-scenario-219-github-dependabot-4,github-dependabot-4,7.5,high,dependency_vulnerability,GitHub,maven,production,1,1,high,runtime,high,high,high,high,high,high,0.9,0,1,1,0,0,1,1,P1
ml-scenario-220-gitlab-trivy-vuln-2,gitlab-trivy-vuln-2,8.2,high,dependency_vulnerability,GitLab,maven,production,1,1,high,runtime,high,high,high,high,high,high,0.9,0,1,1,1,1,1,1,P1
ml-scenario-222-github-dependabot-6,github-dependabot-6,0.0,low,dependency_vulnerability,GitHub,maven,production,1,1,high,runtime,high,high,high,high,high,high,0.9,0,0,1,0,0,0,1,P3
ml-scenario-223-github-dependabot-4,github-dependabot-4,4.6,medium,dependency_vulnerability,GitHub,maven,production,1,1,high,runtime,high,high,high,high,high,high,0.9,0,1,1,0,0,1,1,P2
ml-scenario-224-github-dependabot-2,github-dependabot-2,10.0,critical,dependency_vulnerability,GitHub,maven,production,1,1,high,runtime,high,high,high,high,high,high,0.9,0,1,1,0,0,1,1,P1
ml-scenario-225-github-dependabot-1,github-dependabot-1,9.2,critical,dependency_vulnerability,GitHub,maven,production,1,1,high,runtime,high,high,high,high,high,high,0.9,0,1,1,0,0,1,1,P1
ml-scenario-226-github-dependabot-4,github-dependabot-4,4.7,medium,dependency_vulnerability,GitHub,maven,production,1,1,high,runtime,high,high,high,high,high,high,0.9,0,1,1,0,0,1,1,P2
ml-scenario-228-gitlab-trivy-misconfig-4,gitlab-trivy-misconfig-4,0.0,low,misconfiguration,GitLab,,production,0,1,high,build,medium,medium,high,medium,medium,medium,0.9,0,0,0,0,1,0,0,P4
ml-scenario-229-github-dependabot-1,github-dependabot-1,8.1,high,dependency_vulnerability,GitHub,maven,production,1,1,high,runtime,high,high,high,high,high,high,0.9,0,1,1,0,0,1,1,P1
ml-scenario-230-gitlab-trivy-misconfig-1,gitlab-trivy-misconfig-1,0.0,low,misconfiguration,GitLab,,production,0,1,high,build,medium,medium,high,medium,medium,medium,0.9,0,1,0,0,0,0,0,P4
ml-scenario-231-gitlab-trivy-misconfig-4,gitlab-trivy-misconfig-4,0.0,low,misconfiguration,GitLab,,production,0,1,high,build,medium,medium,high,medium,medium,medium,0.9,0,0,0,0,1,0,0,P4
ml-scenario-232-gitlab-trivy-misconfig-1,gitlab-trivy-misconfig-1,0.0,low,misconfiguration,GitLab,,production,0,1,high,build,medium,medium,high,medium,medium,medium,0.9,0,1,0,0,0,0,0,P4
ml-scenario-234-gitlab-trivy-misconfig-4,gitlab-trivy-misconfig-4,0.0,low,misconfiguration,GitLab,,production,0,1,high,build,medium,medium,high,medium,medium,medium,0.9,0,0,0,0,1,0,0,P4
ml-scenario-237-github-dependabot-4,github-dependabot-4,7.0,high,dependency_vulnerability,GitHub,maven,production,1,1,high,runtime,high,high,high,high,high,high,0.9,0,1,1,0,0,1,1,P1
ml-scenario-238-gitlab-trivy-vuln-4,gitlab-trivy-vuln-4,6.8,medium,dependency_vulnerability,GitLab,maven,production,1,1,high,runtime,high,high,high,high,high,high,0.9,0,1,0,0,0,1,1,P2
ml-scenario-240-github-dependabot-4,github-dependabot-4,5.1,medium,dependency_vulnerability,GitHub,maven,production,1,1,high,runtime,high,high,high,high,high,high,0.9,0,1,1,0,0,1,1,P2
ml-scenario-241-gitlab-trivy-vuln-2,gitlab-trivy-vuln-2,9.1,critical,dependency_vulnerability,GitLab,maven,production,1,1,high,runtime,high,high,high,high,high,high,0.9,0,1,1,1,1,1,1,P1
ml-scenario-242-github-dependabot-4,github-dependabot-4,5.1,medium,dependency_vulnerability,GitHub,maven,production,1,1,high,runtime,high,high,high,high,high,high,0.9,0,1,1,0,0,1,1,P2
ml-scenario-243-gitlab-trivy-vuln-6,gitlab-trivy-vuln-6,6.9,medium,dependency_vulnerability,GitLab,maven,production,1,1,high,runtime,high,high,high,high,high,high,0.9,0,0,1,0,0,0,1,P2
ml-scenario-244-gitlab-trivy-vuln-2,gitlab-trivy-vuln-2,7.1,high,dependency_vulnerability,GitLab,maven,production,1,1,high,runtime,high,high,high,high,high,high,0.9,0,1,1,1,1,1,1,P1
ml-scenario-245-github-dependabot-4,github-dependabot-4,5.4,medium,dependency_vulnerability,GitHub,maven,production,1,1,high,runtime,high,high,high,high,high,high,0.9,0,1,1,0,0,1,1,P2
ml-scenario-246-github-dependabot-3,github-dependabot-3,8.6,high,dependency_vulnerability,GitHub,maven,production,1,1,high,runtime,high,high,high,high,high,high,0.9,0,0,1,0,1,0,1,P1
ml-scenario-247-gitlab-trivy-vuln-2,gitlab-trivy-vuln-2,8.1,high,dependency_vulnerability,GitLab,maven,production,1,1,high,runtime,high,high,high,high,high,high,0.9,0,1,1,1,1,1,1,P1
ml-scenario-248-gitlab-trivy-vuln-6,gitlab-trivy-vuln-6,5.7,medium,dependency_vulnerability,GitLab,maven,production,1,1,high,runtime,high,high,high,high,high,high,0.9,0,0,1,0,0,0,1,P2
ml-scenario-249-github-dependabot-5,github-dependabot-5,0.0,low,dependency_vulnerability,GitHub,maven,production,1,1,high,runtime,high,high,high,high,high,high,0.9,0,0,1,0,0,0,1,P3
ml-scenario-250-github-dependabot-5,github-dependabot-5,0.0,low,dependency_vulnerability,GitHub,maven,production,1,1,high,runtime,high,high,high,high,high,high,0.9,0,0,1,0,0,0,1,P3
ml-scenario-251-github-dependabot-2,github-dependabot-2,10.0,critical,dependency_vulnerability,GitHub,maven,production,1,1,high,runtime,high,high,high,high,high,high,0.9,0,1,1,0,0,1,1,P1
ml-scenario-252-github-dependabot-6,github-dependabot-6,0.0,low,dependency_vulnerability,GitHub,maven,production,1,1,high,runtime,high,high,high,high,high,high,0.9,0,0,1,0,0,0,1,P3
ml-scenario-253-github-dependabot-7,github-dependabot-7,0.0,low,dependency_vulnerability,GitHub,maven,production,1,1,high,runtime,high,high,high,high,high,high,0.9,0,0,1,0,0,0,1,P3
ml-scenario-254-github-dependabot-6,github-dependabot-6,0.5,low,dependency_vulnerability,GitHub,maven,production,1,1,high,runtime,high,high,high,high,high,high,0.9,0,0,1,0,0,0,1,P3
ml-scenario-255-github-dependabot-5,github-dependabot-5,0.0,low,dependency_vulnerability,GitHub,maven,production,1,1,high,runtime,high,high,high,high,high,high,0.9,0,0,1,0,0,0,1,P3
ml-scenario-256-gitlab-trivy-misconfig-4,gitlab-trivy-misconfig-4,0.3,low,misconfiguration,GitLab,,production,0,1,high,build,medium,medium,high,medium,medium,medium,0.9,0,0,0,0,1,0,0,P3
ml-scenario-257-github-dependabot-4,github-dependabot-4,5.8,medium,dependency_vulnerability,GitHub,maven,production,1,1,high,runtime,high,high,high,high,high,high,0.9,0,1,1,0,0,1,1,P2
ml-scenario-258-gitlab-trivy-vuln-4,gitlab-trivy-vuln-4,5.6,medium,dependency_vulnerability,GitLab,maven,production,1,1,high,runtime,high,high,high,high,high,high,0.9,0,1,0,0,0,1,1,P2
ml-scenario-259-github-dependabot-2,github-dependabot-2,8.9,high,dependency_vulnerability,GitHub,maven,production,1,1,high,runtime,high,high,high,high,high,high,0.9,0,1,1,0,0,1,1,P1
ml-scenario-260-github-dependabot-6,github-dependabot-6,0.0,low,dependency_vulnerability,GitHub,maven,production,1,1,high,runtime,high,high,high,high,high,high,0.9,0,0,1,0,0,0,1,P3
ml-scenario-261-gitlab-trivy-misconfig-1,gitlab-trivy-misconfig-1,0.7,low,misconfiguration,GitLab,,production,0,1,high,build,medium,medium,high,medium,medium,medium,0.9,0,1,0,0,0,0,0,P3
ml-scenario-262-gitlab-trivy-misconfig-4,gitlab-trivy-misconfig-4,0.0,low,misconfiguration,GitLab,,production,0,1,high,build,medium,medium,high,medium,medium,medium,0.9,0,0,0,0,1,0,0,P4
ml-scenario-263-github-dependabot-6,github-dependabot-6,0.0,low,dependency_vulnerability,GitHub,maven,production,1,1,high,runtime,high,high,high,high,high,high,0.9,0,0,1,0,0,0,1,P3
ml-scenario-264-github-dependabot-2,github-dependabot-2,7.8,high,dependency_vulnerability,GitHub,maven,production,1,1,high,runtime,high,high,high,high,high,high,0.9,0,1,1,0,0,1,1,P1
ml-scenario-265-github-dependabot-5,github-dependabot-5,0.0,low,dependency_vulnerability,GitHub,maven,production,1,1,high,runtime,high,high,high,high,high,high,0.9,0,0,1,0,0,0,1,P3
ml-scenario-266-gitlab-trivy-misconfig-1,gitlab-trivy-misconfig-1,0.0,low,misconfiguration,GitLab,,production,0,1,high,build,medium,medium,high,medium,medium,medium,0.9,0,1,0,0,0,0,0,P4
ml-scenario-267-gitlab-trivy-vuln-4,gitlab-trivy-vuln-4,5.4,medium,dependency_vulnerability,GitLab,maven,production,1,1,high,runtime,high,high,high,high,high,high,0.9,0,1,0,0,0,1,1,P2
ml-scenario-269-gitlab-trivy-vuln-6,gitlab-trivy-vuln-6,6.5,medium,dependency_vulnerability,GitLab,maven,production,1,1,high,runtime,high,high,high,high,high,high,0.9,0,0,1,0,0,0,1,P2
ml-scenario-270-github-dependabot-6,github-dependabot-6,0.0,low,dependency_vulnerability,GitHub,maven,production,1,1,high,runtime,high,high,high,high,high,high,0.9,0,0,1,0,0,0,1,P3
ml-scenario-271-github-dependabot-5,github-dependabot-5,0.0,low,dependency_vulnerability,GitHub,maven,production,1,1,high,runtime,high,high,high,high,high,high,0.9,0,0,1,0,0,0,1,P3
ml-scenario-272-gitlab-trivy-vuln-2,gitlab-trivy-vuln-2,8.2,high,dependency_vulnerability,GitLab,maven,production,1,1,high,runtime,high,high,high,high,high,high,0.9,0,1,1,1,1,1,1,P1
ml-scenario-273-gitlab-trivy-misconfig-4,gitlab-trivy-misconfig-4,0.0,low,misconfiguration,GitLab,,production,0,1,high,build,medium,medium,high,medium,medium,medium,0.9,0,0,0,0,1,0,0,P4
ml-scenario-274-github-dependabot-7,github-dependabot-7,0.0,low,dependency_vulnerability,GitHub,maven,production,1,1,high,runtime,high,high,high,high,high,high,0.9,0,0,1,0,0,0,1,P3
ml-scenario-275-gitlab-trivy-vuln-2,gitlab-trivy-vuln-2,9.3,critical,dependency_vulnerability,GitLab,maven,production,1,1,high,runtime,high,high,high,high,high,high,0.9,0,1,1,1,1,1,1,P1
ml-scenario-276-gitlab-trivy-vuln-1,gitlab-trivy-vuln-1,10.0,critical,dependency_vulnerability,GitLab,maven,production,1,1,high,runtime,high,high,high,high,high,high,0.9,0,1,1,0,0,1,1,P1
ml-scenario-277-github-dependabot-4,github-dependabot-4,4.8,medium,dependency_vulnerability,GitHub,maven,production,1,1,high,runtime,high,high,high,high,high,high,0.9,0,1,1,0,0,1,1,P2
ml-scenario-278-github-dependabot-2,github-dependabot-2,9.7,critical,dependency_vulnerability,GitHub,maven,production,1,1,high,runtime,high,high,high,high,high,high,0.9,0,1,1,0,0,1,1,P1
ml-scenario-279-github-dependabot-4,github-dependabot-4,4.5,medium,dependency_vulnerability,GitHub,maven,production,1,1,high,runtime,high,high,high,high,high,high,0.9,0,1,1,0,0,1,1,P2
ml-scenario-280-github-dependabot-1,github-dependabot-1,8.5,high,dependency_vulnerability,GitHub,maven,production,1,1,high,runtime,high,high,high,high,high,high,0.9,0,1,1,0,0,1,1,P1
ml-scenario-282-gitlab-trivy-vuln-4,gitlab-trivy-vuln-4,6.8,medium,dependency_vulnerability,GitLab,maven,production,1,1,high,runtime,high,high,high,high,high,high,0.9,0,1,0,0,0,1,1,P2
ml-scenario-284-github-dependabot-1,github-dependabot-1,9.2,critical,dependency_vulnerability,GitHub,maven,production,1,1,high,runtime,high,high,high,high,high,high,0.9,0,1,1,0,0,1,1,P1
ml-scenario-286-github-dependabot-1,github-dependabot-1,8.5,high,dependency_vulnerability,GitHub,maven,production,1,1,high,runtime,high,high,high,high,high,high,0.9,0,1,1,0,0,1,1,P1
ml-scenario-287-gitlab-trivy-vuln-5,gitlab-trivy-vuln-5,5.8,medium,dependency_vulnerability,GitLab,maven,production,1,1,high,runtime,high,high,high,high,high,high,0.9,0,0,1,1,0,0,1,P2
ml-scenario-288-github-dependabot-6,github-dependabot-6,0.0,low,dependency_vulnerability,GitHub,maven,production,1,1,high,runtime,high,high,high,high,high,high,0.9,0,0,1,0,0,0,1,P3
ml-scenario-290-github-dependabot-4,github-dependabot-4,4.5,medium,dependency_vulnerability,GitHub,maven,production,1,1,high,runtime,high,high,high,high,high,high,0.9,0,1,1,0,0,1,1,P2
ml-scenario-291-gitlab-trivy-vuln-5,gitlab-trivy-vuln-5,6.8,medium,dependency_vulnerability,GitLab,maven,production,1,1,high,runtime,high,high,high,high,high,high,0.9,0,0,1,1,0,0,1,P2
ml-scenario-292-github-dependabot-1,github-dependabot-1,9.3,critical,dependency_vulnerability,GitHub,maven,production,1,1,high,runtime,high,high,high,high,high,high,0.9,0,1,1,0,0,1,1,P1
ml-scenario-293-gitlab-trivy-vuln-1,gitlab-trivy-vuln-1,8.7,high,dependency_vulnerability,GitLab,maven,production,1,1,high,runtime,high,high,high,high,high,high,0.9,0,1,1,0,0,1,1,P1
ml-scenario-294-github-dependabot-5,github-dependabot-5,0.0,low,dependency_vulnerability,GitHub,maven,production,1,1,high,runtime,high,high,high,high,high,high,0.9,0,0,1,0,0,0,1,P3
ml-scenario-295-gitlab-trivy-vuln-2,gitlab-trivy-vuln-2,8.4,high,dependency_vulnerability,GitLab,maven,production,1,1,high,runtime,high,high,high,high,high,high,0.9,0,1,1,1,1,1,1,P1
ml-scenario-296-gitlab-trivy-vuln-6,gitlab-trivy-vuln-6,3.8,low,dependency_vulnerability,GitLab,maven,production,1,1,high,runtime,high,high,high,high,high,high,0.9,0,0,1,0,0,0,1,P3
ml-scenario-297-github-dependabot-5,github-dependabot-5,0.4,low,dependency_vulnerability,GitHub,maven,production,1,1,high,runtime,high,high,high,high,high,high,0.9,0,0,1,0,0,0,1,P3
ml-scenario-298-github-dependabot-1,github-dependabot-1,8.0,high,dependency_vulnerability,GitHub,maven,production,1,1,high,runtime,high,high,high,high,high,high,0.9,0,1,1,0,0,1,1,P1
ml-scenario-299-github-dependabot-7,github-dependabot-7,0.0,low,dependency_vulnerability,GitHub,maven,production,1,1,high,runtime,high,high,high,high,high,high,0.9,0,0,1,0,0,0,1,P3
ml-scenario-300-gitlab-trivy-misconfig-1,gitlab-trivy-misconfig-1,0.0,low,misconfiguration,GitLab,,production,0,1,high,build,medium,medium,high,medium,medium,medium,0.9,0,1,0,0,0,0,0,P4
ml-scenario-301-github-dependabot-5,github-dependabot-5,0.0,low,dependency_vulnerability,GitHub,maven,production,1,1,high,runtime,high,high,high,high,high,high,0.9,0,0,1,0,0,0,1,P3
ml-scenario-303-gitlab-trivy-vuln-4,gitlab-trivy-vuln-4,6.3,medium,dependency_vulnerability,GitLab,maven,production,1,1,high,runtime,high,high,high,high,high,high,0.9,0,1,0,0,0,1,1,P2
ml-scenario-304-gitlab-trivy-misconfig-4,gitlab-trivy-misconfig-4,0.2,low,misconfiguration,GitLab,,production,0,1,high,build,medium,medium,high,medium,medium,medium,0.9,0,0,0,0,1,0,0,P3
ml-scenario-305-gitlab-trivy-misconfig-1,gitlab-trivy-misconfig-1,0.0,low,misconfiguration,GitLab,,production,0,1,high,build,medium,medium,high,medium,medium,medium,0.9,0,1,0,0,0,0,0,P4
ml-scenario-306-gitlab-trivy-vuln-4,gitlab-trivy-vuln-4,5.2,medium,dependency_vulnerability,GitLab,maven,production,1,1,high,runtime,high,high,high,high,high,high,0.9,0,1,0,0,0,1,1,P2
ml-scenario-307-github-dependabot-4,github-dependabot-4,7.0,high,dependency_vulnerability,GitHub,maven,production,1,1,high,runtime,high,high,high,high,high,high,0.9,0,1,1,0,0,1,1,P1
ml-scenario-308-gitlab-trivy-vuln-2,gitlab-trivy-vuln-2,7.6,high,dependency_vulnerability,GitLab,maven,production,1,1,high,runtime,high,high,high,high,high,high,0.9,0,1,1,1,1,1,1,P1
ml-scenario-309-gitlab-trivy-misconfig-1,gitlab-trivy-misconfig-1,0.0,low,misconfiguration,GitLab,,production,0,1,high,build,medium,medium,high,medium,medium,medium,0.9,0,1,0,0,0,0,0,P4
ml-scenario-310-gitlab-trivy-misconfig-1,gitlab-trivy-misconfig-1,0.0,low,misconfiguration,GitLab,,production,0,1,high,build,medium,medium,high,medium,medium,medium,0.9,0,1,0,0,0,0,0,P4
ml-scenario-311-github-dependabot-6,github-dependabot-6,0.0,low,dependency_vulnerability,GitHub,maven,production,1,1,high,runtime,high,high,high,high,high,high,0.9,0,0,1,0,0,0,1,P3
ml-scenario-314-github-dependabot-7,github-dependabot-7,0.3,low,dependency_vulnerability,GitHub,maven,production,1,1,high,runtime,high,high,high,high,high,high,0.9,0,0,1,0,0,0,1,P3
ml-scenario-315-gitlab-trivy-vuln-6,gitlab-trivy-vuln-6,4.8,medium,dependency_vulnerability,GitLab,maven,production,1,1,high,runtime,high,high,high,high,high,high,0.9,0,0,1,0,0,0,1,P2
ml-scenario-316-gitlab-trivy-vuln-4,gitlab-trivy-vuln-4,6.0,medium,dependency_vulnerability,GitLab,maven,production,1,1,high,runtime,high,high,high,high,high,high,0.9,0,1,0,0,0,1,1,P2
ml-scenario-318-gitlab-trivy-vuln-2,gitlab-trivy-vuln-2,7.4,high,dependency_vulnerability,GitLab,maven,production,1,1,high,runtime,high,high,high,high,high,high,0.9,0,1,1,1,1,1,1,P1
ml-scenario-319-github-dependabot-5,github-dependabot-5,0.0,low,dependency_vulnerability,GitHub,maven,production,1,1,high,runtime,high,high,high,high,high,high,0.9,0,0,1,0,0,0,1,P3
ml-scenario-320-github-dependabot-4,github-dependabot-4,6.5,medium,dependency_vulnerability,GitHub,maven,production,1,1,high,runtime,high,high,high,high,high,high,0.9,0,1,1,0,0,1,1,P2
ml-scenario-322-github-dependabot-2,github-dependabot-2,7.8,high,dependency_vulnerability,GitHub,maven,production,1,1,high,runtime,high,high,high,high,high,high,0.9,0,1,1,0,0,1,1,P1
ml-scenario-323-github-dependabot-4,github-dependabot-4,5.5,medium,dependency_vulnerability,GitHub,maven,production,1,1,high,runtime,high,high,high,high,high,high,0.9,0,1,1,0,0,1,1,P2
ml-scenario-324-github-dependabot-4,github-dependabot-4,5.2,medium,dependency_vulnerability,GitHub,maven,production,1,1,high,runtime,high,high,high,high,high,high,0.9,0,1,1,0,0,1,1,P2
ml-scenario-325-github-dependabot-7,github-dependabot-7,0.0,low,dependency_vulnerability,GitHub,maven,production,1,1,high,runtime,high,high,high,high,high,high,0.9,0,0,1,0,0,0,1,P3
ml-scenario-327-gitlab-trivy-misconfig-4,gitlab-trivy-misconfig-4,0.0,low,misconfiguration,GitLab,,production,0,1,high,build,medium,medium,high,medium,medium,medium,0.9,0,0,0,0,1,0,0,P4
ml-scenario-328-gitlab-trivy-misconfig-1,gitlab-trivy-misconfig-1,0.0,low,misconfiguration,GitLab,,production,0,1,high,build,medium,medium,high,medium,medium,medium,0.9,0,1,0,0,0,0,0,P4
ml-scenario-329-gitlab-trivy-vuln-4,gitlab-trivy-vuln-4,4.9,medium,dependency_vulnerability,GitLab,maven,production,1,1,high,runtime,high,high,high,high,high,high,0.9,0,1,0,0,0,1,1,P2
ml-scenario-331-gitlab-trivy-misconfig-4,gitlab-trivy-misconfig-4,0.8,low,misconfiguration,GitLab,,production,0,1,high,build,medium,medium,high,medium,medium,medium,0.9,0,0,0,0,1,0,0,P3
ml-scenario-335-github-dependabot-1,github-dependabot-1,9.4,critical,dependency_vulnerability,GitHub,maven,production,1,1,high,runtime,high,high,high,high,high,high,0.9,0,1,1,0,0,1,1,P1
ml-scenario-336-gitlab-trivy-vuln-5,gitlab-trivy-vuln-5,4.6,medium,dependency_vulnerability,GitLab,maven,production,1,1,high,runtime,high,high,high,high,high,high,0.9,0,0,1,1,0,0,1,P2
ml-scenario-338-gitlab-trivy-misconfig-4,gitlab-trivy-misconfig-4,0.0,low,misconfiguration,GitLab,,production,0,1,high,build,medium,medium,high,medium,medium,medium,0.9,0,0,0,0,1,0,0,P4
ml-scenario-339-gitlab-trivy-vuln-1,gitlab-trivy-vuln-1,10.0,critical,dependency_vulnerability,GitLab,maven,production,1,1,high,runtime,high,high,high,high,high,high,0.9,0,1,1,0,0,1,1,P1
ml-scenario-340-gitlab-trivy-misconfig-4,gitlab-trivy-misconfig-4,0.0,low,misconfiguration,GitLab,,production,0,1,high,build,medium,medium,high,medium,medium,medium,0.9,0,0,0,0,1,0,0,P4
ml-scenario-341-github-dependabot-3,github-dependabot-3,8.3,high,dependency_vulnerability,GitHub,maven,production,1,1,high,runtime,high,high,high,high,high,high,0.9,0,0,1,0,1,0,1,P1
ml-scenario-343-github-dependabot-2,github-dependabot-2,9.5,critical,dependency_vulnerability,GitHub,maven,production,1,1,high,runtime,high,high,high,high,high,high,0.9,0,1,1,0,0,1,1,P1
ml-scenario-345-gitlab-trivy-vuln-6,gitlab-trivy-vuln-6,4.4,medium,dependency_vulnerability,GitLab,maven,production,1,1,high,runtime,high,high,high,high,high,high,0.9,0,0,1,0,0,0,1,P2
ml-scenario-346-gitlab-trivy-vuln-1,gitlab-trivy-vuln-1,8.4,high,dependency_vulnerability,GitLab,maven,production,1,1,high,runtime,high,high,high,high,high,high,0.9,0,1,1,0,0,1,1,P1
ml-scenario-348-gitlab-trivy-vuln-2,gitlab-trivy-vuln-2,8.0,high,dependency_vulnerability,GitLab,maven,production,1,1,high,runtime,high,high,high,high,high,high,0.9,0,1,1,1,1,1,1,P1
ml-scenario-349-gitlab-trivy-vuln-2,gitlab-trivy-vuln-2,8.6,high,dependency_vulnerability,GitLab,maven,production,1,1,high,runtime,high,high,high,high,high,high,0.9,0,1,1,1,1,1,1,P1
ml-scenario-350-gitlab-trivy-vuln-1,gitlab-trivy-vuln-1,8.0,high,dependency_vulnerability,GitLab,maven,production,1,1,high,runtime,high,high,high,high,high,high,0.9,0,1,1,0,0,1,1,P1
ml-scenario-351-gitlab-trivy-vuln-5,gitlab-trivy-vuln-5,4.1,medium,dependency_vulnerability,GitLab,maven,production,1,1,high,runtime,high,high,high,high,high,high,0.9,0,0,1,1,0,0,1,P2
ml-scenario-352-github-dependabot-4,github-dependabot-4,4.5,medium,dependency_vulnerability,GitHub,maven,production,1,1,high,runtime,high,high,high,high,high,high,0.9,0,1,1,0,0,1,1,P2
ml-scenario-353-github-dependabot-5,github-dependabot-5,0.0,low,dependency_vulnerability,GitHub,maven,production,1,1,high,runtime,high,high,high,high,high,high,0.9,0,0,1,0,0,0,1,P3
ml-scenario-354-github-dependabot-4,github-dependabot-4,6.8,medium,dependency_vulnerability,GitHub,maven,production,1,1,high,runtime,high,high,high,high,high,high,0.9,0,1,1,0,0,1,1,P2
ml-scenario-355-github-dependabot-6,github-dependabot-6,0.0,low,dependency_vulnerability,GitHub,maven,production,1,1,high,runtime,high,high,high,high,high,high,0.9,0,0,1,0,0,0,1,P3
ml-scenario-356-gitlab-trivy-misconfig-1,gitlab-trivy-misconfig-1,0.0,low,misconfiguration,GitLab,,production,0,1,high,build,medium,medium,high,medium,medium,medium,0.9,0,1,0,0,0,0,0,P4
ml-scenario-357-github-dependabot-5,github-dependabot-5,0.0,low,dependency_vulnerability,GitHub,maven,production,1,1,high,runtime,high,high,high,high,high,high,0.9,0,0,1,0,0,0,1,P3
ml-scenario-358-gitlab-trivy-vuln-1,gitlab-trivy-vuln-1,9.6,critical,dependency_vulnerability,GitLab,maven,production,1,1,high,runtime,high,high,high,high,high,high,0.9,0,1,1,0,0,1,1,P1
ml-scenario-359-github-dependabot-1,github-dependabot-1,9.8,critical,dependency_vulnerability,GitHub,maven,production,1,1,high,runtime,high,high,high,high,high,high,0.9,0,1,1,0,0,1,1,P1
ml-scenario-361-gitlab-trivy-vuln-4,gitlab-trivy-vuln-4,6.4,medium,dependency_vulnerability,GitLab,maven,production,1,1,high,runtime,high,high,high,high,high,high,0.9,0,1,0,0,0,1,1,P2
ml-scenario-363-gitlab-trivy-misconfig-4,gitlab-trivy-misconfig-4,0.0,low,misconfiguration,GitLab,,production,0,1,high,build,medium,medium,high,medium,medium,medium,0.9,0,0,0,0,1,0,0,P4
ml-scenario-364-github-dependabot-2,github-dependabot-2,8.9,high,dependency_vulnerability,GitHub,maven,production,1,1,high,runtime,high,high,high,high,high,high,0.9,0,1,1,0,0,1,1,P1
ml-scenario-366-github-dependabot-4,github-dependabot-4,5.1,medium,dependency_vulnerability,GitHub,maven,production,1,1,high,runtime,high,high,high,high,high,high,0.9,0,1,1,0,0,1,1,P2
ml-scenario-367-gitlab-trivy-vuln-5,gitlab-trivy-vuln-5,6.3,medium,dependency_vulnerability,GitLab,maven,production,1,1,high,runtime,high,high,high,high,high,high,0.9,0,0,1,1,0,0,1,P2
ml-scenario-368-gitlab-trivy-misconfig-1,gitlab-trivy-misconfig-1,0.0,low,misconfiguration,GitLab,,production,0,1,high,build,medium,medium,high,medium,medium,medium,0.9,0,1,0,0,0,0,0,P4
ml-scenario-369-github-dependabot-4,github-dependabot-4,7.3,high,dependency_vulnerability,GitHub,maven,production,1,1,high,runtime,high,high,high,high,high,high,0.9,0,1,1,0,0,1,1,P1
ml-scenario-371-gitlab-trivy-misconfig-4,gitlab-trivy-misconfig-4,0.0,low,misconfiguration,GitLab,,production,0,1,high,build,medium,medium,high,medium,medium,medium,0.9,0,0,0,0,1,0,0,P4
ml-scenario-372-github-dependabot-3,github-dependabot-3,9.3,critical,dependency_vulnerability,GitHub,maven,production,1,1,high,runtime,high,high,high,high,high,high,0.9,0,0,1,0,1,0,1,P1
ml-scenario-373-github-dependabot-3,github-dependabot-3,6.3,medium,dependency_vulnerability,GitHub,maven,production,1,1,high,runtime,high,high,high,high,high,high,0.9,0,0,1,0,1,0,1,P2
ml-scenario-375-gitlab-trivy-vuln-5,gitlab-trivy-vuln-5,5.3,medium,dependency_vulnerability,GitLab,maven,production,1,1,high,runtime,high,high,high,high,high,high,0.9,0,0,1,1,0,0,1,P2
ml-scenario-376-gitlab-trivy-misconfig-1,gitlab-trivy-misconfig-1,0.0,low,misconfiguration,GitLab,,production,0,1,high,build,medium,medium,high,medium,medium,medium,0.9,0,1,0,0,0,0,0,P4
ml-scenario-377-github-dependabot-6,github-dependabot-6,0.8,low,dependency_vulnerability,GitHub,maven,production,1,1,high,runtime,high,high,high,high,high,high,0.9,0,0,1,0,0,0,1,P3
ml-scenario-379-gitlab-trivy-misconfig-1,gitlab-trivy-misconfig-1,0.0,low,misconfiguration,GitLab,,production,0,1,high,build,medium,medium,high,medium,medium,medium,0.9,0,1,0,0,0,0,0,P4
ml-scenario-380-gitlab-trivy-vuln-1,gitlab-trivy-vuln-1,10.0,critical,dependency_vulnerability,GitLab,maven,production,1,1,high,runtime,high,high,high,high,high,high,0.9,0,1,1,0,0,1,1,P1
ml-scenario-381-gitlab-trivy-vuln-6,gitlab-trivy-vuln-6,5.9,medium,dependency_vulnerability,GitLab,maven,production,1,1,high,runtime,high,high,high,high,high,high,0.9,0,0,1,0,0,0,1,P2
ml-scenario-382-github-dependabot-2,github-dependabot-2,7.8,high,dependency_vulnerability,GitHub,maven,production,1,1,high,runtime,high,high,high,high,high,high,0.9,0,1,1,0,0,1,1,P1
ml-scenario-383-github-dependabot-2,github-dependabot-2,10.0,critical,dependency_vulnerability,GitHub,maven,production,1,1,high,runtime,high,high,high,high,high,high,0.9,0,1,1,0,0,1,1,P1
ml-scenario-384-gitlab-trivy-vuln-4,gitlab-trivy-vuln-4,6.1,medium,dependency_vulnerability,GitLab,maven,production,1,1,high,runtime,high,high,high,high,high,high,0.9,0,1,0,0,0,1,1,P2
ml-scenario-386-gitlab-trivy-misconfig-1,gitlab-trivy-misconfig-1,0.7,low,misconfiguration,GitLab,,production,0,1,high,build,medium,medium,high,medium,medium,medium,0.9,0,1,0,0,0,0,0,P3
ml-scenario-388-github-dependabot-5,github-dependabot-5,0.0,low,dependency_vulnerability,GitHub,maven,production,1,1,high,runtime,high,high,high,high,high,high,0.9,0,0,1,0,0,0,1,P3
ml-scenario-391-gitlab-trivy-vuln-6,gitlab-trivy-vuln-6,4.9,medium,dependency_vulnerability,GitLab,maven,production,1,1,high,runtime,high,high,high,high,high,high,0.9,0,0,1,0,0,0,1,P2
ml-scenario-392-github-dependabot-1,github-dependabot-1,9.5,critical,dependency_vulnerability,GitHub,maven,production,1,1,high,runtime,high,high,high,high,high,high,0.9,0,1,1,0,0,1,1,P1
ml-scenario-393-gitlab-trivy-vuln-6,gitlab-trivy-vuln-6,5.2,medium,dependency_vulnerability,GitLab,maven,production,1,1,high,runtime,high,high,high,high,high,high,0.9,0,0,1,0,0,0,1,P2
ml-scenario-395-github-dependabot-6,github-dependabot-6,0.3,low,dependency_vulnerability,GitHub,maven,production,1,1,high,runtime,high,high,high,high,high,high,0.9,0,0,1,0,0,0,1,P3
ml-scenario-396-gitlab-trivy-misconfig-4,gitlab-trivy-misconfig-4,0.0,low,misconfiguration,GitLab,,production,0,1,high,build,medium,medium,high,medium,medium,medium,0.9,0,0,0,0,1,0,0,P4
ml-scenario-397-gitlab-trivy-vuln-2,gitlab-trivy-vuln-2,7.7,high,dependency_vulnerability,GitLab,maven,production,1,1,high,runtime,high,high,high,high,high,high,0.9,0,1,1,1,1,1,1,P1
ml-scenario-398-gitlab-trivy-vuln-6,gitlab-trivy-vuln-6,4.2,medium,dependency_vulnerability,GitLab,maven,production,1,1,high,runtime,high,high,high,high,high,high,0.9,0,0,1,0,0,0,1,P2
ml-scenario-399-github-dependabot-6,github-dependabot-6,0.5,low,dependency_vulnerability,GitHub,maven,production,1,1,high,runtime,high,high,high,high,high,high,0.9,0,0,1,0,0,0,1,P3
ml-scenario-400-github-dependabot-2,github-dependabot-2,9.8,critical,dependency_vulnerability,GitHub,maven,production,1,1,high,runtime,high,high,high,high,high,high,0.9,0,1,1,0,0,1,1,P1
ml-scenario-401-gitlab-trivy-misconfig-4,gitlab-trivy-misconfig-4,0.0,low,misconfiguration,GitLab,,production,0,1,high,build,medium,medium,high,medium,medium,medium,0.9,0,0,0,0,1,0,0,P4
ml-scenario-402-gitlab-trivy-vuln-1,gitlab-trivy-vuln-1,8.2,high,dependency_vulnerability,GitLab,maven,production,1,1,high,runtime,high,high,high,high,high,high,0.9,0,1,1,0,0,1,1,P1
ml-scenario-403-github-dependabot-7,github-dependabot-7,0.0,low,dependency_vulnerability,GitHub,maven,production,1,1,high,runtime,high,high,high,high,high,high,0.9,0,0,1,0,0,0,1,P3
ml-scenario-405-gitlab-trivy-vuln-1,gitlab-trivy-vuln-1,8.2,high,dependency_vulnerability,GitLab,maven,production,1,1,high,runtime,high,high,high,high,high,high,0.9,0,1,1,0,0,1,1,P1
ml-scenario-406-gitlab-trivy-misconfig-4,gitlab-trivy-misconfig-4,0.0,low,misconfiguration,GitLab,,production,0,1,high,build,medium,medium,high,medium,medium,medium,0.9,0,0,0,0,1,0,0,P4
ml-scenario-407-gitlab-trivy-vuln-5,gitlab-trivy-vuln-5,5.3,medium,dependency_vulnerability,GitLab,maven,production,1,1,high,runtime,high,high,high,high,high,high,0.9,0,0,1,1,0,0,1,P2
ml-scenario-409-github-dependabot-4,github-dependabot-4,6.6,medium,dependency_vulnerability,GitHub,maven,production,1,1,high,runtime,high,high,high,high,high,high,0.9,0,1,1,0,0,1,1,P2
ml-scenario-410-gitlab-trivy-vuln-5,gitlab-trivy-vuln-5,5.7,medium,dependency_vulnerability,GitLab,maven,production,1,1,high,runtime,high,high,high,high,high,high,0.9,0,0,1,1,0,0,1,P2
ml-scenario-411-gitlab-trivy-misconfig-4,gitlab-trivy-misconfig-4,0.0,low,misconfiguration,GitLab,,production,0,1,high,build,medium,medium,high,medium,medium,medium,0.9,0,0,0,0,1,0,0,P4
ml-scenario-412-github-dependabot-4,github-dependabot-4,7.6,high,dependency_vulnerability,GitHub,maven,production,1,1,high,runtime,high,high,high,high,high,high,0.9,0,1,1,0,0,1,1,P1
ml-scenario-413-github-dependabot-1,github-dependabot-1,8.1,high,dependency_vulnerability,GitHub,maven,production,1,1,high,runtime,high,high,high,high,high,high,0.9,0,1,1,0,0,1,1,P1
ml-scenario-414-github-dependabot-1,github-dependabot-1,8.8,high,dependency_vulnerability,GitHub,maven,production,1,1,high,runtime,high,high,high,high,high,high,0.9,0,1,1,0,0,1,1,P1
ml-scenario-415-github-dependabot-3,github-dependabot-3,7.8,high,dependency_vulnerability,GitHub,maven,production,1,1,high,runtime,high,high,high,high,high,high,0.9,0,0,1,0,1,0,1,P1
ml-scenario-416-gitlab-trivy-vuln-5,gitlab-trivy-vuln-5,5.6,medium,dependency_vulnerability,GitLab,maven,production,1,1,high,runtime,high,high,high,high,high,high,0.9,0,0,1,1,0,0,1,P2
ml-scenario-417-gitlab-trivy-vuln-4,gitlab-trivy-vuln-4,5.6,medium,dependency_vulnerability,GitLab,maven,production,1,1,high,runtime,high,high,high,high,high,high,0.9,0,1,0,0,0,1,1,P2
ml-scenario-419-github-dependabot-4,github-dependabot-4,5.7,medium,dependency_vulnerability,GitHub,maven,production,1,1,high,runtime,high,high,high,high,high,high,0.9,0,1,1,0,0,1,1,P2
ml-scenario-420-github-dependabot-3,github-dependabot-3,7.4,high,dependency_vulnerability,GitHub,maven,production,1,1,high,runtime,high,high,high,high,high,high,0.9,0,0,1,0,1,0,1,P1
ml-scenario-422-github-dependabot-3,github-dependabot-3,9.1,critical,dependency_vulnerability,GitHub,maven,production,1,1,high,runtime,high,high,high,high,high,high,0.9,0,0,1,0,1,0,1,P1
ml-scenario-423-gitlab-trivy-vuln-4,gitlab-trivy-vuln-4,6.8,medium,dependency_vulnerability,GitLab,maven,production,1,1,high,runtime,high,high,high,high,high,high,0.9,0,1,0,0,0,1,1,P2
ml-scenario-424-github-dependabot-5,github-dependabot-5,0.0,low,dependency_vulnerability,GitHub,maven,production,1,1,high,runtime,high,high,high,high,high,high,0.9,0,0,1,0,0,0,1,P3
ml-scenario-426-github-dependabot-2,github-dependabot-2,8.5,high,dependency_vulnerability,GitHub,maven,production,1,1,high,runtime,high,high,high,high,high,high,0.9,0,1,1,0,0,1,1,P1
ml-scenario-427-gitlab-trivy-vuln-5,gitlab-trivy-vuln-5,6.7,medium,dependency_vulnerability,GitLab,maven,production,1,1,high,runtime,high,high,high,high,high,high,0.9,0,0,1,1,0,0,1,P2
ml-scenario-429-gitlab-trivy-misconfig-1,gitlab-trivy-misconfig-1,0.0,low,misconfiguration,GitLab,,production,0,1,high,build,medium,medium,high,medium,medium,medium,0.9,0,1,0,0,0,0,0,P4
ml-scenario-430-github-dependabot-7,github-dependabot-7,0.0,low,dependency_vulnerability,GitHub,maven,production,1,1,high,runtime,high,high,high,high,high,high,0.9,0,0,1,0,0,0,1,P3
ml-scenario-431-gitlab-trivy-misconfig-4,gitlab-trivy-misconfig-4,0.0,low,misconfiguration,GitLab,,production,0,1,high,build,medium,medium,high,medium,medium,medium,0.9,0,0,0,0,1,0,0,P4
ml-scenario-432-gitlab-trivy-vuln-6,gitlab-trivy-vuln-6,6.8,medium,dependency_vulnerability,GitLab,maven,production,1,1,high,runtime,high,high,high,high,high,high,0.9,0,0,1,0,0,0,1,P2
ml-scenario-433-github-dependabot-4,github-dependabot-4,6.1,medium,dependency_vulnerability,GitHub,maven,production,1,1,high,runtime,high,high,high,high,high,high,0.9,0,1,1,0,0,1,1,P2
ml-scenario-434-github-dependabot-4,github-dependabot-4,7.1,high,dependency_vulnerability,GitHub,maven,production,1,1,high,runtime,high,high,high,high,high,high,0.9,0,1,1,0,0,1,1,P1
ml-scenario-435-github-dependabot-5,github-dependabot-5,0.0,low,dependency_vulnerability,GitHub,maven,production,1,1,high,runtime,high,high,high,high,high,high,0.9,0,0,1,0,0,0,1,P3
ml-scenario-437-github-dependabot-6,github-dependabot-6,0.0,low,dependency_vulnerability,GitHub,maven,production,1,1,high,runtime,high,high,high,high,high,high,0.9,0,0,1,0,0,0,1,P3
ml-scenario-438-github-dependabot-3,github-dependabot-3,7.8,high,dependency_vulnerability,GitHub,maven,production,1,1,high,runtime,high,high,high,high,high,high,0.9,0,0,1,0,1,0,1,P1
ml-scenario-439-gitlab-trivy-vuln-1,gitlab-trivy-vuln-1,7.9,high,dependency_vulnerability,GitLab,maven,production,1,1,high,runtime,high,high,high,high,high,high,0.9,0,1,1,0,0,1,1,P1
ml-scenario-440-gitlab-trivy-vuln-6,gitlab-trivy-vuln-6,6.8,medium,dependency_vulnerability,GitLab,maven,production,1,1,high,runtime,high,high,high,high,high,high,0.9,0,0,1,0,0,0,1,P2
ml-scenario-441-gitlab-trivy-misconfig-1,gitlab-trivy-misconfig-1,0.0,low,misconfiguration,GitLab,,production,0,1,high,build,medium,medium,high,medium,medium,medium,0.9,0,1,0,0,0,0,0,P4
ml-scenario-442-gitlab-trivy-misconfig-1,gitlab-trivy-misconfig-1,0.0,low,misconfiguration,GitLab,,production,0,1,high,build,medium,medium,high,medium,medium,medium,0.9,0,1,0,0,0,0,0,P4
ml-scenario-443-github-dependabot-3,github-dependabot-3,7.5,high,dependency_vulnerability,GitHub,maven,production,1,1,high,runtime,high,high,high,high,high,high,0.9,0,0,1,0,1,0,1,P1
ml-scenario-444-github-dependabot-3,github-dependabot-3,6.4,medium,dependency_vulnerability,GitHub,maven,production,1,1,high,runtime,high,high,high,high,high,high,0.9,0,0,1,0,1,0,1,P2
ml-scenario-445-gitlab-trivy-vuln-4,gitlab-trivy-vuln-4,5.3,medium,dependency_vulnerability,GitLab,maven,production,1,1,high,runtime,high,high,high,high,high,high,0.9,0,1,0,0,0,1,1,P2
ml-scenario-446-github-dependabot-6,github-dependabot-6,0.0,low,dependency_vulnerability,GitHub,maven,production,1,1,high,runtime,high,high,high,high,high,high,0.9,0,0,1,0,0,0,1,P3
ml-scenario-447-gitlab-trivy-vuln-6,gitlab-trivy-vuln-6,6.8,medium,dependency_vulnerability,GitLab,maven,production,1,1,high,runtime,high,high,high,high,high,high,0.9,0,0,1,0,0,0,1,P2
ml-scenario-448-gitlab-trivy-misconfig-4,gitlab-trivy-misconfig-4,0.0,low,misconfiguration,GitLab,,production,0,1,high,build,medium,medium,high,medium,medium,medium,0.9,0,0,0,0,1,0,0,P4
ml-scenario-449-gitlab-trivy-vuln-6,gitlab-trivy-vuln-6,6.0,medium,dependency_vulnerability,GitLab,maven,production,1,1,high,runtime,high,high,high,high,high,high,0.9,0,0,1,0,0,0,1,P2
ml-scenario-451-gitlab-trivy-vuln-1,gitlab-trivy-vuln-1,9.7,critical,dependency_vulnerability,GitLab,maven,production,1,1,high,runtime,high,high,high,high,high,high,0.9,0,1,1,0,0,1,1,P1
ml-scenario-452-github-dependabot-4,github-dependabot-4,6.3,medium,dependency_vulnerability,GitHub,maven,production,1,1,high,runtime,high,high,high,high,high,high,0.9,0,1,1,0,0,1,1,P2
ml-scenario-453-gitlab-trivy-vuln-5,gitlab-trivy-vuln-5,7.3,high,dependency_vulnerability,GitLab,maven,production,1,1,high,runtime,high,high,high,high,high,high,0.9,0,0,1,1,0,0,1,P1
ml-scenario-454-gitlab-trivy-vuln-2,gitlab-trivy-vuln-2,8.1,high,dependency_vulnerability,GitLab,maven,production,1,1,high,runtime,high,high,high,high,high,high,0.9,0,1,1,1,1,1,1,P1
ml-scenario-455-github-dependabot-1,github-dependabot-1,9.2,critical,dependency_vulnerability,GitHub,maven,production,1,1,high,runtime,high,high,high,high,high,high,0.9,0,1,1,0,0,1,1,P1
ml-scenario-456-github-dependabot-1,github-dependabot-1,8.1,high,dependency_vulnerability,GitHub,maven,production,1,1,high,runtime,high,high,high,high,high,high,0.9,0,1,1,0,0,1,1,P1
ml-scenario-457-gitlab-trivy-vuln-5,gitlab-trivy-vuln-5,7.0,high,dependency_vulnerability,GitLab,maven,production,1,1,high,runtime,high,high,high,high,high,high,0.9,0,0,1,1,0,0,1,P1
ml-scenario-458-gitlab-trivy-vuln-1,gitlab-trivy-vuln-1,8.6,high,dependency_vulnerability,GitLab,maven,production,1,1,high,runtime,high,high,high,high,high,high,0.9,0,1,1,0,0,1,1,P1
ml-scenario-459-gitlab-trivy-vuln-1,gitlab-trivy-vuln-1,8.5,high,dependency_vulnerability,GitLab,maven,production,1,1,high,runtime,high,high,high,high,high,high,0.9,0,1,1,0,0,1,1,P1
ml-scenario-460-github-dependabot-7,github-dependabot-7,0.0,low,dependency_vulnerability,GitHub,maven,production,1,1,high,runtime,high,high,high,high,high,high,0.9,0,0,1,0,0,0,1,P3
ml-scenario-461-github-dependabot-4,github-dependabot-4,6.0,medium,dependency_vulnerability,GitHub,maven,production,1,1,high,runtime,high,high,high,high,high,high,0.9,0,1,1,0,0,1,1,P2
ml-scenario-463-gitlab-trivy-vuln-2,gitlab-trivy-vuln-2,8.7,high,dependency_vulnerability,GitLab,maven,production,1,1,high,runtime,high,high,high,high,high,high,0.9,0,1,1,1,1,1,1,P1
ml-scenario-464-github-dependabot-6,github-dependabot-6,0.0,low,dependency_vulnerability,GitHub,maven,production,1,1,high,runtime,high,high,high,high,high,high,0.9,0,0,1,0,0,0,1,P3
ml-scenario-465-github-dependabot-4,github-dependabot-4,5.8,medium,dependency_vulnerability,GitHub,maven,production,1,1,high,runtime,high,high,high,high,high,high,0.9,0,1,1,0,0,1,1,P2
ml-scenario-466-github-dependabot-3,github-dependabot-3,6.9,medium,dependency_vulnerability,GitHub,maven,production,1,1,high,runtime,high,high,high,high,high,high,0.9,0,0,1,0,1,0,1,P2
ml-scenario-467-gitlab-trivy-vuln-4,gitlab-trivy-vuln-4,5.7,medium,dependency_vulnerability,GitLab,maven,production,1,1,high,runtime,high,high,high,high,high,high,0.9,0,1,0,0,0,1,1,P2
ml-scenario-468-github-dependabot-2,github-dependabot-2,10.0,critical,dependency_vulnerability,GitHub,maven,production,1,1,high,runtime,high,high,high,high,high,high,0.9,0,1,1,0,0,1,1,P1
ml-scenario-469-gitlab-trivy-misconfig-1,gitlab-trivy-misconfig-1,0.7,low,misconfiguration,GitLab,,production,0,1,high,build,medium,medium,high,medium,medium,medium,0.9,0,1,0,0,0,0,0,P3
ml-scenario-470-gitlab-trivy-misconfig-4,gitlab-trivy-misconfig-4,0.0,low,misconfiguration,GitLab,,production,0,1,high,build,medium,medium,high,medium,medium,medium,0.9,0,0,0,0,1,0,0,P4
ml-scenario-471-gitlab-trivy-misconfig-1,gitlab-trivy-misconfig-1,0.8,low,misconfiguration,GitLab,,production,0,1,high,build,medium,medium,high,medium,medium,medium,0.9,0,1,0,0,0,0,0,P3
ml-scenario-472-gitlab-trivy-vuln-5,gitlab-trivy-vuln-5,6.0,medium,dependency_vulnerability,GitLab,maven,production,1,1,high,runtime,high,high,high,high,high,high,0.9,0,0,1,1,0,0,1,P2
ml-scenario-473-github-dependabot-5,github-dependabot-5,0.0,low,dependency_vulnerability,GitHub,maven,production,1,1,high,runtime,high,high,high,high,high,high,0.9,0,0,1,0,0,0,1,P3
ml-scenario-474-gitlab-trivy-misconfig-1,gitlab-trivy-misconfig-1,0.5,low,misconfiguration,GitLab,,production,0,1,high,build,medium,medium,high,medium,medium,medium,0.9,0,1,0,0,0,0,0,P3
ml-scenario-477-github-dependabot-6,github-dependabot-6,0.0,low,dependency_vulnerability,GitHub,maven,production,1,1,high,runtime,high,high,high,high,high,high,0.9,0,0,1,0,0,0,1,P3
ml-scenario-478-gitlab-trivy-vuln-5,gitlab-trivy-vuln-5,7.3,high,dependency_vulnerability,GitLab,maven,production,1,1,high,runtime,high,high,high,high,high,high,0.9,0,0,1,1,0,0,1,P1
ml-scenario-479-gitlab-trivy-vuln-5,gitlab-trivy-vuln-5,3.9,low,dependency_vulnerability,GitLab,maven,production,1,1,high,runtime,high,high,high,high,high,high,0.9,0,0,1,1,0,0,1,P3
ml-scenario-480-github-dependabot-6,github-dependabot-6,0.0,low,dependency_vulnerability,GitHub,maven,production,1,1,high,runtime,high,high,high,high,high,high,0.9,0,0,1,0,0,0,1,P3
ml-scenario-481-gitlab-trivy-vuln-1,gitlab-trivy-vuln-1,10.0,critical,dependency_vulnerability,GitLab,maven,production,1,1,high,runtime,high,high,high,high,high,high,0.9,0,1,1,0,0,1,1,P1
ml-scenario-483-gitlab-trivy-vuln-5,gitlab-trivy-vuln-5,6.5,medium,dependency_vulnerability,GitLab,maven,production,1,1,high,runtime,high,high,high,high,high,high,0.9,0,0,1,1,0,0,1,P2
ml-scenario-484-github-dependabot-4,github-dependabot-4,6.2,medium,dependency_vulnerability,GitHub,maven,production,1,1,high,runtime,high,high,high,high,high,high,0.9,0,1,1,0,0,1,1,P2
ml-scenario-485-github-dependabot-7,github-dependabot-7,0.0,low,dependency_vulnerability,GitHub,maven,production,1,1,high,runtime,high,high,high,high,high,high,0.9,0,0,1,0,0,0,1,P3
ml-scenario-487-github-dependabot-3,github-dependabot-3,8.3,high,dependency_vulnerability,GitHub,maven,production,1,1,high,runtime,high,high,high,high,high,high,0.9,0,0,1,0,1,0,1,P1
ml-scenario-488-gitlab-trivy-vuln-1,gitlab-trivy-vuln-1,8.6,high,dependency_vulnerability,GitLab,maven,production,1,1,high,runtime,high,high,high,high,high,high,0.9,0,1,1,0,0,1,1,P1
ml-scenario-489-gitlab-trivy-misconfig-1,gitlab-trivy-misconfig-1,0.0,low,misconfiguration,GitLab,,production,0,1,high,build,medium,medium,high,medium,medium,medium,0.9,0,1,0,0,0,0,0,P4
ml-scenario-490-github-dependabot-7,github-dependabot-7,0.1,low,dependency_vulnerability,GitHub,maven,production,1,1,high,runtime,high,high,high,high,high,high,0.9,0,0,1,0,0,0,1,P3
ml-scenario-491-gitlab-trivy-vuln-2,gitlab-trivy-vuln-2,9.8,critical,dependency_vulnerability,GitLab,maven,production,1,1,high,runtime,high,high,high,high,high,high,0.9,0,1,1,1,1,1,1,P1
ml-scenario-492-gitlab-trivy-vuln-6,gitlab-trivy-vuln-6,6.4,medium,dependency_vulnerability,GitLab,maven,production,1,1,high,runtime,high,high,high,high,high,high,0.9,0,0,1,0,0,0,1,P2
ml-scenario-494-gitlab-trivy-misconfig-4,gitlab-trivy-misconfig-4,0.6,low,misconfiguration,GitLab,,production,0,1,high,build,medium,medium,high,medium,medium,medium,0.9,0,0,0,0,1,0,0,P3
ml-scenario-495-github-dependabot-7,github-dependabot-7,0.0,low,dependency_vulnerability,GitHub,maven,production,1,1,high,runtime,high,high,high,high,high,high,0.9,0,0,1,0,0,0,1,P3
ml-scenario-496-gitlab-trivy-vuln-4,gitlab-trivy-vuln-4,7.0,high,dependency_vulnerability,GitLab,maven,production,1,1,high,runtime,high,high,high,high,high,high,0.9,0,1,0,0,0,1,1,P1
ml-scenario-497-gitlab-trivy-vuln-4,gitlab-trivy-vuln-4,7.3,high,dependency_vulnerability,GitLab,maven,production,1,1,high,runtime,high,high,high,high,high,high,0.9,0,1,0,0,0,1,1,P1
ml-scenario-499-gitlab-trivy-vuln-5,gitlab-trivy-vuln-5,6.4,medium,dependency_vulnerability,GitLab,maven,production,1,1,high,runtime,high,high,high,high,high,high,0.9,0,0,1,1,0,0,1,P2
ml-scenario-500-gitlab-trivy-vuln-6,gitlab-trivy-vuln-6,6.6,medium,dependency_vulnerability,GitLab,maven,production,1,1,high,runtime,high,high,high,high,high,high,0.9,0,0,1,0,0,0,1,P2
ml-scenario-501-gitlab-trivy-misconfig-1,gitlab-trivy-misconfig-1,0.9,low,misconfiguration,GitLab,,production,0,1,high,build,medium,medium,high,medium,medium,medium,0.9,0,1,0,0,0,0,0,P3
ml-scenario-502-github-dependabot-3,github-dependabot-3,8.7,high,dependency_vulnerability,GitHub,maven,production,1,1,high,runtime,high,high,high,high,high,high,0.9,0,0,1,0,1,0,1,P1
ml-scenario-503-github-dependabot-4,github-dependabot-4,7.1,high,dependency_vulnerability,GitHub,maven,production,1,1,high,runtime,high,high,high,high,high,high,0.9,0,1,1,0,0,1,1,P1
ml-scenario-504-github-dependabot-6,github-dependabot-6,0.9,low,dependency_vulnerability,GitHub,maven,production,1,1,high,runtime,high,high,high,high,high,high,0.9,0,0,1,0,0,0,1,P3
ml-scenario-505-gitlab-trivy-misconfig-4,gitlab-trivy-misconfig-4,0.0,low,misconfiguration,GitLab,,production,0,1,high,build,medium,medium,high,medium,medium,medium,0.9,0,0,0,0,1,0,0,P4
ml-scenario-506-github-dependabot-6,github-dependabot-6,0.0,low,dependency_vulnerability,GitHub,maven,production,1,1,high,runtime,high,high,high,high,high,high,0.9,0,0,1,0,0,0,1,P3
ml-scenario-507-gitlab-trivy-misconfig-4,gitlab-trivy-misconfig-4,0.0,low,misconfiguration,GitLab,,production,0,1,high,build,medium,medium,high,medium,medium,medium,0.9,0,0,0,0,1,0,0,P4
ml-scenario-508-github-dependabot-7,github-dependabot-7,0.0,low,dependency_vulnerability,GitHub,maven,production,1,1,high,runtime,high,high,high,high,high,high,0.9,0,0,1,0,0,0,1,P3
ml-scenario-509-gitlab-trivy-vuln-4,gitlab-trivy-vuln-4,6.1,medium,dependency_vulnerability,GitLab,maven,production,1,1,high,runtime,high,high,high,high,high,high,0.9,0,1,0,0,0,1,1,P2
ml-scenario-510-github-dependabot-7,github-dependabot-7,0.0,low,dependency_vulnerability,GitHub,maven,production,1,1,high,runtime,high,high,high,high,high,high,0.9,0,0,1,0,0,0,1,P3
ml-scenario-511-github-dependabot-4,github-dependabot-4,5.8,medium,dependency_vulnerability,GitHub,maven,production,1,1,high,runtime,high,high,high,high,high,high,0.9,0,1,1,0,0,1,1,P2
ml-scenario-512-gitlab-trivy-misconfig-4,gitlab-trivy-misconfig-4,0.0,low,misconfiguration,GitLab,,production,0,1,high,build,medium,medium,high,medium,medium,medium,0.9,0,0,0,0,1,0,0,P4
ml-scenario-513-github-dependabot-4,github-dependabot-4,6.4,medium,dependency_vulnerability,GitHub,maven,production,1,1,high,runtime,high,high,high,high,high,high,0.9,0,1,1,0,0,1,1,P2
ml-scenario-514-gitlab-trivy-misconfig-1,gitlab-trivy-misconfig-1,0.7,low,misconfiguration,GitLab,,production,0,1,high,build,medium,medium,high,medium,medium,medium,0.9,0,1,0,0,0,0,0,P3
ml-scenario-515-gitlab-trivy-vuln-5,gitlab-trivy-vuln-5,6.1,medium,dependency_vulnerability,GitLab,maven,production,1,1,high,runtime,high,high,high,high,high,high,0.9,0,0,1,1,0,0,1,P2
ml-scenario-516-github-dependabot-1,github-dependabot-1,7.0,high,dependency_vulnerability,GitHub,maven,production,1,1,high,runtime,high,high,high,high,high,high,0.9,0,1,1,0,0,1,1,P1
ml-scenario-517-gitlab-trivy-vuln-1,gitlab-trivy-vuln-1,8.6,high,dependency_vulnerability,GitLab,maven,production,1,1,high,runtime,high,high,high,high,high,high,0.9,0,1,1,0,0,1,1,P1
ml-scenario-519-github-dependabot-4,github-dependabot-4,7.2,high,dependency_vulnerability,GitHub,maven,production,1,1,high,runtime,high,high,high,high,high,high,0.9,0,1,1,0,0,1,1,P1
ml-scenario-520-github-dependabot-3,github-dependabot-3,7.5,high,dependency_vulnerability,GitHub,maven,production,1,1,high,runtime,high,high,high,high,high,high,0.9,0,0,1,0,1,0,1,P1
ml-scenario-521-github-dependabot-7,github-dependabot-7,0.0,low,dependency_vulnerability,GitHub,maven,production,1,1,high,runtime,high,high,high,high,high,high,0.9,0,0,1,0,0,0,1,P3
ml-scenario-522-gitlab-trivy-misconfig-4,gitlab-trivy-misconfig-4,0.0,low,misconfiguration,GitLab,,production,0,1,high,build,medium,medium,high,medium,medium,medium,0.9,0,0,0,0,1,0,0,P4
ml-scenario-523-github-dependabot-3,github-dependabot-3,9.2,critical,dependency_vulnerability,GitHub,maven,production,1,1,high,runtime,high,high,high,high,high,high,0.9,0,0,1,0,1,0,1,P1
ml-scenario-524-github-dependabot-1,github-dependabot-1,9.4,critical,dependency_vulnerability,GitHub,maven,production,1,1,high,runtime,high,high,high,high,high,high,0.9,0,1,1,0,0,1,1,P1
ml-scenario-525-github-dependabot-5,github-dependabot-5,0.8,low,dependency_vulnerability,GitHub,maven,production,1,1,high,runtime,high,high,high,high,high,high,0.9,0,0,1,0,0,0,1,P3
ml-scenario-526-gitlab-trivy-vuln-4,gitlab-trivy-vuln-4,4.2,medium,dependency_vulnerability,GitLab,maven,production,1,1,high,runtime,high,high,high,high,high,high,0.9,0,1,0,0,0,1,1,P2
ml-scenario-527-github-dependabot-7,github-dependabot-7,0.0,low,dependency_vulnerability,GitHub,maven,production,1,1,high,runtime,high,high,high,high,high,high,0.9,0,0,1,0,0,0,1,P3
ml-scenario-528-gitlab-trivy-misconfig-1,gitlab-trivy-misconfig-1,0.8,low,misconfiguration,GitLab,,production,0,1,high,build,medium,medium,high,medium,medium,medium,0.9,0,1,0,0,0,0,0,P3
ml-scenario-529-github-dependabot-7,github-dependabot-7,0.0,low,dependency_vulnerability,GitHub,maven,production,1,1,high,runtime,high,high,high,high,high,high,0.9,0,0,1,0,0,0,1,P3
ml-scenario-530-github-dependabot-7,github-dependabot-7,0.0,low,dependency_vulnerability,GitHub,maven,production,1,1,high,runtime,high,high,high,high,high,high,0.9,0,0,1,0,0,0,1,P3
ml-scenario-531-github-dependabot-7,github-dependabot-7,0.0,low,dependency_vulnerability,GitHub,maven,production,1,1,high,runtime,high,high,high,high,high,high,0.9,0,0,1,0,0,0,1,P3
ml-scenario-532-gitlab-trivy-vuln-4,gitlab-trivy-vuln-4,4.8,medium,dependency_vulnerability,GitLab,maven,production,1,1,high,runtime,high,high,high,high,high,high,0.9,0,1,0,0,0,1,1,P2
ml-scenario-533-github-dependabot-1,github-dependabot-1,9.8,critical,dependency_vulnerability,GitHub,maven,production,1,1,high,runtime,high,high,high,high,high,high,0.9,0,1,1,0,0,1,1,P1
ml-scenario-534-gitlab-trivy-misconfig-1,gitlab-trivy-misconfig-1,0.0,low,misconfiguration,GitLab,,production,0,1,high,build,medium,medium,high,medium,medium,medium,0.9,0,1,0,0,0,0,0,P4
ml-scenario-536-github-dependabot-2,github-dependabot-2,7.7,high,dependency_vulnerability,GitHub,maven,production,1,1,high,runtime,high,high,high,high,high,high,0.9,0,1,1,0,0,1,1,P1
ml-scenario-537-gitlab-trivy-vuln-6,gitlab-trivy-vuln-6,4.7,medium,dependency_vulnerability,GitLab,maven,production,1,1,high,runtime,high,high,high,high,high,high,0.9,0,0,1,0,0,0,1,P2
ml-scenario-538-github-dependabot-3,github-dependabot-3,8.9,high,dependency_vulnerability,GitHub,maven,production,1,1,high,runtime,high,high,high,high,high,high,0.9,0,0,1,0,1,0,1,P1
ml-scenario-540-gitlab-trivy-misconfig-4,gitlab-trivy-misconfig-4,0.0,low,misconfiguration,GitLab,,production,0,1,high,build,medium,medium,high,medium,medium,medium,0.9,0,0,0,0,1,0,0,P4
ml-scenario-542-github-dependabot-4,github-dependabot-4,5.2,medium,dependency_vulnerability,GitHub,maven,production,1,1,high,runtime,high,high,high,high,high,high,0.9,0,1,1,0,0,1,1,P2
ml-scenario-543-github-dependabot-3,github-dependabot-3,8.9,high,dependency_vulnerability,GitHub,maven,production,1,1,high,runtime,high,high,high,high,high,high,0.9,0,0,1,0,1,0,1,P1
ml-scenario-544-github-dependabot-2,github-dependabot-2,8.5,high,dependency_vulnerability,GitHub,maven,production,1,1,high,runtime,high,high,high,high,high,high,0.9,0,1,1,0,0,1,1,P1
ml-scenario-545-github-dependabot-3,github-dependabot-3,9.6,critical,dependency_vulnerability,GitHub,maven,production,1,1,high,runtime,high,high,high,high,high,high,0.9,0,0,1,0,1,0,1,P1
ml-scenario-546-gitlab-trivy-misconfig-4,gitlab-trivy-misconfig-4,0.0,low,misconfiguration,GitLab,,production,0,1,high,build,medium,medium,high,medium,medium,medium,0.9,0,0,0,0,1,0,0,P4
ml-scenario-548-github-dependabot-2,github-dependabot-2,8.0,high,dependency_vulnerability,GitHub,maven,production,1,1,high,runtime,high,high,high,high,high,high,0.9,0,1,1,0,0,1,1,P1
ml-scenario-549-github-dependabot-7,github-dependabot-7,0.3,low,dependency_vulnerability,GitHub,maven,production,1,1,high,runtime,high,high,high,high,high,high,0.9,0,0,1,0,0,0,1,P3
ml-scenario-550-github-dependabot-4,github-dependabot-4,6.2,medium,dependency_vulnerability,GitHub,maven,production,1,1,high,runtime,high,high,high,high,high,high,0.9,0,1,1,0,0,1,1,P2
ml-scenario-551-github-dependabot-2,github-dependabot-2,8.1,high,dependency_vulnerability,GitHub,maven,production,1,1,high,runtime,high,high,high,high,high,high,0.9,0,1,1,0,0,1,1,P1
ml-scenario-552-gitlab-trivy-vuln-1,gitlab-trivy-vuln-1,7.9,high,dependency_vulnerability,GitLab,maven,production,1,1,high,runtime,high,high,high,high,high,high,0.9,0,1,1,0,0,1,1,P1
ml-scenario-553-github-dependabot-5,github-dependabot-5,0.0,low,dependency_vulnerability,GitHub,maven,production,1,1,high,runtime,high,high,high,high,high,high,0.9,0,0,1,0,0,0,1,P3
ml-scenario-554-gitlab-trivy-vuln-2,gitlab-trivy-vuln-2,8.3,high,dependency_vulnerability,GitLab,maven,production,1,1,high,runtime,high,high,high,high,high,high,0.9,0,1,1,1,1,1,1,P1
ml-scenario-555-github-dependabot-7,github-dependabot-7,0.0,low,dependency_vulnerability,GitHub,maven,production,1,1,high,runtime,high,high,high,high,high,high,0.9,0,0,1,0,0,0,1,P3
ml-scenario-556-github-dependabot-1,github-dependabot-1,8.1,high,dependency_vulnerability,GitHub,maven,production,1,1,high,runtime,high,high,high,high,high,high,0.9,0,1,1,0,0,1,1,P1
ml-scenario-557-github-dependabot-4,github-dependabot-4,7.4,high,dependency_vulnerability,GitHub,maven,production,1,1,high,runtime,high,high,high,high,high,high,0.9,0,1,1,0,0,1,1,P1
ml-scenario-558-gitlab-trivy-vuln-1,gitlab-trivy-vuln-1,10.0,critical,dependency_vulnerability,GitLab,maven,production,1,1,high,runtime,high,high,high,high,high,high,0.9,0,1,1,0,0,1,1,P1
ml-scenario-560-github-dependabot-2,github-dependabot-2,7.7,high,dependency_vulnerability,GitHub,maven,production,1,1,high,runtime,high,high,high,high,high,high,0.9,0,1,1,0,0,1,1,P1
ml-scenario-562-github-dependabot-5,github-dependabot-5,0.0,low,dependency_vulnerability,GitHub,maven,production,1,1,high,runtime,high,high,high,high,high,high,0.9,0,0,1,0,0,0,1,P3
ml-scenario-564-gitlab-trivy-misconfig-1,gitlab-trivy-misconfig-1,0.0,low,misconfiguration,GitLab,,production,0,1,high,build,medium,medium,high,medium,medium,medium,0.9,0,1,0,0,0,0,0,P4
ml-scenario-565-gitlab-trivy-vuln-2,gitlab-trivy-vuln-2,7.7,high,dependency_vulnerability,GitLab,maven,production,1,1,high,runtime,high,high,high,high,high,high,0.9,0,1,1,1,1,1,1,P1
ml-scenario-566-github-dependabot-3,github-dependabot-3,6.3,medium,dependency_vulnerability,GitHub,maven,production,1,1,high,runtime,high,high,high,high,high,high,0.9,0,0,1,0,1,0,1,P2
ml-scenario-567-gitlab-trivy-vuln-4,gitlab-trivy-vuln-4,6.3,medium,dependency_vulnerability,GitLab,maven,production,1,1,high,runtime,high,high,high,high,high,high,0.9,0,1,0,0,0,1,1,P2
ml-scenario-568-gitlab-trivy-misconfig-4,gitlab-trivy-misconfig-4,0.0,low,misconfiguration,GitLab,,production,0,1,high,build,medium,medium,high,medium,medium,medium,0.9,0,0,0,0,1,0,0,P4
ml-scenario-569-github-dependabot-6,github-dependabot-6,1.0,low,dependency_vulnerability,GitHub,maven,production,1,1,high,runtime,high,high,high,high,high,high,0.9,0,0,1,0,0,0,1,P3
ml-scenario-572-github-dependabot-1,github-dependabot-1,9.3,critical,dependency_vulnerability,GitHub,maven,production,1,1,high,runtime,high,high,high,high,high,high,0.9,0,1,1,0,0,1,1,P1
ml-scenario-573-github-dependabot-1,github-dependabot-1,9.5,critical,dependency_vulnerability,GitHub,maven,production,1,1,high,runtime,high,high,high,high,high,high,0.9,0,1,1,0,0,1,1,P1
ml-scenario-574-gitlab-trivy-misconfig-4,gitlab-trivy-misconfig-4,0.0,low,misconfiguration,GitLab,,production,0,1,high,build,medium,medium,high,medium,medium,medium,0.9,0,0,0,0,1,0,0,P4
ml-scenario-576-github-dependabot-4,github-dependabot-4,5.5,medium,dependency_vulnerability,GitHub,maven,production,1,1,high,runtime,high,high,high,high,high,high,0.9,0,1,1,0,0,1,1,P2
ml-scenario-577-gitlab-trivy-misconfig-1,gitlab-trivy-misconfig-1,0.0,low,misconfiguration,GitLab,,production,0,1,high,build,medium,medium,high,medium,medium,medium,0.9,0,1,0,0,0,0,0,P4
ml-scenario-578-github-dependabot-1,github-dependabot-1,7.6,high,dependency_vulnerability,GitHub,maven,production,1,1,high,runtime,high,high,high,high,high,high,0.9,0,1,1,0,0,1,1,P1
ml-scenario-579-gitlab-trivy-vuln-6,gitlab-trivy-vuln-6,6.1,medium,dependency_vulnerability,GitLab,maven,production,1,1,high,runtime,high,high,high,high,high,high,0.9,0,0,1,0,0,0,1,P2
ml-scenario-580-github-dependabot-7,github-dependabot-7,0.8,low,dependency_vulnerability,GitHub,maven,production,1,1,high,runtime,high,high,high,high,high,high,0.9,0,0,1,0,0,0,1,P3
ml-scenario-582-gitlab-trivy-vuln-2,gitlab-trivy-vuln-2,6.9,medium,dependency_vulnerability,GitLab,maven,production,1,1,high,runtime,high,high,high,high,high,high,0.9,0,1,1,1,1,1,1,P2
ml-scenario-583-github-dependabot-1,github-dependabot-1,9.1,critical,dependency_vulnerability,GitHub,maven,production,1,1,high,runtime,high,high,high,high,high,high,0.9,0,1,1,0,0,1,1,P1
ml-scenario-584-github-dependabot-7,github-dependabot-7,0.3,low,dependency_vulnerability,GitHub,maven,production,1,1,high,runtime,high,high,high,high,high,high,0.9,0,0,1,0,0,0,1,P3
ml-scenario-585-gitlab-trivy-misconfig-4,gitlab-trivy-misconfig-4,0.0,low,misconfiguration,GitLab,,production,0,1,high,build,medium,medium,high,medium,medium,medium,0.9,0,0,0,0,1,0,0,P4
ml-scenario-586-gitlab-trivy-misconfig-4,gitlab-trivy-misconfig-4,0.0,low,misconfiguration,GitLab,,production,0,1,high,build,medium,medium,high,medium,medium,medium,0.9,0,0,0,0,1,0,0,P4
ml-scenario-587-github-dependabot-1,github-dependabot-1,7.9,high,dependency_vulnerability,GitHub,maven,production,1,1,high,runtime,high,high,high,high,high,high,0.9,0,1,1,0,0,1,1,P1
ml-scenario-588-github-dependabot-5,github-dependabot-5,0.5,low,dependency_vulnerability,GitHub,maven,production,1,1,high,runtime,high,high,high,high,high,high,0.9,0,0,1,0,0,0,1,P3
ml-scenario-589-gitlab-trivy-vuln-1,gitlab-trivy-vuln-1,10.0,critical,dependency_vulnerability,GitLab,maven,production,1,1,high,runtime,high,high,high,high,high,high,0.9,0,1,1,0,0,1,1,P1
ml-scenario-590-gitlab-trivy-vuln-5,gitlab-trivy-vuln-5,5.0,medium,dependency_vulnerability,GitLab,maven,production,1,1,high,runtime,high,high,high,high,high,high,0.9,0,0,1,1,0,0,1,P2
ml-scenario-593-github-dependabot-1,github-dependabot-1,7.7,high,dependency_vulnerability,GitHub,maven,production,1,1,high,runtime,high,high,high,high,high,high,0.9,0,1,1,0,0,1,1,P1
ml-scenario-594-gitlab-trivy-misconfig-4,gitlab-trivy-misconfig-4,0.0,low,misconfiguration,GitLab,,production,0,1,high,build,medium,medium,high,medium,medium,medium,0.9,0,0,0,0,1,0,0,P4
ml-scenario-595-gitlab-trivy-vuln-4,gitlab-trivy-vuln-4,6.1,medium,dependency_vulnerability,GitLab,maven,production,1,1,high,runtime,high,high,high,high,high,high,0.9,0,1,0,0,0,1,1,P2
ml-scenario-596-github-dependabot-5,github-dependabot-5,0.5,low,dependency_vulnerability,GitHub,maven,production,1,1,high,runtime,high,high,high,high,high,high,0.9,0,0,1,0,0,0,1,P3
ml-scenario-597-gitlab-trivy-misconfig-4,gitlab-trivy-misconfig-4,0.0,low,misconfiguration,GitLab,,production,0,1,high,build,medium,medium,high,medium,medium,medium,0.9,0,0,0,0,1,0,0,P4
ml-scenario-598-gitlab-trivy-vuln-4,gitlab-trivy-vuln-4,4.2,medium,dependency_vulnerability,GitLab,maven,production,1,1,high,runtime,high,high,high,high,high,high,0.9,0,1,0,0,0,1,1,P2
ml-scenario-599-gitlab-trivy-vuln-4,gitlab-trivy-vuln-4,6.6,medium,dependency_vulnerability,GitLab,maven,production,1,1,high,runtime,high,high,high,high,high,high,0.9,0,1,0,0,0,1,1,P2
ml-scenario-600-gitlab-trivy-vuln-5,gitlab-trivy-vuln-5,7.0,high,dependency_vulnerability,GitLab,maven,production,1,1,high,runtime,high,high,high,high,high,high,0.9,0,0,1,1,0,0,1,P1
ml-scenario-601-github-dependabot-7,github-dependabot-7,0.0,low,dependency_vulnerability,GitHub,maven,production,1,1,high,runtime,high,high,high,high,high,high,0.9,0,0,1,0,0,0,1,P3
ml-scenario-602-github-dependabot-3,github-dependabot-3,8.1,high,dependency_vulnerability,GitHub,maven,production,1,1,high,runtime,high,high,high,high,high,high,0.9,0,0,1,0,1,0,1,P1
ml-scenario-603-github-dependabot-6,github-dependabot-6,0.0,low,dependency_vulnerability,GitHub,maven,production,1,1,high,runtime,high,high,high,high,high,high,0.9,0,0,1,0,0,0,1,P3
ml-scenario-604-github-dependabot-2,github-dependabot-2,7.8,high,dependency_vulnerability,GitHub,maven,production,1,1,high,runtime,high,high,high,high,high,high,0.9,0,1,1,0,0,1,1,P1
ml-scenario-606-github-dependabot-5,github-dependabot-5,0.0,low,dependency_vulnerability,GitHub,maven,production,1,1,high,runtime,high,high,high,high,high,high,0.9,0,0,1,0,0,0,1,P3
ml-scenario-608-gitlab-trivy-vuln-6,gitlab-trivy-vuln-6,6.5,medium,dependency_vulnerability,GitLab,maven,production,1,1,high,runtime,high,high,high,high,high,high,0.9,0,0,1,0,0,0,1,P2
ml-scenario-609-gitlab-trivy-vuln-2,gitlab-trivy-vuln-2,9.7,critical,dependency_vulnerability,GitLab,maven,production,1,1,high,runtime,high,high,high,high,high,high,0.9,0,1,1,1,1,1,1,P1
ml-scenario-610-github-dependabot-3,github-dependabot-3,6.7,medium,dependency_vulnerability,GitHub,maven,production,1,1,high,runtime,high,high,high,high,high,high,0.9,0,0,1,0,1,0,1,P2
ml-scenario-611-gitlab-trivy-vuln-1,gitlab-trivy-vuln-1,9.9,critical,dependency_vulnerability,GitLab,maven,production,1,1,high,runtime,high,high,high,high,high,high,0.9,0,1,1,0,0,1,1,P1
ml-scenario-612-gitlab-trivy-vuln-4,gitlab-trivy-vuln-4,5.7,medium,dependency_vulnerability,GitLab,maven,production,1,1,high,runtime,high,high,high,high,high,high,0.9,0,1,0,0,0,1,1,P2
ml-scenario-613-github-dependabot-5,github-dependabot-5,0.0,low,dependency_vulnerability,GitHub,maven,production,1,1,high,runtime,high,high,high,high,high,high,0.9,0,0,1,0,0,0,1,P3
ml-scenario-614-gitlab-trivy-misconfig-1,gitlab-trivy-misconfig-1,0.0,low,misconfiguration,GitLab,,production,0,1,high,build,medium,medium,high,medium,medium,medium,0.9,0,1,0,0,0,0,0,P4
ml-scenario-616-github-dependabot-1,github-dependabot-1,7.7,high,dependency_vulnerability,GitHub,maven,production,1,1,high,runtime,high,high,high,high,high,high,0.9,0,1,1,0,0,1,1,P1
ml-scenario-617-github-dependabot-1,github-dependabot-1,7.5,high,dependency_vulnerability,GitHub,maven,production,1,1,high,runtime,high,high,high,high,high,high,0.9,0,1,1,0,0,1,1,P1
ml-scenario-619-gitlab-trivy-vuln-5,gitlab-trivy-vuln-5,4.0,medium,dependency_vulnerability,GitLab,maven,production,1,1,high,runtime,high,high,high,high,high,high,0.9,0,0,1,1,0,0,1,P2
ml-scenario-620-github-dependabot-6,github-dependabot-6,0.9,low,dependency_vulnerability,GitHub,maven,production,1,1,high,runtime,high,high,high,high,high,high,0.9,0,0,1,0,0,0,1,P3
ml-scenario-621-gitlab-trivy-vuln-1,gitlab-trivy-vuln-1,7.5,high,dependency_vulnerability,GitLab,maven,production,1,1,high,runtime,high,high,high,high,high,high,0.9,0,1,1,0,0,1,1,P1
ml-scenario-622-gitlab-trivy-vuln-5,gitlab-trivy-vuln-5,7.1,high,dependency_vulnerability,GitLab,maven,production,1,1,high,runtime,high,high,high,high,high,high,0.9,0,0,1,1,0,0,1,P1
ml-scenario-623-github-dependabot-3,github-dependabot-3,8.8,high,dependency_vulnerability,GitHub,maven,production,1,1,high,runtime,high,high,high,high,high,high,0.9,0,0,1,0,1,0,1,P1
ml-scenario-624-gitlab-trivy-vuln-5,gitlab-trivy-vuln-5,4.9,medium,dependency_vulnerability,GitLab,maven,production,1,1,high,runtime,high,high,high,high,high,high,0.9,0,0,1,1,0,0,1,P2
ml-scenario-625-github-dependabot-2,github-dependabot-2,9.2,critical,dependency_vulnerability,GitHub,maven,production,1,1,high,runtime,high,high,high,high,high,high,0.9,0,1,1,0,0,1,1,P1
ml-scenario-626-github-dependabot-5,github-dependabot-5,0.0,low,dependency_vulnerability,GitHub,maven,production,1,1,high,runtime,high,high,high,high,high,high,0.9,0,0,1,0,0,0,1,P3
ml-scenario-627-github-dependabot-6,github-dependabot-6,0.0,low,dependency_vulnerability,GitHub,maven,production,1,1,high,runtime,high,high,high,high,high,high,0.9,0,0,1,0,0,0,1,P3
ml-scenario-628-github-dependabot-4,github-dependabot-4,5.9,medium,dependency_vulnerability,GitHub,maven,production,1,1,high,runtime,high,high,high,high,high,high,0.9,0,1,1,0,0,1,1,P2
ml-scenario-629-github-dependabot-7,github-dependabot-7,0.0,low,dependency_vulnerability,GitHub,maven,production,1,1,high,runtime,high,high,high,high,high,high,0.9,0,0,1,0,0,0,1,P3
ml-scenario-630-gitlab-trivy-vuln-1,gitlab-trivy-vuln-1,9.0,critical,dependency_vulnerability,GitLab,maven,production,1,1,high,runtime,high,high,high,high,high,high,0.9,0,1,1,0,0,1,1,P1
ml-scenario-631-gitlab-trivy-misconfig-1,gitlab-trivy-misconfig-1,0.7,low,misconfiguration,GitLab,,production,0,1,high,build,medium,medium,high,medium,medium,medium,0.9,0,1,0,0,0,0,0,P3
ml-scenario-632-gitlab-trivy-vuln-6,gitlab-trivy-vuln-6,5.8,medium,dependency_vulnerability,GitLab,maven,production,1,1,high,runtime,high,high,high,high,high,high,0.9,0,0,1,0,0,0,1,P2
ml-scenario-633-github-dependabot-6,github-dependabot-6,0.0,low,dependency_vulnerability,GitHub,maven,production,1,1,high,runtime,high,high,high,high,high,high,0.9,0,0,1,0,0,0,1,P3
ml-scenario-634-github-dependabot-5,github-dependabot-5,0.0,low,dependency_vulnerability,GitHub,maven,production,1,1,high,runtime,high,high,high,high,high,high,0.9,0,0,1,0,0,0,1,P3
ml-scenario-635-github-dependabot-6,github-dependabot-6,0.0,low,dependency_vulnerability,GitHub,maven,production,1,1,high,runtime,high,high,high,high,high,high,0.9,0,0,1,0,0,0,1,P3
ml-scenario-636-gitlab-trivy-vuln-6,gitlab-trivy-vuln-6,4.4,medium,dependency_vulnerability,GitLab,maven,production,1,1,high,runtime,high,high,high,high,high,high,0.9,0,0,1,0,0,0,1,P2
ml-scenario-637-gitlab-trivy-misconfig-1,gitlab-trivy-misconfig-1,0.4,low,misconfiguration,GitLab,,production,0,1,high,build,medium,medium,high,medium,medium,medium,0.9,0,1,0,0,0,0,0,P3
ml-scenario-638-github-dependabot-7,github-dependabot-7,0.0,low,dependency_vulnerability,GitHub,maven,production,1,1,high,runtime,high,high,high,high,high,high,0.9,0,0,1,0,0,0,1,P3
ml-scenario-639-github-dependabot-1,github-dependabot-1,7.4,high,dependency_vulnerability,GitHub,maven,production,1,1,high,runtime,high,high,high,high,high,high,0.9,0,1,1,0,0,1,1,P1
ml-scenario-640-github-dependabot-6,github-dependabot-6,0.0,low,dependency_vulnerability,GitHub,maven,production,1,1,high,runtime,high,high,high,high,high,high,0.9,0,0,1,0,0,0,1,P3
ml-scenario-641-github-dependabot-6,github-dependabot-6,0.5,low,dependency_vulnerability,GitHub,maven,production,1,1,high,runtime,high,high,high,high,high,high,0.9,0,0,1,0,0,0,1,P3
ml-scenario-642-gitlab-trivy-vuln-6,gitlab-trivy-vuln-6,4.6,medium,dependency_vulnerability,GitLab,maven,production,1,1,high,runtime,high,high,high,high,high,high,0.9,0,0,1,0,0,0,1,P2
ml-scenario-644-github-dependabot-1,github-dependabot-1,8.4,high,dependency_vulnerability,GitHub,maven,production,1,1,high,runtime,high,high,high,high,high,high,0.9,0,1,1,0,0,1,1,P1
ml-scenario-646-github-dependabot-7,github-dependabot-7,0.0,low,dependency_vulnerability,GitHub,maven,production,1,1,high,runtime,high,high,high,high,high,high,0.9,0,0,1,0,0,0,1,P3
ml-scenario-647-github-dependabot-3,github-dependabot-3,6.9,medium,dependency_vulnerability,GitHub,maven,production,1,1,high,runtime,high,high,high,high,high,high,0.9,0,0,1,0,1,0,1,P2
ml-scenario-648-github-dependabot-3,github-dependabot-3,7.0,high,dependency_vulnerability,GitHub,maven,production,1,1,high,runtime,high,high,high,high,high,high,0.9,0,0,1,0,1,0,1,P1
ml-scenario-650-gitlab-trivy-vuln-2,gitlab-trivy-vuln-2,7.2,high,dependency_vulnerability,GitLab,maven,production,1,1,high,runtime,high,high,high,high,high,high,0.9,0,1,1,1,1,1,1,P1
ml-scenario-652-gitlab-trivy-misconfig-1,gitlab-trivy-misconfig-1,0.0,low,misconfiguration,GitLab,,production,0,1,high,build,medium,medium,high,medium,medium,medium,0.9,0,1,0,0,0,0,0,P4
ml-scenario-653-gitlab-trivy-vuln-6,gitlab-trivy-vuln-6,6.8,medium,dependency_vulnerability,GitLab,maven,production,1,1,high,runtime,high,high,high,high,high,high,0.9,0,0,1,0,0,0,1,P2
ml-scenario-654-gitlab-trivy-vuln-6,gitlab-trivy-vuln-6,4.3,medium,dependency_vulnerability,GitLab,maven,production,1,1,high,runtime,high,high,high,high,high,high,0.9,0,0,1,0,0,0,1,P2
ml-scenario-655-gitlab-trivy-vuln-2,gitlab-trivy-vuln-2,8.2,high,dependency_vulnerability,GitLab,maven,production,1,1,high,runtime,high,high,high,high,high,high,0.9,0,1,1,1,1,1,1,P1
ml-scenario-656-gitlab-trivy-vuln-5,gitlab-trivy-vuln-5,6.6,medium,dependency_vulnerability,GitLab,maven,production,1,1,high,runtime,high,high,high,high,high,high,0.9,0,0,1,1,0,0,1,P2
ml-scenario-657-gitlab-trivy-vuln-1,gitlab-trivy-vuln-1,8.7,high,dependency_vulnerability,GitLab,maven,production,1,1,high,runtime,high,high,high,high,high,high,0.9,0,1,1,0,0,1,1,P1
ml-scenario-658-gitlab-trivy-vuln-2,gitlab-trivy-vuln-2,7.7,high,dependency_vulnerability,GitLab,maven,production,1,1,high,runtime,high,high,high,high,high,high,0.9,0,1,1,1,1,1,1,P1
ml-scenario-659-gitlab-trivy-misconfig-1,gitlab-trivy-misconfig-1,0.0,low,misconfiguration,GitLab,,production,0,1,high,build,medium,medium,high,medium,medium,medium,0.9,0,1,0,0,0,0,0,P4
ml-scenario-660-github-dependabot-7,github-dependabot-7,0.4,low,dependency_vulnerability,GitHub,maven,production,1,1,high,runtime,high,high,high,high,high,high,0.9,0,0,1,0,0,0,1,P3
ml-scenario-661-gitlab-trivy-vuln-2,gitlab-trivy-vuln-2,8.9,high,dependency_vulnerability,GitLab,maven,production,1,1,high,runtime,high,high,high,high,high,high,0.9,0,1,1,1,1,1,1,P1
ml-scenario-662-gitlab-trivy-vuln-2,gitlab-trivy-vuln-2,8.8,high,dependency_vulnerability,GitLab,maven,production,1,1,high,runtime,high,high,high,high,high,high,0.9,0,1,1,1,1,1,1,P1
ml-scenario-664-gitlab-trivy-misconfig-4,gitlab-trivy-misconfig-4,0.8,low,misconfiguration,GitLab,,production,0,1,high,build,medium,medium,high,medium,medium,medium,0.9,0,0,0,0,1,0,0,P3
ml-scenario-665-gitlab-trivy-vuln-1,gitlab-trivy-vuln-1,9.1,critical,dependency_vulnerability,GitLab,maven,production,1,1,high,runtime,high,high,high,high,high,high,0.9,0,1,1,0,0,1,1,P1
ml-scenario-668-gitlab-trivy-vuln-1,gitlab-trivy-vuln-1,9.1,critical,dependency_vulnerability,GitLab,maven,production,1,1,high,runtime,high,high,high,high,high,high,0.9,0,1,1,0,0,1,1,P1
ml-scenario-669-gitlab-trivy-vuln-6,gitlab-trivy-vuln-6,7.2,high,dependency_vulnerability,GitLab,maven,production,1,1,high,runtime,high,high,high,high,high,high,0.9,0,0,1,0,0,0,1,P1
ml-scenario-670-gitlab-trivy-vuln-2,gitlab-trivy-vuln-2,8.4,high,dependency_vulnerability,GitLab,maven,production,1,1,high,runtime,high,high,high,high,high,high,0.9,0,1,1,1,1,1,1,P1
ml-scenario-672-gitlab-trivy-misconfig-1,gitlab-trivy-misconfig-1,1.0,low,misconfiguration,GitLab,,production,0,1,high,build,medium,medium,high,medium,medium,medium,0.9,0,1,0,0,0,0,0,P3
ml-scenario-675-gitlab-trivy-vuln-5,gitlab-trivy-vuln-5,5.2,medium,dependency_vulnerability,GitLab,maven,production,1,1,high,runtime,high,high,high,high,high,high,0.9,0,0,1,1,0,0,1,P2
ml-scenario-676-gitlab-trivy-vuln-6,gitlab-trivy-vuln-6,6.2,medium,dependency_vulnerability,GitLab,maven,production,1,1,high,runtime,high,high,high,high,high,high,0.9,0,0,1,0,0,0,1,P2
ml-scenario-677-gitlab-trivy-vuln-1,gitlab-trivy-vuln-1,10.0,critical,dependency_vulnerability,GitLab,maven,production,1,1,high,runtime,high,high,high,high,high,high,0.9,0,1,1,0,0,1,1,P1
ml-scenario-678-gitlab-trivy-vuln-6,gitlab-trivy-vuln-6,4.0,medium,dependency_vulnerability,GitLab,maven,production,1,1,high,runtime,high,high,high,high,high,high,0.9,0,0,1,0,0,0,1,P2
ml-scenario-679-github-dependabot-1,github-dependabot-1,8.5,high,dependency_vulnerability,GitHub,maven,production,1,1,high,runtime,high,high,high,high,high,high,0.9,0,1,1,0,0,1,1,P1
ml-scenario-680-github-dependabot-6,github-dependabot-6,0.0,low,dependency_vulnerability,GitHub,maven,production,1,1,high,runtime,high,high,high,high,high,high,0.9,0,0,1,0,0,0,1,P3
ml-scenario-681-github-dependabot-3,github-dependabot-3,7.3,high,dependency_vulnerability,GitHub,maven,production,1,1,high,runtime,high,high,high,high,high,high,0.9,0,0,1,0,1,0,1,P1
ml-scenario-682-github-dependabot-3,github-dependabot-3,9.3,critical,dependency_vulnerability,GitHub,maven,production,1,1,high,runtime,high,high,high,high,high,high,0.9,0,0,1,0,1,0,1,P1
ml-scenario-683-gitlab-trivy-vuln-5,gitlab-trivy-vuln-5,7.2,high,dependency_vulnerability,GitLab,maven,production,1,1,high,runtime,high,high,high,high,high,high,0.9,0,0,1,1,0,0,1,P1
ml-scenario-684-github-dependabot-6,github-dependabot-6,0.0,low,dependency_vulnerability,GitHub,maven,production,1,1,high,runtime,high,high,high,high,high,high,0.9,0,0,1,0,0,0,1,P3
ml-scenario-685-gitlab-trivy-vuln-2,gitlab-trivy-vuln-2,7.7,high,dependency_vulnerability,GitLab,maven,production,1,1,high,runtime,high,high,high,high,high,high,0.9,0,1,1,1,1,1,1,P1
ml-scenario-686-github-dependabot-6,github-dependabot-6,0.0,low,dependency_vulnerability,GitHub,maven,production,1,1,high,runtime,high,high,high,high,high,high,0.9,0,0,1,0,0,0,1,P3
ml-scenario-687-gitlab-trivy-vuln-6,gitlab-trivy-vuln-6,6.6,medium,dependency_vulnerability,GitLab,maven,production,1,1,high,runtime,high,high,high,high,high,high,0.9,0,0,1,0,0,0,1,P2
ml-scenario-689-github-dependabot-5,github-dependabot-5,0.0,low,dependency_vulnerability,GitHub,maven,production,1,1,high,runtime,high,high,high,high,high,high,0.9,0,0,1,0,0,0,1,P3
ml-scenario-690-github-dependabot-2,github-dependabot-2,8.8,high,dependency_vulnerability,GitHub,maven,production,1,1,high,runtime,high,high,high,high,high,high,0.9,0,1,1,0,0,1,1,P1
ml-scenario-692-gitlab-trivy-vuln-6,gitlab-trivy-vuln-6,7.1,high,dependency_vulnerability,GitLab,maven,production,1,1,high,runtime,high,high,high,high,high,high,0.9,0,0,1,0,0,0,1,P1
ml-scenario-694-github-dependabot-3,github-dependabot-3,6.6,medium,dependency_vulnerability,GitHub,maven,production,1,1,high,runtime,high,high,high,high,high,high,0.9,0,0,1,0,1,0,1,P2
ml-scenario-695-gitlab-trivy-vuln-5,gitlab-trivy-vuln-5,6.8,medium,dependency_vulnerability,GitLab,maven,production,1,1,high,runtime,high,high,high,high,high,high,0.9,0,0,1,1,0,0,1,P2
ml-scenario-696-github-dependabot-1,github-dependabot-1,8.3,high,dependency_vulnerability,GitHub,maven,production,1,1,high,runtime,high,high,high,high,high,high,0.9,0,1,1,0,0,1,1,P1
ml-scenario-697-gitlab-trivy-misconfig-4,gitlab-trivy-misconfig-4,0.4,low,misconfiguration,GitLab,,production,0,1,high,build,medium,medium,high,medium,medium,medium,0.9,0,0,0,0,1,0,0,P3
ml-scenario-699-gitlab-trivy-vuln-6,gitlab-trivy-vuln-6,6.9,medium,dependency_vulnerability,GitLab,maven,production,1,1,high,runtime,high,high,high,high,high,high,0.9,0,0,1,0,0,0,1,P2
ml-scenario-700-github-dependabot-3,github-dependabot-3,8.2,high,dependency_vulnerability,GitHub,maven,production,1,1,high,runtime,high,high,high,high,high,high,0.9,0,0,1,0,1,0,1,P1
ml-scenario-701-github-dependabot-3,github-dependabot-3,6.7,medium,dependency_vulnerability,GitHub,maven,production,1,1,high,runtime,high,high,high,high,high,high,0.9,0,0,1,0,1,0,1,P2
ml-scenario-703-gitlab-trivy-vuln-1,gitlab-trivy-vuln-1,8.9,high,dependency_vulnerability,GitLab,maven,production,1,1,high,runtime,high,high,high,high,high,high,0.9,0,1,1,0,0,1,1,P1
ml-scenario-704-github-dependabot-4,github-dependabot-4,7.5,high,dependency_vulnerability,GitHub,maven,production,1,1,high,runtime,high,high,high,high,high,high,0.9,0,1,1,0,0,1,1,P1
ml-scenario-705-gitlab-trivy-vuln-5,gitlab-trivy-vuln-5,6.4,medium,dependency_vulnerability,GitLab,maven,production,1,1,high,runtime,high,high,high,high,high,high,0.9,0,0,1,1,0,0,1,P2
ml-scenario-706-gitlab-trivy-misconfig-1,gitlab-trivy-misconfig-1,0.0,low,misconfiguration,GitLab,,production,0,1,high,build,medium,medium,high,medium,medium,medium,0.9,0,1,0,0,0,0,0,P4
ml-scenario-707-github-dependabot-4,github-dependabot-4,5.2,medium,dependency_vulnerability,GitHub,maven,production,1,1,high,runtime,high,high,high,high,high,high,0.9,0,1,1,0,0,1,1,P2
ml-scenario-710-gitlab-trivy-misconfig-1,gitlab-trivy-misconfig-1,0.0,low,misconfiguration,GitLab,,production,0,1,high,build,medium,medium,high,medium,medium,medium,0.9,0,1,0,0,0,0,0,P4
ml-scenario-711-gitlab-trivy-vuln-5,gitlab-trivy-vuln-5,6.5,medium,dependency_vulnerability,GitLab,maven,production,1,1,high,runtime,high,high,high,high,high,high,0.9,0,0,1,1,0,0,1,P2
ml-scenario-714-github-dependabot-3,github-dependabot-3,9.2,critical,dependency_vulnerability,GitHub,maven,production,1,1,high,runtime,high,high,high,high,high,high,0.9,0,0,1,0,1,0,1,P1
ml-scenario-715-gitlab-trivy-vuln-1,gitlab-trivy-vuln-1,9.7,critical,dependency_vulnerability,GitLab,maven,production,1,1,high,runtime,high,high,high,high,high,high,0.9,0,1,1,0,0,1,1,P1
ml-scenario-716-github-dependabot-7,github-dependabot-7,0.0,low,dependency_vulnerability,GitHub,maven,production,1,1,high,runtime,high,high,high,high,high,high,0.9,0,0,1,0,0,0,1,P3
ml-scenario-717-github-dependabot-1,github-dependabot-1,9.0,critical,dependency_vulnerability,GitHub,maven,production,1,1,high,runtime,high,high,high,high,high,high,0.9,0,1,1,0,0,1,1,P1
ml-scenario-719-gitlab-trivy-vuln-5,gitlab-trivy-vuln-5,4.1,medium,dependency_vulnerability,GitLab,maven,production,1,1,high,runtime,high,high,high,high,high,high,0.9,0,0,1,1,0,0,1,P2
ml-scenario-722-github-dependabot-5,github-dependabot-5,0.0,low,dependency_vulnerability,GitHub,maven,production,1,1,high,runtime,high,high,high,high,high,high,0.9,0,0,1,0,0,0,1,P3
ml-scenario-723-github-dependabot-4,github-dependabot-4,7.0,high,dependency_vulnerability,GitHub,maven,production,1,1,high,runtime,high,high,high,high,high,high,0.9,0,1,1,0,0,1,1,P1
ml-scenario-724-github-dependabot-7,github-dependabot-7,0.8,low,dependency_vulnerability,GitHub,maven,production,1,1,high,runtime,high,high,high,high,high,high,0.9,0,0,1,0,0,0,1,P3
ml-scenario-725-github-dependabot-5,github-dependabot-5,0.0,low,dependency_vulnerability,GitHub,maven,production,1,1,high,runtime,high,high,high,high,high,high,0.9,0,0,1,0,0,0,1,P3
ml-scenario-727-github-dependabot-6,github-dependabot-6,1.0,low,dependency_vulnerability,GitHub,maven,production,1,1,high,runtime,high,high,high,high,high,high,0.9,0,0,1,0,0,0,1,P3
ml-scenario-728-github-dependabot-7,github-dependabot-7,0.0,low,dependency_vulnerability,GitHub,maven,production,1,1,high,runtime,high,high,high,high,high,high,0.9,0,0,1,0,0,0,1,P3
ml-scenario-729-gitlab-trivy-vuln-6,gitlab-trivy-vuln-6,7.1,high,dependency_vulnerability,GitLab,maven,production,1,1,high,runtime,high,high,high,high,high,high,0.9,0,0,1,0,0,0,1,P1
ml-scenario-730-gitlab-trivy-vuln-6,gitlab-trivy-vuln-6,6.6,medium,dependency_vulnerability,GitLab,maven,production,1,1,high,runtime,high,high,high,high,high,high,0.9,0,0,1,0,0,0,1,P2
ml-scenario-731-github-dependabot-3,github-dependabot-3,6.2,medium,dependency_vulnerability,GitHub,maven,production,1,1,high,runtime,high,high,high,high,high,high,0.9,0,0,1,0,1,0,1,P2
ml-scenario-733-github-dependabot-3,github-dependabot-3,8.8,high,dependency_vulnerability,GitHub,maven,production,1,1,high,runtime,high,high,high,high,high,high,0.9,0,0,1,0,1,0,1,P1
ml-scenario-735-github-dependabot-2,github-dependabot-2,10.0,critical,dependency_vulnerability,GitHub,maven,production,1,1,high,runtime,high,high,high,high,high,high,0.9,0,1,1,0,0,1,1,P1
ml-scenario-736-github-dependabot-2,github-dependabot-2,8.4,high,dependency_vulnerability,GitHub,maven,production,1,1,high,runtime,high,high,high,high,high,high,0.9,0,1,1,0,0,1,1,P1
ml-scenario-737-github-dependabot-3,github-dependabot-3,8.0,high,dependency_vulnerability,GitHub,maven,production,1,1,high,runtime,high,high,high,high,high,high,0.9,0,0,1,0,1,0,1,P1
ml-scenario-739-gitlab-trivy-vuln-5,gitlab-trivy-vuln-5,4.6,medium,dependency_vulnerability,GitLab,maven,production,1,1,high,runtime,high,high,high,high,high,high,0.9,0,0,1,1,0,0,1,P2
ml-scenario-740-github-dependabot-1,github-dependabot-1,6.7,medium,dependency_vulnerability,GitHub,maven,production,1,1,high,runtime,high,high,high,high,high,high,0.9,0,1,1,0,0,1,1,P2
ml-scenario-741-github-dependabot-5,github-dependabot-5,0.0,low,dependency_vulnerability,GitHub,maven,production,1,1,high,runtime,high,high,high,high,high,high,0.9,0,0,1,0,0,0,1,P3
ml-scenario-742-gitlab-trivy-misconfig-1,gitlab-trivy-misconfig-1,0.0,low,misconfiguration,GitLab,,production,0,1,high,build,medium,medium,high,medium,medium,medium,0.9,0,1,0,0,0,0,0,P4
ml-scenario-744-github-dependabot-2,github-dependabot-2,9.7,critical,dependency_vulnerability,GitHub,maven,production,1,1,high,runtime,high,high,high,high,high,high,0.9,0,1,1,0,0,1,1,P1
ml-scenario-745-github-dependabot-4,github-dependabot-4,6.6,medium,dependency_vulnerability,GitHub,maven,production,1,1,high,runtime,high,high,high,high,high,high,0.9,0,1,1,0,0,1,1,P2
ml-scenario-746-gitlab-trivy-vuln-5,gitlab-trivy-vuln-5,5.3,medium,dependency_vulnerability,GitLab,maven,production,1,1,high,runtime,high,high,high,high,high,high,0.9,0,0,1,1,0,0,1,P2
ml-scenario-747-github-dependabot-7,github-dependabot-7,0.0,low,dependency_vulnerability,GitHub,maven,production,1,1,high,runtime,high,high,high,high,high,high,0.9,0,0,1,0,0,0,1,P3
ml-scenario-748-github-dependabot-5,github-dependabot-5,0.0,low,dependency_vulnerability,GitHub,maven,production,1,1,high,runtime,high,high,high,high,high,high,0.9,0,0,1,0,0,0,1,P3
ml-scenario-749-gitlab-trivy-vuln-2,gitlab-trivy-vuln-2,8.4,high,dependency_vulnerability,GitLab,maven,production,1,1,high,runtime,high,high,high,high,high,high,0.9,0,1,1,1,1,1,1,P1
ml-scenario-750-github-dependabot-7,github-dependabot-7,0.0,low,dependency_vulnerability,GitHub,maven,production,1,1,high,runtime,high,high,high,high,high,high,0.9,0,0,1,0,0,0,1,P3
ml-scenario-753-github-dependabot-6,github-dependabot-6,0.6,low,dependency_vulnerability,GitHub,maven,production,1,1,high,runtime,high,high,high,high,high,high,0.9,0,0,1,0,0,0,1,P3
ml-scenario-754-gitlab-trivy-vuln-1,gitlab-trivy-vuln-1,9.7,critical,dependency_vulnerability,GitLab,maven,production,1,1,high,runtime,high,high,high,high,high,high,0.9,0,1,1,0,0,1,1,P1
ml-scenario-755-github-dependabot-7,github-dependabot-7,0.0,low,dependency_vulnerability,GitHub,maven,production,1,1,high,runtime,high,high,high,high,high,high,0.9,0,0,1,0,0,0,1,P3
ml-scenario-756-github-dependabot-2,github-dependabot-2,8.7,high,dependency_vulnerability,GitHub,maven,production,1,1,high,runtime,high,high,high,high,high,high,0.9,0,1,1,0,0,1,1,P1
ml-scenario-757-gitlab-trivy-vuln-2,gitlab-trivy-vuln-2,7.8,high,dependency_vulnerability,GitLab,maven,production,1,1,high,runtime,high,high,high,high,high,high,0.9,0,1,1,1,1,1,1,P1
ml-scenario-758-github-dependabot-1,github-dependabot-1,9.2,critical,dependency_vulnerability,GitHub,maven,production,1,1,high,runtime,high,high,high,high,high,high,0.9,0,1,1,0,0,1,1,P1
ml-scenario-759-gitlab-trivy-vuln-6,gitlab-trivy-vuln-6,4.3,medium,dependency_vulnerability,GitLab,maven,production,1,1,high,runtime,high,high,high,high,high,high,0.9,0,0,1,0,0,0,1,P2
ml-scenario-760-github-dependabot-7,github-dependabot-7,0.0,low,dependency_vulnerability,GitHub,maven,production,1,1,high,runtime,high,high,high,high,high,high,0.9,0,0,1,0,0,0,1,P3
ml-scenario-762-gitlab-trivy-misconfig-1,gitlab-trivy-misconfig-1,0.9,low,misconfiguration,GitLab,,production,0,1,high,build,medium,medium,high,medium,medium,medium,0.9,0,1,0,0,0,0,0,P3
ml-scenario-764-github-dependabot-3,github-dependabot-3,6.3,medium,dependency_vulnerability,GitHub,maven,production,1,1,high,runtime,high,high,high,high,high,high,0.9,0,0,1,0,1,0,1,P2
ml-scenario-765-gitlab-trivy-misconfig-1,gitlab-trivy-misconfig-1,0.0,low,misconfiguration,GitLab,,production,0,1,high,build,medium,medium,high,medium,medium,medium,0.9,0,1,0,0,0,0,0,P4
ml-scenario-768-gitlab-trivy-vuln-6,gitlab-trivy-vuln-6,7.1,high,dependency_vulnerability,GitLab,maven,production,1,1,high,runtime,high,high,high,high,high,high,0.9,0,0,1,0,0,0,1,P1
ml-scenario-770-gitlab-trivy-misconfig-4,gitlab-trivy-misconfig-4,0.0,low,misconfiguration,GitLab,,production,0,1,high,build,medium,medium,high,medium,medium,medium,0.9,0,0,0,0,1,0,0,P4
ml-scenario-771-gitlab-trivy-vuln-1,gitlab-trivy-vuln-1,10.0,critical,dependency_vulnerability,GitLab,maven,production,1,1,high,runtime,high,high,high,high,high,high,0.9,0,1,1,0,0,1,1,P1
ml-scenario-773-gitlab-trivy-vuln-1,gitlab-trivy-vuln-1,10.0,critical,dependency_vulnerability,GitLab,maven,production,1,1,high,runtime,high,high,high,high,high,high,0.9,0,1,1,0,0,1,1,P1
ml-scenario-774-gitlab-trivy-vuln-6,gitlab-trivy-vuln-6,4.8,medium,dependency_vulnerability,GitLab,maven,production,1,1,high,runtime,high,high,high,high,high,high,0.9,0,0,1,0,0,0,1,P2
ml-scenario-775-github-dependabot-7,github-dependabot-7,0.0,low,dependency_vulnerability,GitHub,maven,production,1,1,high,runtime,high,high,high,high,high,high,0.9,0,0,1,0,0,0,1,P3
ml-scenario-776-github-dependabot-6,github-dependabot-6,0.1,low,dependency_vulnerability,GitHub,maven,production,1,1,high,runtime,high,high,high,high,high,high,0.9,0,0,1,0,0,0,1,P3
ml-scenario-777-github-dependabot-6,github-dependabot-6,0.0,low,dependency_vulnerability,GitHub,maven,production,1,1,high,runtime,high,high,high,high,high,high,0.9,0,0,1,0,0,0,1,P3
ml-scenario-781-gitlab-trivy-vuln-2,gitlab-trivy-vuln-2,9.1,critical,dependency_vulnerability,GitLab,maven,production,1,1,high,runtime,high,high,high,high,high,high,0.9,0,1,1,1,1,1,1,P1
ml-scenario-782-gitlab-trivy-vuln-2,gitlab-trivy-vuln-2,8.1,high,dependency_vulnerability,GitLab,maven,production,1,1,high,runtime,high,high,high,high,high,high,0.9,0,1,1,1,1,1,1,P1
ml-scenario-784-gitlab-trivy-vuln-6,gitlab-trivy-vuln-6,4.2,medium,dependency_vulnerability,GitLab,maven,production,1,1,high,runtime,high,high,high,high,high,high,0.9,0,0,1,0,0,0,1,P2
ml-scenario-785-gitlab-trivy-vuln-6,gitlab-trivy-vuln-6,6.1,medium,dependency_vulnerability,GitLab,maven,production,1,1,high,runtime,high,high,high,high,high,high,0.9,0,0,1,0,0,0,1,P2
ml-scenario-786-gitlab-trivy-vuln-5,gitlab-trivy-vuln-5,5.4,medium,dependency_vulnerability,GitLab,maven,production,1,1,high,runtime,high,high,high,high,high,high,0.9,0,0,1,1,0,0,1,P2
ml-scenario-787-github-dependabot-5,github-dependabot-5,0.0,low,dependency_vulnerability,GitHub,maven,production,1,1,high,runtime,high,high,high,high,high,high,0.9,0,0,1,0,0,0,1,P3
ml-scenario-788-gitlab-trivy-misconfig-1,gitlab-trivy-misconfig-1,0.0,low,misconfiguration,GitLab,,production,0,1,high,build,medium,medium,high,medium,medium,medium,0.9,0,1,0,0,0,0,0,P4
ml-scenario-789-gitlab-trivy-vuln-1,gitlab-trivy-vuln-1,10.0,critical,dependency_vulnerability,GitLab,maven,production,1,1,high,runtime,high,high,high,high,high,high,0.9,0,1,1,0,0,1,1,P1
ml-scenario-790-github-dependabot-7,github-dependabot-7,0.0,low,dependency_vulnerability,GitHub,maven,production,1,1,high,runtime,high,high,high,high,high,high,0.9,0,0,1,0,0,0,1,P3
ml-scenario-791-github-dependabot-5,github-dependabot-5,0.0,low,dependency_vulnerability,GitHub,maven,production,1,1,high,runtime,high,high,high,high,high,high,0.9,0,0,1,0,0,0,1,P3
ml-scenario-792-gitlab-trivy-vuln-1,gitlab-trivy-vuln-1,7.8,high,dependency_vulnerability,GitLab,maven,production,1,1,high,runtime,high,high,high,high,high,high,0.9,0,1,1,0,0,1,1,P1
ml-scenario-793-github-dependabot-6,github-dependabot-6,0.0,low,dependency_vulnerability,GitHub,maven,production,1,1,high,runtime,high,high,high,high,high,high,0.9,0,0,1,0,0,0,1,P3
ml-scenario-795-github-dependabot-3,github-dependabot-3,9.1,critical,dependency_vulnerability,GitHub,maven,production,1,1,high,runtime,high,high,high,high,high,high,0.9,0,0,1,0,1,0,1,P1
ml-scenario-796-gitlab-trivy-misconfig-1,gitlab-trivy-misconfig-1,0.0,low,misconfiguration,GitLab,,production,0,1,high,build,medium,medium,high,medium,medium,medium,0.9,0,1,0,0,0,0,0,P4
ml-scenario-797-gitlab-trivy-vuln-2,gitlab-trivy-vuln-2,7.4,high,dependency_vulnerability,GitLab,maven,production,1,1,high,runtime,high,high,high,high,high,high,0.9,0,1,1,1,1,1,1,P1
ml-scenario-798-github-dependabot-7,github-dependabot-7,0.0,low,dependency_vulnerability,GitHub,maven,production,1,1,high,runtime,high,high,high,high,high,high,0.9,0,0,1,0,0,0,1,P3
ml-scenario-799-gitlab-trivy-vuln-1,gitlab-trivy-vuln-1,9.6,critical,dependency_vulnerability,GitLab,maven,production,1,1,high,runtime,high,high,high,high,high,high,0.9,0,1,1,0,0,1,1,P1
ml-scenario-800-gitlab-trivy-misconfig-1,gitlab-trivy-misconfig-1,0.8,low,misconfiguration,GitLab,,production,0,1,high,build,medium,medium,high,medium,medium,medium,0.9,0,1,0,0,0,0,0,P3
ml-scenario-801-github-dependabot-7,github-dependabot-7,0.0,low,dependency_vulnerability,GitHub,maven,production,1,1,high,runtime,high,high,high,high,high,high,0.9,0,0,1,0,0,0,1,P3
ml-scenario-802-gitlab-trivy-vuln-2,gitlab-trivy-vuln-2,8.6,high,dependency_vulnerability,GitLab,maven,production,1,1,high,runtime,high,high,high,high,high,high,0.9,0,1,1,1,1,1,1,P1
ml-scenario-804-gitlab-trivy-vuln-6,gitlab-trivy-vuln-6,6.1,medium,dependency_vulnerability,GitLab,maven,production,1,1,high,runtime,high,high,high,high,high,high,0.9,0,0,1,0,0,0,1,P2
ml-scenario-805-github-dependabot-4,github-dependabot-4,7.5,high,dependency_vulnerability,GitHub,maven,production,1,1,high,runtime,high,high,high,high,high,high,0.9,0,1,1,0,0,1,1,P1
ml-scenario-806-github-dependabot-2,github-dependabot-2,10.0,critical,dependency_vulnerability,GitHub,maven,production,1,1,high,runtime,high,high,high,high,high,high,0.9,0,1,1,0,0,1,1,P1
ml-scenario-808-gitlab-trivy-misconfig-4,gitlab-trivy-misconfig-4,0.0,low,misconfiguration,GitLab,,production,0,1,high,build,medium,medium,high,medium,medium,medium,0.9,0,0,0,0,1,0,0,P4
ml-scenario-809-gitlab-trivy-vuln-4,gitlab-trivy-vuln-4,6.6,medium,dependency_vulnerability,GitLab,maven,production,1,1,high,runtime,high,high,high,high,high,high,0.9,0,1,0,0,0,1,1,P2
ml-scenario-811-gitlab-trivy-vuln-5,gitlab-trivy-vuln-5,6.2,medium,dependency_vulnerability,GitLab,maven,production,1,1,high,runtime,high,high,high,high,high,high,0.9,0,0,1,1,0,0,1,P2
ml-scenario-813-github-dependabot-3,github-dependabot-3,9.1,critical,dependency_vulnerability,GitHub,maven,production,1,1,high,runtime,high,high,high,high,high,high,0.9,0,0,1,0,1,0,1,P1
ml-scenario-814-gitlab-trivy-misconfig-1,gitlab-trivy-misconfig-1,0.0,low,misconfiguration,GitLab,,production,0,1,high,build,medium,medium,high,medium,medium,medium,0.9,0,1,0,0,0,0,0,P4
ml-scenario-815-gitlab-trivy-misconfig-1,gitlab-trivy-misconfig-1,1.0,low,misconfiguration,GitLab,,production,0,1,high,build,medium,medium,high,medium,medium,medium,0.9,0,1,0,0,0,0,0,P3
ml-scenario-816-gitlab-trivy-vuln-6,gitlab-trivy-vuln-6,6.1,medium,dependency_vulnerability,GitLab,maven,production,1,1,high,runtime,high,high,high,high,high,high,0.9,0,0,1,0,0,0,1,P2
ml-scenario-817-gitlab-trivy-vuln-2,gitlab-trivy-vuln-2,8.5,high,dependency_vulnerability,GitLab,maven,production,1,1,high,runtime,high,high,high,high,high,high,0.9,0,1,1,1,1,1,1,P1
ml-scenario-818-gitlab-trivy-vuln-5,gitlab-trivy-vuln-5,6.9,medium,dependency_vulnerability,GitLab,maven,production,1,1,high,runtime,high,high,high,high,high,high,0.9,0,0,1,1,0,0,1,P2
ml-scenario-823-github-dependabot-4,github-dependabot-4,6.9,medium,dependency_vulnerability,GitHub,maven,production,1,1,high,runtime,high,high,high,high,high,high,0.9,0,1,1,0,0,1,1,P2
ml-scenario-824-github-dependabot-2,github-dependabot-2,8.8,high,dependency_vulnerability,GitHub,maven,production,1,1,high,runtime,high,high,high,high,high,high,0.9,0,1,1,0,0,1,1,P1
ml-scenario-825-github-dependabot-7,github-dependabot-7,0.0,low,dependency_vulnerability,GitHub,maven,production,1,1,high,runtime,high,high,high,high,high,high,0.9,0,0,1,0,0,0,1,P3
ml-scenario-826-gitlab-trivy-misconfig-4,gitlab-trivy-misconfig-4,0.0,low,misconfiguration,GitLab,,production,0,1,high,build,medium,medium,high,medium,medium,medium,0.9,0,0,0,0,1,0,0,P4
ml-scenario-827-gitlab-trivy-vuln-2,gitlab-trivy-vuln-2,6.8,medium,dependency_vulnerability,GitLab,maven,production,1,1,high,runtime,high,high,high,high,high,high,0.9,0,1,1,1,1,1,1,P2
ml-scenario-828-github-dependabot-6,github-dependabot-6,1.0,low,dependency_vulnerability,GitHub,maven,production,1,1,high,runtime,high,high,high,high,high,high,0.9,0,0,1,0,0,0,1,P3
ml-scenario-830-github-dependabot-5,github-dependabot-5,0.4,low,dependency_vulnerability,GitHub,maven,production,1,1,high,runtime,high,high,high,high,high,high,0.9,0,0,1,0,0,0,1,P3
ml-scenario-831-gitlab-trivy-vuln-2,gitlab-trivy-vuln-2,7.0,high,dependency_vulnerability,GitLab,maven,production,1,1,high,runtime,high,high,high,high,high,high,0.9,0,1,1,1,1,1,1,P1
ml-scenario-832-gitlab-trivy-vuln-6,gitlab-trivy-vuln-6,6.0,medium,dependency_vulnerability,GitLab,maven,production,1,1,high,runtime,high,high,high,high,high,high,0.9,0,0,1,0,0,0,1,P2
ml-scenario-833-gitlab-trivy-misconfig-1,gitlab-trivy-misconfig-1,0.0,low,misconfiguration,GitLab,,production,0,1,high,build,medium,medium,high,medium,medium,medium,0.9,0,1,0,0,0,0,0,P4
ml-scenario-835-gitlab-trivy-misconfig-4,gitlab-trivy-misconfig-4,0.0,low,misconfiguration,GitLab,,production,0,1,high,build,medium,medium,high,medium,medium,medium,0.9,0,0,0,0,1,0,0,P4
ml-scenario-837-github-dependabot-3,github-dependabot-3,7.6,high,dependency_vulnerability,GitHub,maven,production,1,1,high,runtime,high,high,high,high,high,high,0.9,0,0,1,0,1,0,1,P1
ml-scenario-838-gitlab-trivy-vuln-1,gitlab-trivy-vuln-1,10.0,critical,dependency_vulnerability,GitLab,maven,production,1,1,high,runtime,high,high,high,high,high,high,0.9,0,1,1,0,0,1,1,P1
ml-scenario-841-github-dependabot-4,github-dependabot-4,5.3,medium,dependency_vulnerability,GitHub,maven,production,1,1,high,runtime,high,high,high,high,high,high,0.9,0,1,1,0,0,1,1,P2
ml-scenario-843-gitlab-trivy-vuln-2,gitlab-trivy-vuln-2,7.5,high,dependency_vulnerability,GitLab,maven,production,1,1,high,runtime,high,high,high,high,high,high,0.9,0,1,1,1,1,1,1,P1
ml-scenario-844-gitlab-trivy-misconfig-4,gitlab-trivy-misconfig-4,0.0,low,misconfiguration,GitLab,,production,0,1,high,build,medium,medium,high,medium,medium,medium,0.9,0,0,0,0,1,0,0,P4
ml-scenario-845-gitlab-trivy-vuln-5,gitlab-trivy-vuln-5,6.0,medium,dependency_vulnerability,GitLab,maven,production,1,1,high,runtime,high,high,high,high,high,high,0.9,0,0,1,1,0,0,1,P2
ml-scenario-846-gitlab-trivy-vuln-2,gitlab-trivy-vuln-2,8.4,high,dependency_vulnerability,GitLab,maven,production,1,1,high,runtime,high,high,high,high,high,high,0.9,0,1,1,1,1,1,1,P1
ml-scenario-848-github-dependabot-3,github-dependabot-3,6.7,medium,dependency_vulnerability,GitHub,maven,production,1,1,high,runtime,high,high,high,high,high,high,0.9,0,0,1,0,1,0,1,P2
ml-scenario-849-gitlab-trivy-vuln-6,gitlab-trivy-vuln-6,6.7,medium,dependency_vulnerability,GitLab,maven,production,1,1,high,runtime,high,high,high,high,high,high,0.9,0,0,1,0,0,0,1,P2
ml-scenario-850-gitlab-trivy-vuln-1,gitlab-trivy-vuln-1,10.0,critical,dependency_vulnerability,GitLab,maven,production,1,1,high,runtime,high,high,high,high,high,high,0.9,0,1,1,0,0,1,1,P1
ml-scenario-851-github-dependabot-2,github-dependabot-2,7.8,high,dependency_vulnerability,GitHub,maven,production,1,1,high,runtime,high,high,high,high,high,high,0.9,0,1,1,0,0,1,1,P1
ml-scenario-852-gitlab-trivy-vuln-4,gitlab-trivy-vuln-4,6.4,medium,dependency_vulnerability,GitLab,maven,production,1,1,high,runtime,high,high,high,high,high,high,0.9,0,1,0,0,0,1,1,P2
ml-scenario-853-github-dependabot-5,github-dependabot-5,0.0,low,dependency_vulnerability,GitHub,maven,production,1,1,high,runtime,high,high,high,high,high,high,0.9,0,0,1,0,0,0,1,P3
ml-scenario-854-github-dependabot-2,github-dependabot-2,9.2,critical,dependency_vulnerability,GitHub,maven,production,1,1,high,runtime,high,high,high,high,high,high,0.9,0,1,1,0,0,1,1,P1
ml-scenario-855-gitlab-trivy-misconfig-4,gitlab-trivy-misconfig-4,0.0,low,misconfiguration,GitLab,,production,0,1,high,build,medium,medium,high,medium,medium,medium,0.9,0,0,0,0,1,0,0,P4
ml-scenario-856-gitlab-trivy-vuln-5,gitlab-trivy-vuln-5,5.5,medium,dependency_vulnerability,GitLab,maven,production,1,1,high,runtime,high,high,high,high,high,high,0.9,0,0,1,1,0,0,1,P2
ml-scenario-857-github-dependabot-6,github-dependabot-6,0.0,low,dependency_vulnerability,GitHub,maven,production,1,1,high,runtime,high,high,high,high,high,high,0.9,0,0,1,0,0,0,1,P3
ml-scenario-858-gitlab-trivy-vuln-2,gitlab-trivy-vuln-2,9.0,critical,dependency_vulnerability,GitLab,maven,production,1,1,high,runtime,high,high,high,high,high,high,0.9,0,1,1,1,1,1,1,P1
ml-scenario-861-gitlab-trivy-vuln-6,gitlab-trivy-vuln-6,5.9,medium,dependency_vulnerability,GitLab,maven,production,1,1,high,runtime,high,high,high,high,high,high,0.9,0,0,1,0,0,0,1,P2
ml-scenario-862-gitlab-trivy-vuln-6,gitlab-trivy-vuln-6,6.8,medium,dependency_vulnerability,GitLab,maven,production,1,1,high,runtime,high,high,high,high,high,high,0.9,0,0,1,0,0,0,1,P2
ml-scenario-863-gitlab-trivy-vuln-6,gitlab-trivy-vuln-6,6.4,medium,dependency_vulnerability,GitLab,maven,production,1,1,high,runtime,high,high,high,high,high,high,0.9,0,0,1,0,0,0,1,P2
ml-scenario-864-github-dependabot-7,github-dependabot-7,0.9,low,dependency_vulnerability,GitHub,maven,production,1,1,high,runtime,high,high,high,high,high,high,0.9,0,0,1,0,0,0,1,P3
ml-scenario-865-github-dependabot-3,github-dependabot-3,8.8,high,dependency_vulnerability,GitHub,maven,production,1,1,high,runtime,high,high,high,high,high,high,0.9,0,0,1,0,1,0,1,P1
ml-scenario-867-gitlab-trivy-vuln-6,gitlab-trivy-vuln-6,4.6,medium,dependency_vulnerability,GitLab,maven,production,1,1,high,runtime,high,high,high,high,high,high,0.9,0,0,1,0,0,0,1,P2
ml-scenario-868-github-dependabot-1,github-dependabot-1,7.4,high,dependency_vulnerability,GitHub,maven,production,1,1,high,runtime,high,high,high,high,high,high,0.9,0,1,1,0,0,1,1,P1
ml-scenario-869-github-dependabot-4,github-dependabot-4,4.6,medium,dependency_vulnerability,GitHub,maven,production,1,1,high,runtime,high,high,high,high,high,high,0.9,0,1,1,0,0,1,1,P2
ml-scenario-870-gitlab-trivy-vuln-1,gitlab-trivy-vuln-1,8.5,high,dependency_vulnerability,GitLab,maven,production,1,1,high,runtime,high,high,high,high,high,high,0.9,0,1,1,0,0,1,1,P1
ml-scenario-871-github-dependabot-6,github-dependabot-6,0.5,low,dependency_vulnerability,GitHub,maven,production,1,1,high,runtime,high,high,high,high,high,high,0.9,0,0,1,0,0,0,1,P3
ml-scenario-872-github-dependabot-5,github-dependabot-5,0.0,low,dependency_vulnerability,GitHub,maven,production,1,1,high,runtime,high,high,high,high,high,high,0.9,0,0,1,0,0,0,1,P3
ml-scenario-874-gitlab-trivy-vuln-6,gitlab-trivy-vuln-6,4.5,medium,dependency_vulnerability,GitLab,maven,production,1,1,high,runtime,high,high,high,high,high,high,0.9,0,0,1,0,0,0,1,P2
ml-scenario-877-gitlab-trivy-vuln-5,gitlab-trivy-vuln-5,5.5,medium,dependency_vulnerability,GitLab,maven,production,1,1,high,runtime,high,high,high,high,high,high,0.9,0,0,1,1,0,0,1,P2
ml-scenario-878-gitlab-trivy-vuln-2,gitlab-trivy-vuln-2,9.9,critical,dependency_vulnerability,GitLab,maven,production,1,1,high,runtime,high,high,high,high,high,high,0.9,0,1,1,1,1,1,1,P1
ml-scenario-880-github-dependabot-4,github-dependabot-4,4.9,medium,dependency_vulnerability,GitHub,maven,production,1,1,high,runtime,high,high,high,high,high,high,0.9,0,1,1,0,0,1,1,P2
ml-scenario-881-github-dependabot-7,github-dependabot-7,0.0,low,dependency_vulnerability,GitHub,maven,production,1,1,high,runtime,high,high,high,high,high,high,0.9,0,0,1,0,0,0,1,P3
ml-scenario-882-gitlab-trivy-vuln-5,gitlab-trivy-vuln-5,5.5,medium,dependency_vulnerability,GitLab,maven,production,1,1,high,runtime,high,high,high,high,high,high,0.9,0,0,1,1,0,0,1,P2
ml-scenario-884-github-dependabot-2,github-dependabot-2,10.0,critical,dependency_vulnerability,GitHub,maven,production,1,1,high,runtime,high,high,high,high,high,high,0.9,0,1,1,0,0,1,1,P1
ml-scenario-885-github-dependabot-5,github-dependabot-5,0.0,low,dependency_vulnerability,GitHub,maven,production,1,1,high,runtime,high,high,high,high,high,high,0.9,0,0,1,0,0,0,1,P3
ml-scenario-886-gitlab-trivy-vuln-4,gitlab-trivy-vuln-4,6.6,medium,dependency_vulnerability,GitLab,maven,production,1,1,high,runtime,high,high,high,high,high,high,0.9,0,1,0,0,0,1,1,P2
ml-scenario-887-github-dependabot-6,github-dependabot-6,0.0,low,dependency_vulnerability,GitHub,maven,production,1,1,high,runtime,high,high,high,high,high,high,0.9,0,0,1,0,0,0,1,P3
ml-scenario-888-github-dependabot-6,github-dependabot-6,0.0,low,dependency_vulnerability,GitHub,maven,production,1,1,high,runtime,high,high,high,high,high,high,0.9,0,0,1,0,0,0,1,P3
ml-scenario-889-gitlab-trivy-misconfig-4,gitlab-trivy-misconfig-4,0.0,low,misconfiguration,GitLab,,production,0,1,high,build,medium,medium,high,medium,medium,medium,0.9,0,0,0,0,1,0,0,P4
ml-scenario-890-gitlab-trivy-misconfig-4,gitlab-trivy-misconfig-4,0.0,low,misconfiguration,GitLab,,production,0,1,high,build,medium,medium,high,medium,medium,medium,0.9,0,0,0,0,1,0,0,P4
ml-scenario-891-github-dependabot-6,github-dependabot-6,0.0,low,dependency_vulnerability,GitHub,maven,production,1,1,high,runtime,high,high,high,high,high,high,0.9,0,0,1,0,0,0,1,P3
ml-scenario-892-gitlab-trivy-misconfig-4,gitlab-trivy-misconfig-4,0.0,low,misconfiguration,GitLab,,production,0,1,high,build,medium,medium,high,medium,medium,medium,0.9,0,0,0,0,1,0,0,P4
ml-scenario-893-github-dependabot-1,github-dependabot-1,7.0,high,dependency_vulnerability,GitHub,maven,production,1,1,high,runtime,high,high,high,high,high,high,0.9,0,1,1,0,0,1,1,P1
ml-scenario-894-github-dependabot-1,github-dependabot-1,7.9,high,dependency_vulnerability,GitHub,maven,production,1,1,high,runtime,high,high,high,high,high,high,0.9,0,1,1,0,0,1,1,P1
ml-scenario-895-gitlab-trivy-vuln-6,gitlab-trivy-vuln-6,5.8,medium,dependency_vulnerability,GitLab,maven,production,1,1,high,runtime,high,high,high,high,high,high,0.9,0,0,1,0,0,0,1,P2
ml-scenario-896-github-dependabot-7,github-dependabot-7,0.1,low,dependency_vulnerability,GitHub,maven,production,1,1,high,runtime,high,high,high,high,high,high,0.9,0,0,1,0,0,0,1,P3
ml-scenario-898-github-dependabot-6,github-dependabot-6,0.0,low,dependency_vulnerability,GitHub,maven,production,1,1,high,runtime,high,high,high,high,high,high,0.9,0,0,1,0,0,0,1,P3
ml-scenario-899-gitlab-trivy-vuln-1,gitlab-trivy-vuln-1,7.6,high,dependency_vulnerability,GitLab,maven,production,1,1,high,runtime,high,high,high,high,high,high,0.9,0,1,1,0,0,1,1,P1
ml-scenario-900-gitlab-trivy-vuln-6,gitlab-trivy-vuln-6,6.6,medium,dependency_vulnerability,GitLab,maven,production,1,1,high,runtime,high,high,high,high,high,high,0.9,0,0,1,0,0,0,1,P2
ml-scenario-903-gitlab-trivy-vuln-6,gitlab-trivy-vuln-6,4.4,medium,dependency_vulnerability,GitLab,maven,production,1,1,high,runtime,high,high,high,high,high,high,0.9,0,0,1,0,0,0,1,P2
ml-scenario-904-gitlab-trivy-vuln-5,gitlab-trivy-vuln-5,5.9,medium,dependency_vulnerability,GitLab,maven,production,1,1,high,runtime,high,high,high,high,high,high,0.9,0,0,1,1,0,0,1,P2
ml-scenario-906-gitlab-trivy-misconfig-4,gitlab-trivy-misconfig-4,0.0,low,misconfiguration,GitLab,,production,0,1,high,build,medium,medium,high,medium,medium,medium,0.9,0,0,0,0,1,0,0,P4
ml-scenario-907-gitlab-trivy-vuln-5,gitlab-trivy-vuln-5,5.5,medium,dependency_vulnerability,GitLab,maven,production,1,1,high,runtime,high,high,high,high,high,high,0.9,0,0,1,1,0,0,1,P2
ml-scenario-908-github-dependabot-2,github-dependabot-2,8.8,high,dependency_vulnerability,GitHub,maven,production,1,1,high,runtime,high,high,high,high,high,high,0.9,0,1,1,0,0,1,1,P1
ml-scenario-909-github-dependabot-1,github-dependabot-1,9.9,critical,dependency_vulnerability,GitHub,maven,production,1,1,high,runtime,high,high,high,high,high,high,0.9,0,1,1,0,0,1,1,P1
ml-scenario-910-gitlab-trivy-vuln-5,gitlab-trivy-vuln-5,6.6,medium,dependency_vulnerability,GitLab,maven,production,1,1,high,runtime,high,high,high,high,high,high,0.9,0,0,1,1,0,0,1,P2
ml-scenario-911-github-dependabot-2,github-dependabot-2,9.6,critical,dependency_vulnerability,GitHub,maven,production,1,1,high,runtime,high,high,high,high,high,high,0.9,0,1,1,0,0,1,1,P1
ml-scenario-912-gitlab-trivy-vuln-4,gitlab-trivy-vuln-4,7.5,high,dependency_vulnerability,GitLab,maven,production,1,1,high,runtime,high,high,high,high,high,high,0.9,0,1,0,0,0,1,1,P1
ml-scenario-913-github-dependabot-4,github-dependabot-4,6.6,medium,dependency_vulnerability,GitHub,maven,production,1,1,high,runtime,high,high,high,high,high,high,0.9,0,1,1,0,0,1,1,P2
ml-scenario-915-github-dependabot-6,github-dependabot-6,0.0,low,dependency_vulnerability,GitHub,maven,production,1,1,high,runtime,high,high,high,high,high,high,0.9,0,0,1,0,0,0,1,P3
ml-scenario-916-github-dependabot-4,github-dependabot-4,4.2,medium,dependency_vulnerability,GitHub,maven,production,1,1,high,runtime,high,high,high,high,high,high,0.9,0,1,1,0,0,1,1,P2
ml-scenario-917-github-dependabot-1,github-dependabot-1,7.2,high,dependency_vulnerability,GitHub,maven,production,1,1,high,runtime,high,high,high,high,high,high,0.9,0,1,1,0,0,1,1,P1
ml-scenario-918-gitlab-trivy-misconfig-1,gitlab-trivy-misconfig-1,0.0,low,misconfiguration,GitLab,,production,0,1,high,build,medium,medium,high,medium,medium,medium,0.9,0,1,0,0,0,0,0,P4
ml-scenario-919-github-dependabot-3,github-dependabot-3,7.5,high,dependency_vulnerability,GitHub,maven,production,1,1,high,runtime,high,high,high,high,high,high,0.9,0,0,1,0,1,0,1,P1
ml-scenario-922-gitlab-trivy-vuln-1,gitlab-trivy-vuln-1,10.0,critical,dependency_vulnerability,GitLab,maven,production,1,1,high,runtime,high,high,high,high,high,high,0.9,0,1,1,0,0,1,1,P1
ml-scenario-924-gitlab-trivy-vuln-6,gitlab-trivy-vuln-6,7.3,high,dependency_vulnerability,GitLab,maven,production,1,1,high,runtime,high,high,high,high,high,high,0.9,0,0,1,0,0,0,1,P1
ml-scenario-926-gitlab-trivy-vuln-6,gitlab-trivy-vuln-6,7.1,high,dependency_vulnerability,GitLab,maven,production,1,1,high,runtime,high,high,high,high,high,high,0.9,0,0,1,0,0,0,1,P1
ml-scenario-927-gitlab-trivy-misconfig-1,gitlab-trivy-misconfig-1,0.7,low,misconfiguration,GitLab,,production,0,1,high,build,medium,medium,high,medium,medium,medium,0.9,0,1,0,0,0,0,0,P3
ml-scenario-928-gitlab-trivy-vuln-6,gitlab-trivy-vuln-6,5.7,medium,dependency_vulnerability,GitLab,maven,production,1,1,high,runtime,high,high,high,high,high,high,0.9,0,0,1,0,0,0,1,P2
ml-scenario-929-gitlab-trivy-vuln-4,gitlab-trivy-vuln-4,6.2,medium,dependency_vulnerability,GitLab,maven,production,1,1,high,runtime,high,high,high,high,high,high,0.9,0,1,0,0,0,1,1,P2
ml-scenario-931-gitlab-trivy-vuln-4,gitlab-trivy-vuln-4,6.1,medium,dependency_vulnerability,GitLab,maven,production,1,1,high,runtime,high,high,high,high,high,high,0.9,0,1,0,0,0,1,1,P2
ml-scenario-932-github-dependabot-4,github-dependabot-4,7.4,high,dependency_vulnerability,GitHub,maven,production,1,1,high,runtime,high,high,high,high,high,high,0.9,0,1,1,0,0,1,1,P1
ml-scenario-933-gitlab-trivy-vuln-5,gitlab-trivy-vuln-5,6.5,medium,dependency_vulnerability,GitLab,maven,production,1,1,high,runtime,high,high,high,high,high,high,0.9,0,0,1,1,0,0,1,P2
ml-scenario-936-github-dependabot-7,github-dependabot-7,0.0,low,dependency_vulnerability,GitHub,maven,production,1,1,high,runtime,high,high,high,high,high,high,0.9,0,0,1,0,0,0,1,P3
ml-scenario-937-gitlab-trivy-vuln-4,gitlab-trivy-vuln-4,5.1,medium,dependency_vulnerability,GitLab,maven,production,1,1,high,runtime,high,high,high,high,high,high,0.9,0,1,0,0,0,1,1,P2
ml-scenario-938-gitlab-trivy-misconfig-4,gitlab-trivy-misconfig-4,0.0,low,misconfiguration,GitLab,,production,0,1,high,build,medium,medium,high,medium,medium,medium,0.9,0,0,0,0,1,0,0,P4
ml-scenario-939-github-dependabot-6,github-dependabot-6,0.4,low,dependency_vulnerability,GitHub,maven,production,1,1,high,runtime,high,high,high,high,high,high,0.9,0,0,1,0,0,0,1,P3
ml-scenario-940-github-dependabot-3,github-dependabot-3,7.1,high,dependency_vulnerability,GitHub,maven,production,1,1,high,runtime,high,high,high,high,high,high,0.9,0,0,1,0,1,0,1,P1
ml-scenario-941-gitlab-trivy-vuln-5,gitlab-trivy-vuln-5,7.1,high,dependency_vulnerability,GitLab,maven,production,1,1,high,runtime,high,high,high,high,high,high,0.9,0,0,1,1,0,0,1,P1
ml-scenario-942-gitlab-trivy-vuln-2,gitlab-trivy-vuln-2,7.8,high,dependency_vulnerability,GitLab,maven,production,1,1,high,runtime,high,high,high,high,high,high,0.9,0,1,1,1,1,1,1,P1
ml-scenario-943-gitlab-trivy-misconfig-1,gitlab-trivy-misconfig-1,0.0,low,misconfiguration,GitLab,,production,0,1,high,build,medium,medium,high,medium,medium,medium,0.9,0,1,0,0,0,0,0,P4
ml-scenario-945-gitlab-trivy-misconfig-4,gitlab-trivy-misconfig-4,0.0,low,misconfiguration,GitLab,,production,0,1,high,build,medium,medium,high,medium,medium,medium,0.9,0,0,0,0,1,0,0,P4
ml-scenario-946-gitlab-trivy-misconfig-4,gitlab-trivy-misconfig-4,0.0,low,misconfiguration,GitLab,,production,0,1,high,build,medium,medium,high,medium,medium,medium,0.9,0,0,0,0,1,0,0,P4
ml-scenario-947-github-dependabot-3,github-dependabot-3,6.5,medium,dependency_vulnerability,GitHub,maven,production,1,1,high,runtime,high,high,high,high,high,high,0.9,0,0,1,0,1,0,1,P2
ml-scenario-948-github-dependabot-4,github-dependabot-4,4.9,medium,dependency_vulnerability,GitHub,maven,production,1,1,high,runtime,high,high,high,high,high,high,0.9,0,1,1,0,0,1,1,P2
ml-scenario-950-github-dependabot-4,github-dependabot-4,4.3,medium,dependency_vulnerability,GitHub,maven,production,1,1,high,runtime,high,high,high,high,high,high,0.9,0,1,1,0,0,1,1,P2
ml-scenario-951-github-dependabot-5,github-dependabot-5,0.0,low,dependency_vulnerability,GitHub,maven,production,1,1,high,runtime,high,high,high,high,high,high,0.9,0,0,1,0,0,0,1,P3
ml-scenario-953-github-dependabot-3,github-dependabot-3,6.1,medium,dependency_vulnerability,GitHub,maven,production,1,1,high,runtime,high,high,high,high,high,high,0.9,0,0,1,0,1,0,1,P2
ml-scenario-954-gitlab-trivy-misconfig-4,gitlab-trivy-misconfig-4,0.9,low,misconfiguration,GitLab,,production,0,1,high,build,medium,medium,high,medium,medium,medium,0.9,0,0,0,0,1,0,0,P3
ml-scenario-958-gitlab-trivy-vuln-5,gitlab-trivy-vuln-5,4.9,medium,dependency_vulnerability,GitLab,maven,production,1,1,high,runtime,high,high,high,high,high,high,0.9,0,0,1,1,0,0,1,P2
ml-scenario-959-gitlab-trivy-vuln-1,gitlab-trivy-vuln-1,10.0,critical,dependency_vulnerability,GitLab,maven,production,1,1,high,runtime,high,high,high,high,high,high,0.9,0,1,1,0,0,1,1,P1
ml-scenario-960-gitlab-trivy-vuln-2,gitlab-trivy-vuln-2,8.9,high,dependency_vulnerability,GitLab,maven,production,1,1,high,runtime,high,high,high,high,high,high,0.9,0,1,1,1,1,1,1,P1
ml-scenario-961-github-dependabot-4,github-dependabot-4,6.0,medium,dependency_vulnerability,GitHub,maven,production,1,1,high,runtime,high,high,high,high,high,high,0.9,0,1,1,0,0,1,1,P2
ml-scenario-962-gitlab-trivy-vuln-1,gitlab-trivy-vuln-1,10.0,critical,dependency_vulnerability,GitLab,maven,production,1,1,high,runtime,high,high,high,high,high,high,0.9,0,1,1,0,0,1,1,P1
ml-scenario-965-gitlab-trivy-vuln-1,gitlab-trivy-vuln-1,10.0,critical,dependency_vulnerability,GitLab,maven,production,1,1,high,runtime,high,high,high,high,high,high,0.9,0,1,1,0,0,1,1,P1
ml-scenario-966-github-dependabot-6,github-dependabot-6,0.3,low,dependency_vulnerability,GitHub,maven,production,1,1,high,runtime,high,high,high,high,high,high,0.9,0,0,1,0,0,0,1,P3
ml-scenario-968-gitlab-trivy-vuln-5,gitlab-trivy-vuln-5,6.9,medium,dependency_vulnerability,GitLab,maven,production,1,1,high,runtime,high,high,high,high,high,high,0.9,0,0,1,1,0,0,1,P2
ml-scenario-969-github-dependabot-2,github-dependabot-2,8.5,high,dependency_vulnerability,GitHub,maven,production,1,1,high,runtime,high,high,high,high,high,high,0.9,0,1,1,0,0,1,1,P1
ml-scenario-970-github-dependabot-1,github-dependabot-1,9.7,critical,dependency_vulnerability,GitHub,maven,production,1,1,high,runtime,high,high,high,high,high,high,0.9,0,1,1,0,0,1,1,P1
ml-scenario-971-gitlab-trivy-vuln-6,gitlab-trivy-vuln-6,4.8,medium,dependency_vulnerability,GitLab,maven,production,1,1,high,runtime,high,high,high,high,high,high,0.9,0,0,1,0,0,0,1,P2
ml-scenario-972-gitlab-trivy-misconfig-4,gitlab-trivy-misconfig-4,0.0,low,misconfiguration,GitLab,,production,0,1,high,build,medium,medium,high,medium,medium,medium,0.9,0,0,0,0,1,0,0,P4
ml-scenario-973-github-dependabot-3,github-dependabot-3,9.1,critical,dependency_vulnerability,GitHub,maven,production,1,1,high,runtime,high,high,high,high,high,high,0.9,0,0,1,0,1,0,1,P1
ml-scenario-974-gitlab-trivy-misconfig-1,gitlab-trivy-misconfig-1,0.0,low,misconfiguration,GitLab,,production,0,1,high,build,medium,medium,high,medium,medium,medium,0.9,0,1,0,0,0,0,0,P4
ml-scenario-975-github-dependabot-1,github-dependabot-1,7.7,high,dependency_vulnerability,GitHub,maven,production,1,1,high,runtime,high,high,high,high,high,high,0.9,0,1,1,0,0,1,1,P1
ml-scenario-976-gitlab-trivy-misconfig-1,gitlab-trivy-misconfig-1,0.0,low,misconfiguration,GitLab,,production,0,1,high,build,medium,medium,high,medium,medium,medium,0.9,0,1,0,0,0,0,0,P4
ml-scenario-978-gitlab-trivy-vuln-6,gitlab-trivy-vuln-6,6.6,medium,dependency_vulnerability,GitLab,maven,production,1,1,high,runtime,high,high,high,high,high,high,0.9,0,0,1,0,0,0,1,P2
ml-scenario-980-github-dependabot-6,github-dependabot-6,0.4,low,dependency_vulnerability,GitHub,maven,production,1,1,high,runtime,high,high,high,high,high,high,0.9,0,0,1,0,0,0,1,P3
ml-scenario-982-github-dependabot-6,github-dependabot-6,0.0,low,dependency_vulnerability,GitHub,maven,production,1,1,high,runtime,high,high,high,high,high,high,0.9,0,0,1,0,0,0,1,P3
ml-scenario-985-github-dependabot-4,github-dependabot-4,4.1,medium,dependency_vulnerability,GitHub,maven,production,1,1,high,runtime,high,high,high,high,high,high,0.9,0,1,1,0,0,1,1,P2
ml-scenario-986-github-dependabot-6,github-dependabot-6,0.0,low,dependency_vulnerability,GitHub,maven,production,1,1,high,runtime,high,high,high,high,high,high,0.9,0,0,1,0,0,0,1,P3
ml-scenario-987-gitlab-trivy-vuln-4,gitlab-trivy-vuln-4,7.4,high,dependency_vulnerability,GitLab,maven,production,1,1,high,runtime,high,high,high,high,high,high,0.9,0,1,0,0,0,1,1,P1
ml-scenario-988-gitlab-trivy-vuln-5,gitlab-trivy-vuln-5,5.8,medium,dependency_vulnerability,GitLab,maven,production,1,1,high,runtime,high,high,high,high,high,high,0.9,0,0,1,1,0,0,1,P2
ml-scenario-989-github-dependabot-2,github-dependabot-2,8.4,high,dependency_vulnerability,GitHub,maven,production,1,1,high,runtime,high,high,high,high,high,high,0.9,0,1,1,0,0,1,1,P1
ml-scenario-990-github-dependabot-7,github-dependabot-7,0.0,low,dependency_vulnerability,GitHub,maven,production,1,1,high,runtime,high,high,high,high,high,high,0.9,0,0,1,0,0,0,1,P3
ml-scenario-991-gitlab-trivy-vuln-1,gitlab-trivy-vuln-1,9.8,critical,dependency_vulnerability,GitLab,maven,production,1,1,high,runtime,high,high,high,high,high,high,0.9,0,1,1,0,0,1,1,P1
ml-scenario-992-gitlab-trivy-misconfig-1,gitlab-trivy-misconfig-1,0.0,low,misconfiguration,GitLab,,production,0,1,high,build,medium,medium,high,medium,medium,medium,0.9,0,1,0,0,0,0,0,P4
ml-scenario-993-github-dependabot-6,github-dependabot-6,0.0,low,dependency_vulnerability,GitHub,maven,production,1,1,high,runtime,high,high,high,high,high,high,0.9,0,0,1,0,0,0,1,P3
ml-scenario-994-gitlab-trivy-vuln-5,gitlab-trivy-vuln-5,6.2,medium,dependency_vulnerability,GitLab,maven,production,1,1,high,runtime,high,high,high,high,high,high,0.9,0,0,1,1,0,0,1,P2
ml-scenario-995-gitlab-trivy-vuln-5,gitlab-trivy-vuln-5,5.1,medium,dependency_vulnerability,GitLab,maven,production,1,1,high,runtime,high,high,high,high,high,high,0.9,0,0,1,1,0,0,1,P2
ml-scenario-996-github-dependabot-4,github-dependabot-4,4.9,medium,dependency_vulnerability,GitHub,maven,production,1,1,high,runtime,high,high,high,high,high,high,0.9,0,1,1,0,0,1,1,P2
ml-scenario-997-github-dependabot-3,github-dependabot-3,7.8,high,dependency_vulnerability,GitHub,maven,production,1,1,high,runtime,high,high,high,high,high,high,0.9,0,0,1,0,1,0,1,P1
ml-scenario-998-gitlab-trivy-misconfig-1,gitlab-trivy-misconfig-1,0.1,low,misconfiguration,GitLab,,production,0,1,high,build,medium,medium,high,medium,medium,medium,0.9,0,1,0,0,0,0,0,P3
ml-scenario-999-github-dependabot-7,github-dependabot-7,0.0,low,dependency_vulnerability,GitHub,maven,production,1,1,high,runtime,high,high,high,high,high,high,0.9,0,0,1,0,0,0,1,P3
ml-scenario-1000-gitlab-trivy-misconfig-4,gitlab-trivy-misconfig-4,0.7,low,misconfiguration,GitLab,,production,0,1,high,build,medium,medium,high,medium,medium,medium,0.9,0,0,0,0,1,0,0,P3
ml-scenario-1001-gitlab-trivy-misconfig-4,gitlab-trivy-misconfig-4,0.3,low,misconfiguration,GitLab,,production,0,1,high,build,medium,medium,high,medium,medium,medium,0.9,0,0,0,0,1,0,0,P3
ml-scenario-1003-gitlab-trivy-vuln-2,gitlab-trivy-vuln-2,8.4,high,dependency_vulnerability,GitLab,maven,production,1,1,high,runtime,high,high,high,high,high,high,0.9,0,1,1,1,1,1,1,P1
ml-scenario-1005-gitlab-trivy-vuln-2,gitlab-trivy-vuln-2,9.8,critical,dependency_vulnerability,GitLab,maven,production,1,1,high,runtime,high,high,high,high,high,high,0.9,0,1,1,1,1,1,1,P1
ml-scenario-1006-github-dependabot-1,github-dependabot-1,6.7,medium,dependency_vulnerability,GitHub,maven,production,1,1,high,runtime,high,high,high,high,high,high,0.9,0,1,1,0,0,1,1,P2
ml-scenario-1007-gitlab-trivy-misconfig-4,gitlab-trivy-misconfig-4,0.7,low,misconfiguration,GitLab,,production,0,1,high,build,medium,medium,high,medium,medium,medium,0.9,0,0,0,0,1,0,0,P3
ml-scenario-1009-github-dependabot-3,github-dependabot-3,6.7,medium,dependency_vulnerability,GitHub,maven,production,1,1,high,runtime,high,high,high,high,high,high,0.9,0,0,1,0,1,0,1,P2
ml-scenario-1014-gitlab-trivy-vuln-1,gitlab-trivy-vuln-1,9.1,critical,dependency_vulnerability,GitLab,maven,production,1,1,high,runtime,high,high,high,high,high,high,0.9,0,1,1,0,0,1,1,P1
ml-scenario-1016-gitlab-trivy-vuln-1,gitlab-trivy-vuln-1,9.5,critical,dependency_vulnerability,GitLab,maven,production,1,1,high,runtime,high,high,high,high,high,high,0.9,0,1,1,0,0,1,1,P1
ml-scenario-1017-gitlab-trivy-vuln-5,gitlab-trivy-vuln-5,6.3,medium,dependency_vulnerability,GitLab,maven,production,1,1,high,runtime,high,high,high,high,high,high,0.9,0,0,1,1,0,0,1,P2
ml-scenario-1018-github-dependabot-6,github-dependabot-6,0.0,low,dependency_vulnerability,GitHub,maven,production,1,1,high,runtime,high,high,high,high,high,high,0.9,0,0,1,0,0,0,1,P3
ml-scenario-1019-github-dependabot-2,github-dependabot-2,10.0,critical,dependency_vulnerability,GitHub,maven,production,1,1,high,runtime,high,high,high,high,high,high,0.9,0,1,1,0,0,1,1,P1
ml-scenario-1020-gitlab-trivy-vuln-2,gitlab-trivy-vuln-2,6.8,medium,dependency_vulnerability,GitLab,maven,production,1,1,high,runtime,high,high,high,high,high,high,0.9,0,1,1,1,1,1,1,P2
ml-scenario-1021-github-dependabot-7,github-dependabot-7,0.0,low,dependency_vulnerability,GitHub,maven,production,1,1,high,runtime,high,high,high,high,high,high,0.9,0,0,1,0,0,0,1,P3
ml-scenario-1022-gitlab-trivy-misconfig-4,gitlab-trivy-misconfig-4,1.0,low,misconfiguration,GitLab,,production,0,1,high,build,medium,medium,high,medium,medium,medium,0.9,0,0,0,0,1,0,0,P3
ml-scenario-1023-gitlab-trivy-vuln-2,gitlab-trivy-vuln-2,10.0,critical,dependency_vulnerability,GitLab,maven,production,1,1,high,runtime,high,high,high,high,high,high,0.9,0,1,1,1,1,1,1,P1
ml-scenario-1025-github-dependabot-5,github-dependabot-5,0.0,low,dependency_vulnerability,GitHub,maven,production,1,1,high,runtime,high,high,high,high,high,high,0.9,0,0,1,0,0,0,1,P3
ml-scenario-1026-github-dependabot-3,github-dependabot-3,8.8,high,dependency_vulnerability,GitHub,maven,production,1,1,high,runtime,high,high,high,high,high,high,0.9,0,0,1,0,1,0,1,P1
ml-scenario-1027-github-dependabot-5,github-dependabot-5,0.0,low,dependency_vulnerability,GitHub,maven,production,1,1,high,runtime,high,high,high,high,high,high,0.9,0,0,1,0,0,0,1,P3
ml-scenario-1028-github-dependabot-6,github-dependabot-6,0.0,low,dependency_vulnerability,GitHub,maven,production,1,1,high,runtime,high,high,high,high,high,high,0.9,0,0,1,0,0,0,1,P3
ml-scenario-1029-github-dependabot-6,github-dependabot-6,0.0,low,dependency_vulnerability,GitHub,maven,production,1,1,high,runtime,high,high,high,high,high,high,0.9,0,0,1,0,0,0,1,P3
ml-scenario-1030-gitlab-trivy-misconfig-4,gitlab-trivy-misconfig-4,0.0,low,misconfiguration,GitLab,,production,0,1,high,build,medium,medium,high,medium,medium,medium,0.9,0,0,0,0,1,0,0,P4
ml-scenario-1031-github-dependabot-7,github-dependabot-7,0.0,low,dependency_vulnerability,GitHub,maven,production,1,1,high,runtime,high,high,high,high,high,high,0.9,0,0,1,0,0,0,1,P3
ml-scenario-1032-gitlab-trivy-misconfig-4,gitlab-trivy-misconfig-4,0.0,low,misconfiguration,GitLab,,production,0,1,high,build,medium,medium,high,medium,medium,medium,0.9,0,0,0,0,1,0,0,P4
ml-scenario-1033-github-dependabot-3,github-dependabot-3,8.6,high,dependency_vulnerability,GitHub,maven,production,1,1,high,runtime,high,high,high,high,high,high,0.9,0,0,1,0,1,0,1,P1
ml-scenario-1034-github-dependabot-4,github-dependabot-4,7.0,high,dependency_vulnerability,GitHub,maven,production,1,1,high,runtime,high,high,high,high,high,high,0.9,0,1,1,0,0,1,1,P1
ml-scenario-1035-github-dependabot-2,github-dependabot-2,10.0,critical,dependency_vulnerability,GitHub,maven,production,1,1,high,runtime,high,high,high,high,high,high,0.9,0,1,1,0,0,1,1,P1
ml-scenario-1036-gitlab-trivy-misconfig-1,gitlab-trivy-misconfig-1,0.0,low,misconfiguration,GitLab,,production,0,1,high,build,medium,medium,high,medium,medium,medium,0.9,0,1,0,0,0,0,0,P4
ml-scenario-1037-gitlab-trivy-misconfig-4,gitlab-trivy-misconfig-4,0.0,low,misconfiguration,GitLab,,production,0,1,high,build,medium,medium,high,medium,medium,medium,0.9,0,0,0,0,1,0,0,P4
ml-scenario-1038-github-dependabot-6,github-dependabot-6,0.4,low,dependency_vulnerability,GitHub,maven,production,1,1,high,runtime,high,high,high,high,high,high,0.9,0,0,1,0,0,0,1,P3
ml-scenario-1039-github-dependabot-4,github-dependabot-4,5.7,medium,dependency_vulnerability,GitHub,maven,production,1,1,high,runtime,high,high,high,high,high,high,0.9,0,1,1,0,0,1,1,P2
ml-scenario-1040-github-dependabot-3,github-dependabot-3,7.1,high,dependency_vulnerability,GitHub,maven,production,1,1,high,runtime,high,high,high,high,high,high,0.9,0,0,1,0,1,0,1,P1
ml-scenario-1041-github-dependabot-1,github-dependabot-1,6.6,medium,dependency_vulnerability,GitHub,maven,production,1,1,high,runtime,high,high,high,high,high,high,0.9,0,1,1,0,0,1,1,P2
ml-scenario-1042-github-dependabot-5,github-dependabot-5,0.0,low,dependency_vulnerability,GitHub,maven,production,1,1,high,runtime,high,high,high,high,high,high,0.9,0,0,1,0,0,0,1,P3
ml-scenario-1043-github-dependabot-2,github-dependabot-2,8.3,high,dependency_vulnerability,GitHub,maven,production,1,1,high,runtime,high,high,high,high,high,high,0.9,0,1,1,0,0,1,1,P1
ml-scenario-1044-gitlab-trivy-vuln-2,gitlab-trivy-vuln-2,7.0,high,dependency_vulnerability,GitLab,maven,production,1,1,high,runtime,high,high,high,high,high,high,0.9,0,1,1,1,1,1,1,P1
ml-scenario-1045-gitlab-trivy-vuln-1,gitlab-trivy-vuln-1,9.1,critical,dependency_vulnerability,GitLab,maven,production,1,1,high,runtime,high,high,high,high,high,high,0.9,0,1,1,0,0,1,1,P1
ml-scenario-1046-gitlab-trivy-vuln-1,gitlab-trivy-vuln-1,8.4,high,dependency_vulnerability,GitLab,maven,production,1,1,high,runtime,high,high,high,high,high,high,0.9,0,1,1,0,0,1,1,P1
ml-scenario-1047-gitlab-trivy-vuln-1,gitlab-trivy-vuln-1,8.9,high,dependency_vulnerability,GitLab,maven,production,1,1,high,runtime,high,high,high,high,high,high,0.9,0,1,1,0,0,1,1,P1
ml-scenario-1048-github-dependabot-4,github-dependabot-4,6.0,medium,dependency_vulnerability,GitHub,maven,production,1,1,high,runtime,high,high,high,high,high,high,0.9,0,1,1,0,0,1,1,P2
ml-scenario-1049-gitlab-trivy-vuln-1,gitlab-trivy-vuln-1,8.0,high,dependency_vulnerability,GitLab,maven,production,1,1,high,runtime,high,high,high,high,high,high,0.9,0,1,1,0,0,1,1,P1
ml-scenario-1050-gitlab-trivy-vuln-5,gitlab-trivy-vuln-5,4.6,medium,dependency_vulnerability,GitLab,maven,production,1,1,high,runtime,high,high,high,high,high,high,0.9,0,0,1,1,0,0,1,P2
ml-scenario-1051-gitlab-trivy-vuln-6,gitlab-trivy-vuln-6,5.8,medium,dependency_vulnerability,GitLab,maven,production,1,1,high,runtime,high,high,high,high,high,high,0.9,0,0,1,0,0,0,1,P2
ml-scenario-1052-gitlab-trivy-vuln-6,gitlab-trivy-vuln-6,4.6,medium,dependency_vulnerability,GitLab,maven,production,1,1,high,runtime,high,high,high,high,high,high,0.9,0,0,1,0,0,0,1,P2
ml-scenario-1053-github-dependabot-3,github-dependabot-3,9.5,critical,dependency_vulnerability,GitHub,maven,production,1,1,high,runtime,high,high,high,high,high,high,0.9,0,0,1,0,1,0,1,P1
ml-scenario-1055-gitlab-trivy-vuln-5,gitlab-trivy-vuln-5,4.8,medium,dependency_vulnerability,GitLab,maven,production,1,1,high,runtime,high,high,high,high,high,high,0.9,0,0,1,1,0,0,1,P2
ml-scenario-1056-gitlab-trivy-misconfig-4,gitlab-trivy-misconfig-4,0.8,low,misconfiguration,GitLab,,production,0,1,high,build,medium,medium,high,medium,medium,medium,0.9,0,0,0,0,1,0,0,P3
ml-scenario-1058-github-dependabot-5,github-dependabot-5,0.0,low,dependency_vulnerability,GitHub,maven,production,1,1,high,runtime,high,high,high,high,high,high,0.9,0,0,1,0,0,0,1,P3
ml-scenario-1059-gitlab-trivy-vuln-1,gitlab-trivy-vuln-1,10.0,critical,dependency_vulnerability,GitLab,maven,production,1,1,high,runtime,high,high,high,high,high,high,0.9,0,1,1,0,0,1,1,P1
ml-scenario-1060-github-dependabot-6,github-dependabot-6,0.3,low,dependency_vulnerability,GitHub,maven,production,1,1,high,runtime,high,high,high,high,high,high,0.9,0,0,1,0,0,0,1,P3
ml-scenario-1061-gitlab-trivy-vuln-6,gitlab-trivy-vuln-6,6.2,medium,dependency_vulnerability,GitLab,maven,production,1,1,high,runtime,high,high,high,high,high,high,0.9,0,0,1,0,0,0,1,P2
ml-scenario-1062-github-dependabot-5,github-dependabot-5,0.0,low,dependency_vulnerability,GitHub,maven,production,1,1,high,runtime,high,high,high,high,high,high,0.9,0,0,1,0,0,0,1,P3
ml-scenario-1063-github-dependabot-6,github-dependabot-6,0.0,low,dependency_vulnerability,GitHub,maven,production,1,1,high,runtime,high,high,high,high,high,high,0.9,0,0,1,0,0,0,1,P3
ml-scenario-1064-gitlab-trivy-misconfig-4,gitlab-trivy-misconfig-4,0.0,low,misconfiguration,GitLab,,production,0,1,high,build,medium,medium,high,medium,medium,medium,0.9,0,0,0,0,1,0,0,P4
ml-scenario-1065-github-dependabot-4,github-dependabot-4,5.2,medium,dependency_vulnerability,GitHub,maven,production,1,1,high,runtime,high,high,high,high,high,high,0.9,0,1,1,0,0,1,1,P2
ml-scenario-1066-github-dependabot-3,github-dependabot-3,8.9,high,dependency_vulnerability,GitHub,maven,production,1,1,high,runtime,high,high,high,high,high,high,0.9,0,0,1,0,1,0,1,P1
ml-scenario-1067-gitlab-trivy-vuln-1,gitlab-trivy-vuln-1,9.5,critical,dependency_vulnerability,GitLab,maven,production,1,1,high,runtime,high,high,high,high,high,high,0.9,0,1,1,0,0,1,1,P1
ml-scenario-1068-github-dependabot-5,github-dependabot-5,0.0,low,dependency_vulnerability,GitHub,maven,production,1,1,high,runtime,high,high,high,high,high,high,0.9,0,0,1,0,0,0,1,P3
ml-scenario-1069-github-dependabot-3,github-dependabot-3,7.5,high,dependency_vulnerability,GitHub,maven,production,1,1,high,runtime,high,high,high,high,high,high,0.9,0,0,1,0,1,0,1,P1
ml-scenario-1070-gitlab-trivy-vuln-4,gitlab-trivy-vuln-4,4.8,medium,dependency_vulnerability,GitLab,maven,production,1,1,high,runtime,high,high,high,high,high,high,0.9,0,1,0,0,0,1,1,P2
ml-scenario-1071-gitlab-trivy-vuln-2,gitlab-trivy-vuln-2,9.8,critical,dependency_vulnerability,GitLab,maven,production,1,1,high,runtime,high,high,high,high,high,high,0.9,0,1,1,1,1,1,1,P1
ml-scenario-1072-github-dependabot-7,github-dependabot-7,0.0,low,dependency_vulnerability,GitHub,maven,production,1,1,high,runtime,high,high,high,high,high,high,0.9,0,0,1,0,0,0,1,P3
ml-scenario-1074-github-dependabot-6,github-dependabot-6,0.0,low,dependency_vulnerability,GitHub,maven,production,1,1,high,runtime,high,high,high,high,high,high,0.9,0,0,1,0,0,0,1,P3
ml-scenario-1075-gitlab-trivy-vuln-1,gitlab-trivy-vuln-1,10.0,critical,dependency_vulnerability,GitLab,maven,production,1,1,high,runtime,high,high,high,high,high,high,0.9,0,1,1,0,0,1,1,P1
ml-scenario-1077-gitlab-trivy-misconfig-4,gitlab-trivy-misconfig-4,0.0,low,misconfiguration,GitLab,,production,0,1,high,build,medium,medium,high,medium,medium,medium,0.9,0,0,0,0,1,0,0,P4
ml-scenario-1079-gitlab-trivy-vuln-6,gitlab-trivy-vuln-6,4.9,medium,dependency_vulnerability,GitLab,maven,production,1,1,high,runtime,high,high,high,high,high,high,0.9,0,0,1,0,0,0,1,P2
ml-scenario-1080-github-dependabot-2,github-dependabot-2,8.2,high,dependency_vulnerability,GitHub,maven,production,1,1,high,runtime,high,high,high,high,high,high,0.9,0,1,1,0,0,1,1,P1
ml-scenario-1082-github-dependabot-1,github-dependabot-1,9.1,critical,dependency_vulnerability,GitHub,maven,production,1,1,high,runtime,high,high,high,high,high,high,0.9,0,1,1,0,0,1,1,P1
ml-scenario-1085-github-dependabot-4,github-dependabot-4,6.0,medium,dependency_vulnerability,GitHub,maven,production,1,1,high,runtime,high,high,high,high,high,high,0.9,0,1,1,0,0,1,1,P2
ml-scenario-1086-gitlab-trivy-vuln-5,gitlab-trivy-vuln-5,5.1,medium,dependency_vulnerability,GitLab,maven,production,1,1,high,runtime,high,high,high,high,high,high,0.9,0,0,1,1,0,0,1,P2
ml-scenario-1087-gitlab-trivy-misconfig-4,gitlab-trivy-misconfig-4,0.0,low,misconfiguration,GitLab,,production,0,1,high,build,medium,medium,high,medium,medium,medium,0.9,0,0,0,0,1,0,0,P4
ml-scenario-1088-gitlab-trivy-vuln-5,gitlab-trivy-vuln-5,4.7,medium,dependency_vulnerability,GitLab,maven,production,1,1,high,runtime,high,high,high,high,high,high,0.9,0,0,1,1,0,0,1,P2
ml-scenario-1090-gitlab-trivy-misconfig-1,gitlab-trivy-misconfig-1,0.0,low,misconfiguration,GitLab,,production,0,1,high,build,medium,medium,high,medium,medium,medium,0.9,0,1,0,0,0,0,0,P4
ml-scenario-1092-gitlab-trivy-vuln-6,gitlab-trivy-vuln-6,7.0,high,dependency_vulnerability,GitLab,maven,production,1,1,high,runtime,high,high,high,high,high,high,0.9,0,0,1,0,0,0,1,P1
ml-scenario-1093-github-dependabot-7,github-dependabot-7,0.0,low,dependency_vulnerability,GitHub,maven,production,1,1,high,runtime,high,high,high,high,high,high,0.9,0,0,1,0,0,0,1,P3
ml-scenario-1094-gitlab-trivy-vuln-1,gitlab-trivy-vuln-1,9.5,critical,dependency_vulnerability,GitLab,maven,production,1,1,high,runtime,high,high,high,high,high,high,0.9,0,1,1,0,0,1,1,P1
ml-scenario-1095-github-dependabot-4,github-dependabot-4,6.7,medium,dependency_vulnerability,GitHub,maven,production,1,1,high,runtime,high,high,high,high,high,high,0.9,0,1,1,0,0,1,1,P2
ml-scenario-1096-github-dependabot-2,github-dependabot-2,8.4,high,dependency_vulnerability,GitHub,maven,production,1,1,high,runtime,high,high,high,high,high,high,0.9,0,1,1,0,0,1,1,P1
ml-scenario-1097-github-dependabot-5,github-dependabot-5,0.0,low,dependency_vulnerability,GitHub,maven,production,1,1,high,runtime,high,high,high,high,high,high,0.9,0,0,1,0,0,0,1,P3
ml-scenario-1099-github-dependabot-6,github-dependabot-6,0.0,low,dependency_vulnerability,GitHub,maven,production,1,1,high,runtime,high,high,high,high,high,high,0.9,0,0,1,0,0,0,1,P3
ml-scenario-1100-github-dependabot-4,github-dependabot-4,5.8,medium,dependency_vulnerability,GitHub,maven,production,1,1,high,runtime,high,high,high,high,high,high,0.9,0,1,1,0,0,1,1,P2
ml-scenario-1101-gitlab-trivy-vuln-6,gitlab-trivy-vuln-6,4.7,medium,dependency_vulnerability,GitLab,maven,production,1,1,high,runtime,high,high,high,high,high,high,0.9,0,0,1,0,0,0,1,P2
ml-scenario-1104-github-dependabot-7,github-dependabot-7,0.0,low,dependency_vulnerability,GitHub,maven,production,1,1,high,runtime,high,high,high,high,high,high,0.9,0,0,1,0,0,0,1,P3
ml-scenario-1105-gitlab-trivy-misconfig-4,gitlab-trivy-misconfig-4,0.0,low,misconfiguration,GitLab,,production,0,1,high,build,medium,medium,high,medium,medium,medium,0.9,0,0,0,0,1,0,0,P4
ml-scenario-1106-gitlab-trivy-misconfig-4,gitlab-trivy-misconfig-4,1.0,low,misconfiguration,GitLab,,production,0,1,high,build,medium,medium,high,medium,medium,medium,0.9,0,0,0,0,1,0,0,P3
ml-scenario-1107-gitlab-trivy-vuln-1,gitlab-trivy-vuln-1,9.3,critical,dependency_vulnerability,GitLab,maven,production,1,1,high,runtime,high,high,high,high,high,high,0.9,0,1,1,0,0,1,1,P1
ml-scenario-1108-gitlab-trivy-vuln-2,gitlab-trivy-vuln-2,9.9,critical,dependency_vulnerability,GitLab,maven,production,1,1,high,runtime,high,high,high,high,high,high,0.9,0,1,1,1,1,1,1,P1
ml-scenario-1109-gitlab-trivy-vuln-1,gitlab-trivy-vuln-1,10.0,critical,dependency_vulnerability,GitLab,maven,production,1,1,high,runtime,high,high,high,high,high,high,0.9,0,1,1,0,0,1,1,P1
ml-scenario-1110-github-dependabot-5,github-dependabot-5,0.0,low,dependency_vulnerability,GitHub,maven,production,1,1,high,runtime,high,high,high,high,high,high,0.9,0,0,1,0,0,0,1,P3
ml-scenario-1111-github-dependabot-4,github-dependabot-4,4.3,medium,dependency_vulnerability,GitHub,maven,production,1,1,high,runtime,high,high,high,high,high,high,0.9,0,1,1,0,0,1,1,P2
ml-scenario-1112-github-dependabot-3,github-dependabot-3,6.1,medium,dependency_vulnerability,GitHub,maven,production,1,1,high,runtime,high,high,high,high,high,high,0.9,0,0,1,0,1,0,1,P2
ml-scenario-1114-gitlab-trivy-vuln-1,gitlab-trivy-vuln-1,9.7,critical,dependency_vulnerability,GitLab,maven,production,1,1,high,runtime,high,high,high,high,high,high,0.9,0,1,1,0,0,1,1,P1
ml-scenario-1116-github-dependabot-2,github-dependabot-2,7.5,high,dependency_vulnerability,GitHub,maven,production,1,1,high,runtime,high,high,high,high,high,high,0.9,0,1,1,0,0,1,1,P1
ml-scenario-1117-gitlab-trivy-misconfig-4,gitlab-trivy-misconfig-4,0.0,low,misconfiguration,GitLab,,production,0,1,high,build,medium,medium,high,medium,medium,medium,0.9,0,0,0,0,1,0,0,P4
ml-scenario-1118-github-dependabot-2,github-dependabot-2,9.4,critical,dependency_vulnerability,GitHub,maven,production,1,1,high,runtime,high,high,high,high,high,high,0.9,0,1,1,0,0,1,1,P1
ml-scenario-1119-gitlab-trivy-vuln-4,gitlab-trivy-vuln-4,6.0,medium,dependency_vulnerability,GitLab,maven,production,1,1,high,runtime,high,high,high,high,high,high,0.9,0,1,0,0,0,1,1,P2
ml-scenario-1120-gitlab-trivy-vuln-5,gitlab-trivy-vuln-5,3.9,low,dependency_vulnerability,GitLab,maven,production,1,1,high,runtime,high,high,high,high,high,high,0.9,0,0,1,1,0,0,1,P3
ml-scenario-1121-github-dependabot-5,github-dependabot-5,0.3,low,dependency_vulnerability,GitHub,maven,production,1,1,high,runtime,high,high,high,high,high,high,0.9,0,0,1,0,0,0,1,P3
ml-scenario-1123-github-dependabot-1,github-dependabot-1,8.3,high,dependency_vulnerability,GitHub,maven,production,1,1,high,runtime,high,high,high,high,high,high,0.9,0,1,1,0,0,1,1,P1
ml-scenario-1124-github-dependabot-4,github-dependabot-4,4.8,medium,dependency_vulnerability,GitHub,maven,production,1,1,high,runtime,high,high,high,high,high,high,0.9,0,1,1,0,0,1,1,P2
ml-scenario-1126-github-dependabot-7,github-dependabot-7,0.0,low,dependency_vulnerability,GitHub,maven,production,1,1,high,runtime,high,high,high,high,high,high,0.9,0,0,1,0,0,0,1,P3
ml-scenario-1127-github-dependabot-6,github-dependabot-6,0.0,low,dependency_vulnerability,GitHub,maven,production,1,1,high,runtime,high,high,high,high,high,high,0.9,0,0,1,0,0,0,1,P3
ml-scenario-1128-github-dependabot-6,github-dependabot-6,0.0,low,dependency_vulnerability,GitHub,maven,production,1,1,high,runtime,high,high,high,high,high,high,0.9,0,0,1,0,0,0,1,P3
ml-scenario-1129-github-dependabot-4,github-dependabot-4,7.6,high,dependency_vulnerability,GitHub,maven,production,1,1,high,runtime,high,high,high,high,high,high,0.9,0,1,1,0,0,1,1,P1
ml-scenario-1130-github-dependabot-4,github-dependabot-4,5.1,medium,dependency_vulnerability,GitHub,maven,production,1,1,high,runtime,high,high,high,high,high,high,0.9,0,1,1,0,0,1,1,P2
ml-scenario-1131-gitlab-trivy-vuln-2,gitlab-trivy-vuln-2,8.9,high,dependency_vulnerability,GitLab,maven,production,1,1,high,runtime,high,high,high,high,high,high,0.9,0,1,1,1,1,1,1,P1
ml-scenario-1132-gitlab-trivy-vuln-1,gitlab-trivy-vuln-1,7.8,high,dependency_vulnerability,GitLab,maven,production,1,1,high,runtime,high,high,high,high,high,high,0.9,0,1,1,0,0,1,1,P1
ml-scenario-1133-github-dependabot-6,github-dependabot-6,0.0,low,dependency_vulnerability,GitHub,maven,production,1,1,high,runtime,high,high,high,high,high,high,0.9,0,0,1,0,0,0,1,P3
ml-scenario-1135-github-dependabot-2,github-dependabot-2,10.0,critical,dependency_vulnerability,GitHub,maven,production,1,1,high,runtime,high,high,high,high,high,high,0.9,0,1,1,0,0,1,1,P1
ml-scenario-1136-gitlab-trivy-vuln-2,gitlab-trivy-vuln-2,8.3,high,dependency_vulnerability,GitLab,maven,production,1,1,high,runtime,high,high,high,high,high,high,0.9,0,1,1,1,1,1,1,P1
ml-scenario-1137-github-dependabot-5,github-dependabot-5,0.0,low,dependency_vulnerability,GitHub,maven,production,1,1,high,runtime,high,high,high,high,high,high,0.9,0,0,1,0,0,0,1,P3
ml-scenario-1138-gitlab-trivy-vuln-6,gitlab-trivy-vuln-6,5.8,medium,dependency_vulnerability,GitLab,maven,production,1,1,high,runtime,high,high,high,high,high,high,0.9,0,0,1,0,0,0,1,P2
ml-scenario-1139-github-dependabot-1,github-dependabot-1,9.6,critical,dependency_vulnerability,GitHub,maven,production,1,1,high,runtime,high,high,high,high,high,high,0.9,0,1,1,0,0,1,1,P1
ml-scenario-1140-gitlab-trivy-vuln-1,gitlab-trivy-vuln-1,8.3,high,dependency_vulnerability,GitLab,maven,production,1,1,high,runtime,high,high,high,high,high,high,0.9,0,1,1,0,0,1,1,P1
ml-scenario-1142-gitlab-trivy-vuln-2,gitlab-trivy-vuln-2,9.0,critical,dependency_vulnerability,GitLab,maven,production,1,1,high,runtime,high,high,high,high,high,high,0.9,0,1,1,1,1,1,1,P1
ml-scenario-1143-gitlab-trivy-vuln-4,gitlab-trivy-vuln-4,7.2,high,dependency_vulnerability,GitLab,maven,production,1,1,high,runtime,high,high,high,high,high,high,0.9,0,1,0,0,0,1,1,P1
ml-scenario-1144-gitlab-trivy-vuln-1,gitlab-trivy-vuln-1,8.1,high,dependency_vulnerability,GitLab,maven,production,1,1,high,runtime,high,high,high,high,high,high,0.9,0,1,1,0,0,1,1,P1
ml-scenario-1145-gitlab-trivy-vuln-6,gitlab-trivy-vuln-6,3.9,low,dependency_vulnerability,GitLab,maven,production,1,1,high,runtime,high,high,high,high,high,high,0.9,0,0,1,0,0,0,1,P3
ml-scenario-1147-github-dependabot-6,github-dependabot-6,0.8,low,dependency_vulnerability,GitHub,maven,production,1,1,high,runtime,high,high,high,high,high,high,0.9,0,0,1,0,0,0,1,P3
ml-scenario-1148-gitlab-trivy-vuln-5,gitlab-trivy-vuln-5,4.4,medium,dependency_vulnerability,GitLab,maven,production,1,1,high,runtime,high,high,high,high,high,high,0.9,0,0,1,1,0,0,1,P2
ml-scenario-1149-github-dependabot-4,github-dependabot-4,6.1,medium,dependency_vulnerability,GitHub,maven,production,1,1,high,runtime,high,high,high,high,high,high,0.9,0,1,1,0,0,1,1,P2
ml-scenario-1150-github-dependabot-6,github-dependabot-6,0.0,low,dependency_vulnerability,GitHub,maven,production,1,1,high,runtime,high,high,high,high,high,high,0.9,0,0,1,0,0,0,1,P3
ml-scenario-1151-gitlab-trivy-misconfig-4,gitlab-trivy-misconfig-4,0.0,low,misconfiguration,GitLab,,production,0,1,high,build,medium,medium,high,medium,medium,medium,0.9,0,0,0,0,1,0,0,P4
ml-scenario-1152-github-dependabot-3,github-dependabot-3,8.9,high,dependency_vulnerability,GitHub,maven,production,1,1,high,runtime,high,high,high,high,high,high,0.9,0,0,1,0,1,0,1,P1
ml-scenario-1153-gitlab-trivy-vuln-2,gitlab-trivy-vuln-2,8.4,high,dependency_vulnerability,GitLab,maven,production,1,1,high,runtime,high,high,high,high,high,high,0.9,0,1,1,1,1,1,1,P1
ml-scenario-1154-github-dependabot-7,github-dependabot-7,0.0,low,dependency_vulnerability,GitHub,maven,production,1,1,high,runtime,high,high,high,high,high,high,0.9,0,0,1,0,0,0,1,P3
ml-scenario-1155-github-dependabot-5,github-dependabot-5,0.0,low,dependency_vulnerability,GitHub,maven,production,1,1,high,runtime,high,high,high,high,high,high,0.9,0,0,1,0,0,0,1,P3
ml-scenario-1156-gitlab-trivy-vuln-2,gitlab-trivy-vuln-2,7.8,high,dependency_vulnerability,GitLab,maven,production,1,1,high,runtime,high,high,high,high,high,high,0.9,0,1,1,1,1,1,1,P1
ml-scenario-1157-github-dependabot-6,github-dependabot-6,0.9,low,dependency_vulnerability,GitHub,maven,production,1,1,high,runtime,high,high,high,high,high,high,0.9,0,0,1,0,0,0,1,P3
ml-scenario-1158-gitlab-trivy-vuln-6,gitlab-trivy-vuln-6,3.9,low,dependency_vulnerability,GitLab,maven,production,1,1,high,runtime,high,high,high,high,high,high,0.9,0,0,1,0,0,0,1,P3
ml-scenario-1159-gitlab-trivy-vuln-4,gitlab-trivy-vuln-4,6.8,medium,dependency_vulnerability,GitLab,maven,production,1,1,high,runtime,high,high,high,high,high,high,0.9,0,1,0,0,0,1,1,P2
ml-scenario-1160-gitlab-trivy-misconfig-1,gitlab-trivy-misconfig-1,0.0,low,misconfiguration,GitLab,,production,0,1,high,build,medium,medium,high,medium,medium,medium,0.9,0,1,0,0,0,0,0,P4
ml-scenario-1161-github-dependabot-7,github-dependabot-7,0.0,low,dependency_vulnerability,GitHub,maven,production,1,1,high,runtime,high,high,high,high,high,high,0.9,0,0,1,0,0,0,1,P3
ml-scenario-1162-github-dependabot-6,github-dependabot-6,0.0,low,dependency_vulnerability,GitHub,maven,production,1,1,high,runtime,high,high,high,high,high,high,0.9,0,0,1,0,0,0,1,P3
ml-scenario-1163-github-dependabot-6,github-dependabot-6,0.0,low,dependency_vulnerability,GitHub,maven,production,1,1,high,runtime,high,high,high,high,high,high,0.9,0,0,1,0,0,0,1,P3
ml-scenario-1164-gitlab-trivy-vuln-5,gitlab-trivy-vuln-5,6.6,medium,dependency_vulnerability,GitLab,maven,production,1,1,high,runtime,high,high,high,high,high,high,0.9,0,0,1,1,0,0,1,P2
ml-scenario-1165-gitlab-trivy-vuln-2,gitlab-trivy-vuln-2,6.9,medium,dependency_vulnerability,GitLab,maven,production,1,1,high,runtime,high,high,high,high,high,high,0.9,0,1,1,1,1,1,1,P2
ml-scenario-1166-github-dependabot-3,github-dependabot-3,7.4,high,dependency_vulnerability,GitHub,maven,production,1,1,high,runtime,high,high,high,high,high,high,0.9,0,0,1,0,1,0,1,P1
ml-scenario-1167-github-dependabot-3,github-dependabot-3,8.7,high,dependency_vulnerability,GitHub,maven,production,1,1,high,runtime,high,high,high,high,high,high,0.9,0,0,1,0,1,0,1,P1
ml-scenario-1168-gitlab-trivy-vuln-6,gitlab-trivy-vuln-6,5.1,medium,dependency_vulnerability,GitLab,maven,production,1,1,high,runtime,high,high,high,high,high,high,0.9,0,0,1,0,0,0,1,P2
ml-scenario-1169-gitlab-trivy-vuln-2,gitlab-trivy-vuln-2,6.6,medium,dependency_vulnerability,GitLab,maven,production,1,1,high,runtime,high,high,high,high,high,high,0.9,0,1,1,1,1,1,1,P2
ml-scenario-1170-gitlab-trivy-vuln-5,gitlab-trivy-vuln-5,5.4,medium,dependency_vulnerability,GitLab,maven,production,1,1,high,runtime,high,high,high,high,high,high,0.9,0,0,1,1,0,0,1,P2
ml-scenario-1171-gitlab-trivy-vuln-4,gitlab-trivy-vuln-4,4.5,medium,dependency_vulnerability,GitLab,maven,production,1,1,high,runtime,high,high,high,high,high,high,0.9,0,1,0,0,0,1,1,P2
ml-scenario-1172-gitlab-trivy-vuln-2,gitlab-trivy-vuln-2,7.3,high,dependency_vulnerability,GitLab,maven,production,1,1,high,runtime,high,high,high,high,high,high,0.9,0,1,1,1,1,1,1,P1
ml-scenario-1173-gitlab-trivy-misconfig-1,gitlab-trivy-misconfig-1,0.0,low,misconfiguration,GitLab,,production,0,1,high,build,medium,medium,high,medium,medium,medium,0.9,0,1,0,0,0,0,0,P4
ml-scenario-1175-github-dependabot-2,github-dependabot-2,7.8,high,dependency_vulnerability,GitHub,maven,production,1,1,high,runtime,high,high,high,high,high,high,0.9,0,1,1,0,0,1,1,P1
ml-scenario-1176-gitlab-trivy-misconfig-4,gitlab-trivy-misconfig-4,0.0,low,misconfiguration,GitLab,,production,0,1,high,build,medium,medium,high,medium,medium,medium,0.9,0,0,0,0,1,0,0,P4
ml-scenario-1177-gitlab-trivy-vuln-6,gitlab-trivy-vuln-6,6.8,medium,dependency_vulnerability,GitLab,maven,production,1,1,high,runtime,high,high,high,high,high,high,0.9,0,0,1,0,0,0,1,P2
ml-scenario-1178-github-dependabot-2,github-dependabot-2,8.5,high,dependency_vulnerability,GitHub,maven,production,1,1,high,runtime,high,high,high,high,high,high,0.9,0,1,1,0,0,1,1,P1
ml-scenario-1179-github-dependabot-6,github-dependabot-6,0.2,low,dependency_vulnerability,GitHub,maven,production,1,1,high,runtime,high,high,high,high,high,high,0.9,0,0,1,0,0,0,1,P3
ml-scenario-1180-gitlab-trivy-misconfig-4,gitlab-trivy-misconfig-4,0.7,low,misconfiguration,GitLab,,production,0,1,high,build,medium,medium,high,medium,medium,medium,0.9,0,0,0,0,1,0,0,P3
ml-scenario-1181-github-dependabot-4,github-dependabot-4,6.1,medium,dependency_vulnerability,GitHub,maven,production,1,1,high,runtime,high,high,high,high,high,high,0.9,0,1,1,0,0,1,1,P2
ml-scenario-1184-gitlab-trivy-vuln-5,gitlab-trivy-vuln-5,4.7,medium,dependency_vulnerability,GitLab,maven,production,1,1,high,runtime,high,high,high,high,high,high,0.9,0,0,1,1,0,0,1,P2
ml-scenario-1185-github-dependabot-3,github-dependabot-3,6.3,medium,dependency_vulnerability,GitHub,maven,production,1,1,high,runtime,high,high,high,high,high,high,0.9,0,0,1,0,1,0,1,P2
ml-scenario-1186-github-dependabot-5,github-dependabot-5,0.0,low,dependency_vulnerability,GitHub,maven,production,1,1,high,runtime,high,high,high,high,high,high,0.9,0,0,1,0,0,0,1,P3
ml-scenario-1187-gitlab-trivy-vuln-5,gitlab-trivy-vuln-5,5.5,medium,dependency_vulnerability,GitLab,maven,production,1,1,high,runtime,high,high,high,high,high,high,0.9,0,0,1,1,0,0,1,P2
ml-scenario-1188-gitlab-trivy-vuln-2,gitlab-trivy-vuln-2,7.9,high,dependency_vulnerability,GitLab,maven,production,1,1,high,runtime,high,high,high,high,high,high,0.9,0,1,1,1,1,1,1,P1
ml-scenario-1189-github-dependabot-4,github-dependabot-4,6.6,medium,dependency_vulnerability,GitHub,maven,production,1,1,high,runtime,high,high,high,high,high,high,0.9,0,1,1,0,0,1,1,P2
ml-scenario-1192-github-dependabot-3,github-dependabot-3,7.2,high,dependency_vulnerability,GitHub,maven,production,1,1,high,runtime,high,high,high,high,high,high,0.9,0,0,1,0,1,0,1,P1
ml-scenario-1193-github-dependabot-6,github-dependabot-6,0.0,low,dependency_vulnerability,GitHub,maven,production,1,1,high,runtime,high,high,high,high,high,high,0.9,0,0,1,0,0,0,1,P3
ml-scenario-1194-github-dependabot-6,github-dependabot-6,0.3,low,dependency_vulnerability,GitHub,maven,production,1,1,high,runtime,high,high,high,high,high,high,0.9,0,0,1,0,0,0,1,P3
ml-scenario-1195-gitlab-trivy-vuln-6,gitlab-trivy-vuln-6,5.3,medium,dependency_vulnerability,GitLab,maven,production,1,1,high,runtime,high,high,high,high,high,high,0.9,0,0,1,0,0,0,1,P2
ml-scenario-1196-github-dependabot-5,github-dependabot-5,0.4,low,dependency_vulnerability,GitHub,maven,production,1,1,high,runtime,high,high,high,high,high,high,0.9,0,0,1,0,0,0,1,P3
ml-scenario-1197-github-dependabot-3,github-dependabot-3,7.2,high,dependency_vulnerability,GitHub,maven,production,1,1,high,runtime,high,high,high,high,high,high,0.9,0,0,1,0,1,0,1,P1
ml-scenario-1200-gitlab-trivy-vuln-6,gitlab-trivy-vuln-6,4.8,medium,dependency_vulnerability,GitLab,maven,production,1,1,high,runtime,high,high,high,high,high,high,0.9,0,0,1,0,0,0,1,P2
ml-scenario-1202-github-dependabot-4,github-dependabot-4,5.2,medium,dependency_vulnerability,GitHub,maven,production,1,1,high,runtime,high,high,high,high,high,high,0.9,0,1,1,0,0,1,1,P2
ml-scenario-1203-gitlab-trivy-vuln-4,gitlab-trivy-vuln-4,7.0,high,dependency_vulnerability,GitLab,maven,production,1,1,high,runtime,high,high,high,high,high,high,0.9,0,1,0,0,0,1,1,P1
ml-scenario-1204-github-dependabot-6,github-dependabot-6,0.0,low,dependency_vulnerability,GitHub,maven,production,1,1,high,runtime,high,high,high,high,high,high,0.9,0,0,1,0,0,0,1,P3
ml-scenario-1206-gitlab-trivy-misconfig-4,gitlab-trivy-misconfig-4,0.0,low,misconfiguration,GitLab,,production,0,1,high,build,medium,medium,high,medium,medium,medium,0.9,0,0,0,0,1,0,0,P4
ml-scenario-1207-gitlab-trivy-misconfig-4,gitlab-trivy-misconfig-4,0.0,low,misconfiguration,GitLab,,production,0,1,high,build,medium,medium,high,medium,medium,medium,0.9,0,0,0,0,1,0,0,P4
ml-scenario-1208-gitlab-trivy-misconfig-1,gitlab-trivy-misconfig-1,0.8,low,misconfiguration,GitLab,,production,0,1,high,build,medium,medium,high,medium,medium,medium,0.9,0,1,0,0,0,0,0,P3
ml-scenario-1210-gitlab-trivy-vuln-5,gitlab-trivy-vuln-5,6.7,medium,dependency_vulnerability,GitLab,maven,production,1,1,high,runtime,high,high,high,high,high,high,0.9,0,0,1,1,0,0,1,P2
ml-scenario-1211-gitlab-trivy-vuln-2,gitlab-trivy-vuln-2,9.5,critical,dependency_vulnerability,GitLab,maven,production,1,1,high,runtime,high,high,high,high,high,high,0.9,0,1,1,1,1,1,1,P1
ml-scenario-1212-github-dependabot-5,github-dependabot-5,0.0,low,dependency_vulnerability,GitHub,maven,production,1,1,high,runtime,high,high,high,high,high,high,0.9,0,0,1,0,0,0,1,P3
ml-scenario-1213-github-dependabot-3,github-dependabot-3,8.3,high,dependency_vulnerability,GitHub,maven,production,1,1,high,runtime,high,high,high,high,high,high,0.9,0,0,1,0,1,0,1,P1
ml-scenario-1214-github-dependabot-4,github-dependabot-4,5.0,medium,dependency_vulnerability,GitHub,maven,production,1,1,high,runtime,high,high,high,high,high,high,0.9,0,1,1,0,0,1,1,P2
ml-scenario-1215-github-dependabot-3,github-dependabot-3,8.6,high,dependency_vulnerability,GitHub,maven,production,1,1,high,runtime,high,high,high,high,high,high,0.9,0,0,1,0,1,0,1,P1
ml-scenario-1216-github-dependabot-6,github-dependabot-6,0.0,low,dependency_vulnerability,GitHub,maven,production,1,1,high,runtime,high,high,high,high,high,high,0.9,0,0,1,0,0,0,1,P3
ml-scenario-1218-gitlab-trivy-misconfig-4,gitlab-trivy-misconfig-4,0.0,low,misconfiguration,GitLab,,production,0,1,high,build,medium,medium,high,medium,medium,medium,0.9,0,0,0,0,1,0,0,P4
ml-scenario-1219-github-dependabot-5,github-dependabot-5,0.0,low,dependency_vulnerability,GitHub,maven,production,1,1,high,runtime,high,high,high,high,high,high,0.9,0,0,1,0,0,0,1,P3
ml-scenario-1220-github-dependabot-7,github-dependabot-7,0.0,low,dependency_vulnerability,GitHub,maven,production,1,1,high,runtime,high,high,high,high,high,high,0.9,0,0,1,0,0,0,1,P3
ml-scenario-1221-gitlab-trivy-misconfig-4,gitlab-trivy-misconfig-4,0.0,low,misconfiguration,GitLab,,production,0,1,high,build,medium,medium,high,medium,medium,medium,0.9,0,0,0,0,1,0,0,P4
ml-scenario-1222-gitlab-trivy-vuln-2,gitlab-trivy-vuln-2,7.0,high,dependency_vulnerability,GitLab,maven,production,1,1,high,runtime,high,high,high,high,high,high,0.9,0,1,1,1,1,1,1,P1
ml-scenario-1223-github-dependabot-4,github-dependabot-4,6.4,medium,dependency_vulnerability,GitHub,maven,production,1,1,high,runtime,high,high,high,high,high,high,0.9,0,1,1,0,0,1,1,P2
ml-scenario-1224-github-dependabot-7,github-dependabot-7,0.0,low,dependency_vulnerability,GitHub,maven,production,1,1,high,runtime,high,high,high,high,high,high,0.9,0,0,1,0,0,0,1,P3
ml-scenario-1225-gitlab-trivy-vuln-1,gitlab-trivy-vuln-1,9.5,critical,dependency_vulnerability,GitLab,maven,production,1,1,high,runtime,high,high,high,high,high,high,0.9,0,1,1,0,0,1,1,P1
ml-scenario-1226-github-dependabot-6,github-dependabot-6,0.9,low,dependency_vulnerability,GitHub,maven,production,1,1,high,runtime,high,high,high,high,high,high,0.9,0,0,1,0,0,0,1,P3
ml-scenario-1227-gitlab-trivy-vuln-6,gitlab-trivy-vuln-6,7.2,high,dependency_vulnerability,GitLab,maven,production,1,1,high,runtime,high,high,high,high,high,high,0.9,0,0,1,0,0,0,1,P1
ml-scenario-1228-github-dependabot-5,github-dependabot-5,0.0,low,dependency_vulnerability,GitHub,maven,production,1,1,high,runtime,high,high,high,high,high,high,0.9,0,0,1,0,0,0,1,P3
ml-scenario-1229-github-dependabot-1,github-dependabot-1,7.4,high,dependency_vulnerability,GitHub,maven,production,1,1,high,runtime,high,high,high,high,high,high,0.9,0,1,1,0,0,1,1,P1
ml-scenario-1231-gitlab-trivy-misconfig-4,gitlab-trivy-misconfig-4,0.0,low,misconfiguration,GitLab,,production,0,1,high,build,medium,medium,high,medium,medium,medium,0.9,0,0,0,0,1,0,0,P4
ml-scenario-1232-github-dependabot-4,github-dependabot-4,5.7,medium,dependency_vulnerability,GitHub,maven,production,1,1,high,runtime,high,high,high,high,high,high,0.9,0,1,1,0,0,1,1,P2
ml-scenario-1233-github-dependabot-6,github-dependabot-6,0.0,low,dependency_vulnerability,GitHub,maven,production,1,1,high,runtime,high,high,high,high,high,high,0.9,0,0,1,0,0,0,1,P3
ml-scenario-1235-github-dependabot-2,github-dependabot-2,9.2,critical,dependency_vulnerability,GitHub,maven,production,1,1,high,runtime,high,high,high,high,high,high,0.9,0,1,1,0,0,1,1,P1
ml-scenario-1236-gitlab-trivy-vuln-5,gitlab-trivy-vuln-5,5.3,medium,dependency_vulnerability,GitLab,maven,production,1,1,high,runtime,high,high,high,high,high,high,0.9,0,0,1,1,0,0,1,P2
ml-scenario-1237-gitlab-trivy-vuln-2,gitlab-trivy-vuln-2,7.0,high,dependency_vulnerability,GitLab,maven,production,1,1,high,runtime,high,high,high,high,high,high,0.9,0,1,1,1,1,1,1,P1
ml-scenario-1238-github-dependabot-3,github-dependabot-3,7.3,high,dependency_vulnerability,GitHub,maven,production,1,1,high,runtime,high,high,high,high,high,high,0.9,0,0,1,0,1,0,1,P1
ml-scenario-1239-gitlab-trivy-vuln-6,gitlab-trivy-vuln-6,5.4,medium,dependency_vulnerability,GitLab,maven,production,1,1,high,runtime,high,high,high,high,high,high,0.9,0,0,1,0,0,0,1,P2
ml-scenario-1241-github-dependabot-7,github-dependabot-7,0.0,low,dependency_vulnerability,GitHub,maven,production,1,1,high,runtime,high,high,high,high,high,high,0.9,0,0,1,0,0,0,1,P3
ml-scenario-1242-gitlab-trivy-misconfig-1,gitlab-trivy-misconfig-1,0.0,low,misconfiguration,GitLab,,production,0,1,high,build,medium,medium,high,medium,medium,medium,0.9,0,1,0,0,0,0,0,P4
ml-scenario-1243-gitlab-trivy-misconfig-1,gitlab-trivy-misconfig-1,0.0,low,misconfiguration,GitLab,,production,0,1,high,build,medium,medium,high,medium,medium,medium,0.9,0,1,0,0,0,0,0,P4
ml-scenario-1244-gitlab-trivy-vuln-5,gitlab-trivy-vuln-5,4.0,medium,dependency_vulnerability,GitLab,maven,production,1,1,high,runtime,high,high,high,high,high,high,0.9,0,0,1,1,0,0,1,P2
ml-scenario-1245-github-dependabot-1,github-dependabot-1,6.6,medium,dependency_vulnerability,GitHub,maven,production,1,1,high,runtime,high,high,high,high,high,high,0.9,0,1,1,0,0,1,1,P2
ml-scenario-1246-gitlab-trivy-vuln-6,gitlab-trivy-vuln-6,6.1,medium,dependency_vulnerability,GitLab,maven,production,1,1,high,runtime,high,high,high,high,high,high,0.9,0,0,1,0,0,0,1,P2
ml-scenario-1248-github-dependabot-4,github-dependabot-4,5.9,medium,dependency_vulnerability,GitHub,maven,production,1,1,high,runtime,high,high,high,high,high,high,0.9,0,1,1,0,0,1,1,P2
ml-scenario-1249-gitlab-trivy-misconfig-4,gitlab-trivy-misconfig-4,0.0,low,misconfiguration,GitLab,,production,0,1,high,build,medium,medium,high,medium,medium,medium,0.9,0,0,0,0,1,0,0,P4
ml-scenario-1250-gitlab-trivy-misconfig-4,gitlab-trivy-misconfig-4,0.0,low,misconfiguration,GitLab,,production,0,1,high,build,medium,medium,high,medium,medium,medium,0.9,0,0,0,0,1,0,0,P4
ml-scenario-1251-gitlab-trivy-misconfig-1,gitlab-trivy-misconfig-1,0.0,low,misconfiguration,GitLab,,production,0,1,high,build,medium,medium,high,medium,medium,medium,0.9,0,1,0,0,0,0,0,P4
ml-scenario-1252-github-dependabot-6,github-dependabot-6,0.0,low,dependency_vulnerability,GitHub,maven,production,1,1,high,runtime,high,high,high,high,high,high,0.9,0,0,1,0,0,0,1,P3
ml-scenario-1254-github-dependabot-5,github-dependabot-5,0.0,low,dependency_vulnerability,GitHub,maven,production,1,1,high,runtime,high,high,high,high,high,high,0.9,0,0,1,0,0,0,1,P3
ml-scenario-1256-github-dependabot-5,github-dependabot-5,0.0,low,dependency_vulnerability,GitHub,maven,production,1,1,high,runtime,high,high,high,high,high,high,0.9,0,0,1,0,0,0,1,P3
ml-scenario-1258-gitlab-trivy-vuln-2,gitlab-trivy-vuln-2,8.6,high,dependency_vulnerability,GitLab,maven,production,1,1,high,runtime,high,high,high,high,high,high,0.9,0,1,1,1,1,1,1,P1
ml-scenario-1259-gitlab-trivy-misconfig-4,gitlab-trivy-misconfig-4,0.0,low,misconfiguration,GitLab,,production,0,1,high,build,medium,medium,high,medium,medium,medium,0.9,0,0,0,0,1,0,0,P4
ml-scenario-1260-gitlab-trivy-vuln-6,gitlab-trivy-vuln-6,4.5,medium,dependency_vulnerability,GitLab,maven,production,1,1,high,runtime,high,high,high,high,high,high,0.9,0,0,1,0,0,0,1,P2
ml-scenario-1261-github-dependabot-1,github-dependabot-1,7.4,high,dependency_vulnerability,GitHub,maven,production,1,1,high,runtime,high,high,high,high,high,high,0.9,0,1,1,0,0,1,1,P1
ml-scenario-1263-gitlab-trivy-vuln-6,gitlab-trivy-vuln-6,5.9,medium,dependency_vulnerability,GitLab,maven,production,1,1,high,runtime,high,high,high,high,high,high,0.9,0,0,1,0,0,0,1,P2
ml-scenario-1264-github-dependabot-6,github-dependabot-6,0.0,low,dependency_vulnerability,GitHub,maven,production,1,1,high,runtime,high,high,high,high,high,high,0.9,0,0,1,0,0,0,1,P3
ml-scenario-1265-github-dependabot-7,github-dependabot-7,0.0,low,dependency_vulnerability,GitHub,maven,production,1,1,high,runtime,high,high,high,high,high,high,0.9,0,0,1,0,0,0,1,P3
ml-scenario-1266-gitlab-trivy-misconfig-1,gitlab-trivy-misconfig-1,0.0,low,misconfiguration,GitLab,,production,0,1,high,build,medium,medium,high,medium,medium,medium,0.9,0,1,0,0,0,0,0,P4
ml-scenario-1267-gitlab-trivy-vuln-5,gitlab-trivy-vuln-5,7.0,high,dependency_vulnerability,GitLab,maven,production,1,1,high,runtime,high,high,high,high,high,high,0.9,0,0,1,1,0,0,1,P1
ml-scenario-1268-gitlab-trivy-vuln-2,gitlab-trivy-vuln-2,9.0,critical,dependency_vulnerability,GitLab,maven,production,1,1,high,runtime,high,high,high,high,high,high,0.9,0,1,1,1,1,1,1,P1
ml-scenario-1269-gitlab-trivy-vuln-6,gitlab-trivy-vuln-6,4.2,medium,dependency_vulnerability,GitLab,maven,production,1,1,high,runtime,high,high,high,high,high,high,0.9,0,0,1,0,0,0,1,P2
ml-scenario-1270-gitlab-trivy-vuln-5,gitlab-trivy-vuln-5,4.2,medium,dependency_vulnerability,GitLab,maven,production,1,1,high,runtime,high,high,high,high,high,high,0.9,0,0,1,1,0,0,1,P2
ml-scenario-1271-github-dependabot-7,github-dependabot-7,0.0,low,dependency_vulnerability,GitHub,maven,production,1,1,high,runtime,high,high,high,high,high,high,0.9,0,0,1,0,0,0,1,P3
ml-scenario-1273-github-dependabot-3,github-dependabot-3,8.1,high,dependency_vulnerability,GitHub,maven,production,1,1,high,runtime,high,high,high,high,high,high,0.9,0,0,1,0,1,0,1,P1
ml-scenario-1274-github-dependabot-5,github-dependabot-5,0.0,low,dependency_vulnerability,GitHub,maven,production,1,1,high,runtime,high,high,high,high,high,high,0.9,0,0,1,0,0,0,1,P3
ml-scenario-1275-gitlab-trivy-misconfig-4,gitlab-trivy-misconfig-4,0.0,low,misconfiguration,GitLab,,production,0,1,high,build,medium,medium,high,medium,medium,medium,0.9,0,0,0,0,1,0,0,P4
ml-scenario-1279-gitlab-trivy-misconfig-1,gitlab-trivy-misconfig-1,0.0,low,misconfiguration,GitLab,,production,0,1,high,build,medium,medium,high,medium,medium,medium,0.9,0,1,0,0,0,0,0,P4
ml-scenario-1280-github-dependabot-7,github-dependabot-7,0.8,low,dependency_vulnerability,GitHub,maven,production,1,1,high,runtime,high,high,high,high,high,high,0.9,0,0,1,0,0,0,1,P3
ml-scenario-1282-github-dependabot-6,github-dependabot-6,0.9,low,dependency_vulnerability,GitHub,maven,production,1,1,high,runtime,high,high,high,high,high,high,0.9,0,0,1,0,0,0,1,P3
ml-scenario-1284-github-dependabot-5,github-dependabot-5,0.0,low,dependency_vulnerability,GitHub,maven,production,1,1,high,runtime,high,high,high,high,high,high,0.9,0,0,1,0,0,0,1,P3
ml-scenario-1285-github-dependabot-5,github-dependabot-5,0.0,low,dependency_vulnerability,GitHub,maven,production,1,1,high,runtime,high,high,high,high,high,high,0.9,0,0,1,0,0,0,1,P3
ml-scenario-1286-gitlab-trivy-misconfig-1,gitlab-trivy-misconfig-1,0.0,low,misconfiguration,GitLab,,production,0,1,high,build,medium,medium,high,medium,medium,medium,0.9,0,1,0,0,0,0,0,P4
ml-scenario-1287-gitlab-trivy-vuln-2,gitlab-trivy-vuln-2,8.6,high,dependency_vulnerability,GitLab,maven,production,1,1,high,runtime,high,high,high,high,high,high,0.9,0,1,1,1,1,1,1,P1
ml-scenario-1288-github-dependabot-4,github-dependabot-4,5.1,medium,dependency_vulnerability,GitHub,maven,production,1,1,high,runtime,high,high,high,high,high,high,0.9,0,1,1,0,0,1,1,P2
ml-scenario-1289-gitlab-trivy-vuln-4,gitlab-trivy-vuln-4,4.9,medium,dependency_vulnerability,GitLab,maven,production,1,1,high,runtime,high,high,high,high,high,high,0.9,0,1,0,0,0,1,1,P2
ml-scenario-1290-gitlab-trivy-vuln-5,gitlab-trivy-vuln-5,4.4,medium,dependency_vulnerability,GitLab,maven,production,1,1,high,runtime,high,high,high,high,high,high,0.9,0,0,1,1,0,0,1,P2
ml-scenario-1291-gitlab-trivy-misconfig-1,gitlab-trivy-misconfig-1,0.0,low,misconfiguration,GitLab,,production,0,1,high,build,medium,medium,high,medium,medium,medium,0.9,0,1,0,0,0,0,0,P4
ml-scenario-1293-github-dependabot-1,github-dependabot-1,8.5,high,dependency_vulnerability,GitHub,maven,production,1,1,high,runtime,high,high,high,high,high,high,0.9,0,1,1,0,0,1,1,P1
ml-scenario-1294-gitlab-trivy-vuln-4,gitlab-trivy-vuln-4,6.8,medium,dependency_vulnerability,GitLab,maven,production,1,1,high,runtime,high,high,high,high,high,high,0.9,0,1,0,0,0,1,1,P2
ml-scenario-1295-github-dependabot-7,github-dependabot-7,0.0,low,dependency_vulnerability,GitHub,maven,production,1,1,high,runtime,high,high,high,high,high,high,0.9,0,0,1,0,0,0,1,P3
ml-scenario-1296-gitlab-trivy-vuln-1,gitlab-trivy-vuln-1,10.0,critical,dependency_vulnerability,GitLab,maven,production,1,1,high,runtime,high,high,high,high,high,high,0.9,0,1,1,0,0,1,1,P1
ml-scenario-1297-gitlab-trivy-misconfig-1,gitlab-trivy-misconfig-1,0.0,low,misconfiguration,GitLab,,production,0,1,high,build,medium,medium,high,medium,medium,medium,0.9,0,1,0,0,0,0,0,P4
ml-scenario-1298-github-dependabot-5,github-dependabot-5,0.0,low,dependency_vulnerability,GitHub,maven,production,1,1,high,runtime,high,high,high,high,high,high,0.9,0,0,1,0,0,0,1,P3
ml-scenario-1299-github-dependabot-4,github-dependabot-4,5.1,medium,dependency_vulnerability,GitHub,maven,production,1,1,high,runtime,high,high,high,high,high,high,0.9,0,1,1,0,0,1,1,P2
ml-scenario-1300-gitlab-trivy-vuln-1,gitlab-trivy-vuln-1,9.1,critical,dependency_vulnerability,GitLab,maven,production,1,1,high,runtime,high,high,high,high,high,high,0.9,0,1,1,0,0,1,1,P1
ml-scenario-1301-github-dependabot-7,github-dependabot-7,0.5,low,dependency_vulnerability,GitHub,maven,production,1,1,high,runtime,high,high,high,high,high,high,0.9,0,0,1,0,0,0,1,P3
ml-scenario-1302-gitlab-trivy-vuln-2,gitlab-trivy-vuln-2,8.1,high,dependency_vulnerability,GitLab,maven,production,1,1,high,runtime,high,high,high,high,high,high,0.9,0,1,1,1,1,1,1,P1
ml-scenario-1303-github-dependabot-1,github-dependabot-1,9.2,critical,dependency_vulnerability,GitHub,maven,production,1,1,high,runtime,high,high,high,high,high,high,0.9,0,1,1,0,0,1,1,P1
ml-scenario-1304-github-dependabot-4,github-dependabot-4,4.8,medium,dependency_vulnerability,GitHub,maven,production,1,1,high,runtime,high,high,high,high,high,high,0.9,0,1,1,0,0,1,1,P2
ml-scenario-1305-github-dependabot-7,github-dependabot-7,0.5,low,dependency_vulnerability,GitHub,maven,production,1,1,high,runtime,high,high,high,high,high,high,0.9,0,0,1,0,0,0,1,P3
ml-scenario-1306-github-dependabot-5,github-dependabot-5,0.0,low,dependency_vulnerability,GitHub,maven,production,1,1,high,runtime,high,high,high,high,high,high,0.9,0,0,1,0,0,0,1,P3
ml-scenario-1307-github-dependabot-3,github-dependabot-3,8.8,high,dependency_vulnerability,GitHub,maven,production,1,1,high,runtime,high,high,high,high,high,high,0.9,0,0,1,0,1,0,1,P1
ml-scenario-1309-github-dependabot-7,github-dependabot-7,0.0,low,dependency_vulnerability,GitHub,maven,production,1,1,high,runtime,high,high,high,high,high,high,0.9,0,0,1,0,0,0,1,P3
ml-scenario-1310-gitlab-trivy-misconfig-4,gitlab-trivy-misconfig-4,0.0,low,misconfiguration,GitLab,,production,0,1,high,build,medium,medium,high,medium,medium,medium,0.9,0,0,0,0,1,0,0,P4
ml-scenario-1311-gitlab-trivy-vuln-5,gitlab-trivy-vuln-5,4.8,medium,dependency_vulnerability,GitLab,maven,production,1,1,high,runtime,high,high,high,high,high,high,0.9,0,0,1,1,0,0,1,P2
ml-scenario-1312-gitlab-trivy-vuln-4,gitlab-trivy-vuln-4,7.4,high,dependency_vulnerability,GitLab,maven,production,1,1,high,runtime,high,high,high,high,high,high,0.9,0,1,0,0,0,1,1,P1
ml-scenario-1314-github-dependabot-1,github-dependabot-1,7.0,high,dependency_vulnerability,GitHub,maven,production,1,1,high,runtime,high,high,high,high,high,high,0.9,0,1,1,0,0,1,1,P1
ml-scenario-1315-github-dependabot-5,github-dependabot-5,0.7,low,dependency_vulnerability,GitHub,maven,production,1,1,high,runtime,high,high,high,high,high,high,0.9,0,0,1,0,0,0,1,P3
ml-scenario-1316-gitlab-trivy-vuln-4,gitlab-trivy-vuln-4,7.1,high,dependency_vulnerability,GitLab,maven,production,1,1,high,runtime,high,high,high,high,high,high,0.9,0,1,0,0,0,1,1,P1
ml-scenario-1317-github-dependabot-3,github-dependabot-3,8.6,high,dependency_vulnerability,GitHub,maven,production,1,1,high,runtime,high,high,high,high,high,high,0.9,0,0,1,0,1,0,1,P1
ml-scenario-1318-github-dependabot-3,github-dependabot-3,7.0,high,dependency_vulnerability,GitHub,maven,production,1,1,high,runtime,high,high,high,high,high,high,0.9,0,0,1,0,1,0,1,P1
ml-scenario-1319-gitlab-trivy-vuln-6,gitlab-trivy-vuln-6,6.7,medium,dependency_vulnerability,GitLab,maven,production,1,1,high,runtime,high,high,high,high,high,high,0.9,0,0,1,0,0,0,1,P2
ml-scenario-1320-github-dependabot-6,github-dependabot-6,0.0,low,dependency_vulnerability,GitHub,maven,production,1,1,high,runtime,high,high,high,high,high,high,0.9,0,0,1,0,0,0,1,P3
ml-scenario-1321-gitlab-trivy-vuln-4,gitlab-trivy-vuln-4,6.3,medium,dependency_vulnerability,GitLab,maven,production,1,1,high,runtime,high,high,high,high,high,high,0.9,0,1,0,0,0,1,1,P2
ml-scenario-1322-github-dependabot-6,github-dependabot-6,0.0,low,dependency_vulnerability,GitHub,maven,production,1,1,high,runtime,high,high,high,high,high,high,0.9,0,0,1,0,0,0,1,P3
ml-scenario-1323-gitlab-trivy-vuln-2,gitlab-trivy-vuln-2,8.0,high,dependency_vulnerability,GitLab,maven,production,1,1,high,runtime,high,high,high,high,high,high,0.9,0,1,1,1,1,1,1,P1
ml-scenario-1324-gitlab-trivy-vuln-4,gitlab-trivy-vuln-4,6.5,medium,dependency_vulnerability,GitLab,maven,production,1,1,high,runtime,high,high,high,high,high,high,0.9,0,1,0,0,0,1,1,P2
ml-scenario-1325-github-dependabot-7,github-dependabot-7,0.0,low,dependency_vulnerability,GitHub,maven,production,1,1,high,runtime,high,high,high,high,high,high,0.9,0,0,1,0,0,0,1,P3
ml-scenario-1327-github-dependabot-2,github-dependabot-2,10.0,critical,dependency_vulnerability,GitHub,maven,production,1,1,high,runtime,high,high,high,high,high,high,0.9,0,1,1,0,0,1,1,P1
ml-scenario-1328-gitlab-trivy-vuln-2,gitlab-trivy-vuln-2,9.2,critical,dependency_vulnerability,GitLab,maven,production,1,1,high,runtime,high,high,high,high,high,high,0.9,0,1,1,1,1,1,1,P1
ml-scenario-1329-gitlab-trivy-misconfig-1,gitlab-trivy-misconfig-1,0.0,low,misconfiguration,GitLab,,production,0,1,high,build,medium,medium,high,medium,medium,medium,0.9,0,1,0,0,0,0,0,P4
ml-scenario-1330-github-dependabot-7,github-dependabot-7,0.5,low,dependency_vulnerability,GitHub,maven,production,1,1,high,runtime,high,high,high,high,high,high,0.9,0,0,1,0,0,0,1,P3
ml-scenario-1331-gitlab-trivy-misconfig-4,gitlab-trivy-misconfig-4,0.0,low,misconfiguration,GitLab,,production,0,1,high,build,medium,medium,high,medium,medium,medium,0.9,0,0,0,0,1,0,0,P4
ml-scenario-1332-github-dependabot-5,github-dependabot-5,0.4,low,dependency_vulnerability,GitHub,maven,production,1,1,high,runtime,high,high,high,high,high,high,0.9,0,0,1,0,0,0,1,P3
ml-scenario-1334-gitlab-trivy-vuln-5,gitlab-trivy-vuln-5,5.0,medium,dependency_vulnerability,GitLab,maven,production,1,1,high,runtime,high,high,high,high,high,high,0.9,0,0,1,1,0,0,1,P2
ml-scenario-1335-github-dependabot-3,github-dependabot-3,8.1,high,dependency_vulnerability,GitHub,maven,production,1,1,high,runtime,high,high,high,high,high,high,0.9,0,0,1,0,1,0,1,P1
ml-scenario-1337-gitlab-trivy-vuln-1,gitlab-trivy-vuln-1,7.7,high,dependency_vulnerability,GitLab,maven,production,1,1,high,runtime,high,high,high,high,high,high,0.9,0,1,1,0,0,1,1,P1
ml-scenario-1338-gitlab-trivy-misconfig-1,gitlab-trivy-misconfig-1,0.0,low,misconfiguration,GitLab,,production,0,1,high,build,medium,medium,high,medium,medium,medium,0.9,0,1,0,0,0,0,0,P4
ml-scenario-1340-github-dependabot-2,github-dependabot-2,10.0,critical,dependency_vulnerability,GitHub,maven,production,1,1,high,runtime,high,high,high,high,high,high,0.9,0,1,1,0,0,1,1,P1
ml-scenario-1341-github-dependabot-5,github-dependabot-5,0.0,low,dependency_vulnerability,GitHub,maven,production,1,1,high,runtime,high,high,high,high,high,high,0.9,0,0,1,0,0,0,1,P3
ml-scenario-1342-github-dependabot-3,github-dependabot-3,9.2,critical,dependency_vulnerability,GitHub,maven,production,1,1,high,runtime,high,high,high,high,high,high,0.9,0,0,1,0,1,0,1,P1
ml-scenario-1343-gitlab-trivy-vuln-5,gitlab-trivy-vuln-5,4.4,medium,dependency_vulnerability,GitLab,maven,production,1,1,high,runtime,high,high,high,high,high,high,0.9,0,0,1,1,0,0,1,P2
ml-scenario-1344-gitlab-trivy-vuln-4,gitlab-trivy-vuln-4,4.4,medium,dependency_vulnerability,GitLab,maven,production,1,1,high,runtime,high,high,high,high,high,high,0.9,0,1,0,0,0,1,1,P2
ml-scenario-1345-github-dependabot-7,github-dependabot-7,0.0,low,dependency_vulnerability,GitHub,maven,production,1,1,high,runtime,high,high,high,high,high,high,0.9,0,0,1,0,0,0,1,P3
ml-scenario-1346-github-dependabot-7,github-dependabot-7,0.0,low,dependency_vulnerability,GitHub,maven,production,1,1,high,runtime,high,high,high,high,high,high,0.9,0,0,1,0,0,0,1,P3
ml-scenario-1348-gitlab-trivy-vuln-5,gitlab-trivy-vuln-5,6.3,medium,dependency_vulnerability,GitLab,maven,production,1,1,high,runtime,high,high,high,high,high,high,0.9,0,0,1,1,0,0,1,P2
ml-scenario-1349-github-dependabot-4,github-dependabot-4,5.6,medium,dependency_vulnerability,GitHub,maven,production,1,1,high,runtime,high,high,high,high,high,high,0.9,0,1,1,0,0,1,1,P2
ml-scenario-1350-gitlab-trivy-vuln-2,gitlab-trivy-vuln-2,9.1,critical,dependency_vulnerability,GitLab,maven,production,1,1,high,runtime,high,high,high,high,high,high,0.9,0,1,1,1,1,1,1,P1
ml-scenario-1351-github-dependabot-2,github-dependabot-2,8.2,high,dependency_vulnerability,GitHub,maven,production,1,1,high,runtime,high,high,high,high,high,high,0.9,0,1,1,0,0,1,1,P1
ml-scenario-1352-gitlab-trivy-vuln-2,gitlab-trivy-vuln-2,7.1,high,dependency_vulnerability,GitLab,maven,production,1,1,high,runtime,high,high,high,high,high,high,0.9,0,1,1,1,1,1,1,P1
ml-scenario-1353-github-dependabot-4,github-dependabot-4,5.9,medium,dependency_vulnerability,GitHub,maven,production,1,1,high,runtime,high,high,high,high,high,high,0.9,0,1,1,0,0,1,1,P2
ml-scenario-1354-gitlab-trivy-misconfig-1,gitlab-trivy-misconfig-1,0.0,low,misconfiguration,GitLab,,production,0,1,high,build,medium,medium,high,medium,medium,medium,0.9,0,1,0,0,0,0,0,P4
ml-scenario-1355-gitlab-trivy-vuln-6,gitlab-trivy-vuln-6,6.7,medium,dependency_vulnerability,GitLab,maven,production,1,1,high,runtime,high,high,high,high,high,high,0.9,0,0,1,0,0,0,1,P2
ml-scenario-1356-github-dependabot-5,github-dependabot-5,0.0,low,dependency_vulnerability,GitHub,maven,production,1,1,high,runtime,high,high,high,high,high,high,0.9,0,0,1,0,0,0,1,P3
ml-scenario-1358-github-dependabot-6,github-dependabot-6,0.0,low,dependency_vulnerability,GitHub,maven,production,1,1,high,runtime,high,high,high,high,high,high,0.9,0,0,1,0,0,0,1,P3
ml-scenario-1359-github-dependabot-1,github-dependabot-1,6.9,medium,dependency_vulnerability,GitHub,maven,production,1,1,high,runtime,high,high,high,high,high,high,0.9,0,1,1,0,0,1,1,P2
ml-scenario-1360-github-dependabot-7,github-dependabot-7,0.6,low,dependency_vulnerability,GitHub,maven,production,1,1,high,runtime,high,high,high,high,high,high,0.9,0,0,1,0,0,0,1,P3
ml-scenario-1361-github-dependabot-3,github-dependabot-3,7.4,high,dependency_vulnerability,GitHub,maven,production,1,1,high,runtime,high,high,high,high,high,high,0.9,0,0,1,0,1,0,1,P1
ml-scenario-1362-github-dependabot-3,github-dependabot-3,8.3,high,dependency_vulnerability,GitHub,maven,production,1,1,high,runtime,high,high,high,high,high,high,0.9,0,0,1,0,1,0,1,P1
ml-scenario-1363-github-dependabot-3,github-dependabot-3,6.3,medium,dependency_vulnerability,GitHub,maven,production,1,1,high,runtime,high,high,high,high,high,high,0.9,0,0,1,0,1,0,1,P2
ml-scenario-1364-github-dependabot-2,github-dependabot-2,9.6,critical,dependency_vulnerability,GitHub,maven,production,1,1,high,runtime,high,high,high,high,high,high,0.9,0,1,1,0,0,1,1,P1
ml-scenario-1367-github-dependabot-3,github-dependabot-3,9.3,critical,dependency_vulnerability,GitHub,maven,production,1,1,high,runtime,high,high,high,high,high,high,0.9,0,0,1,0,1,0,1,P1
ml-scenario-1368-gitlab-trivy-misconfig-1,gitlab-trivy-misconfig-1,0.5,low,misconfiguration,GitLab,,production,0,1,high,build,medium,medium,high,medium,medium,medium,0.9,0,1,0,0,0,0,0,P3
ml-scenario-1369-gitlab-trivy-vuln-2,gitlab-trivy-vuln-2,9.7,critical,dependency_vulnerability,GitLab,maven,production,1,1,high,runtime,high,high,high,high,high,high,0.9,0,1,1,1,1,1,1,P1
ml-scenario-1370-github-dependabot-3,github-dependabot-3,8.7,high,dependency_vulnerability,GitHub,maven,production,1,1,high,runtime,high,high,high,high,high,high,0.9,0,0,1,0,1,0,1,P1
ml-scenario-1371-github-dependabot-6,github-dependabot-6,0.0,low,dependency_vulnerability,GitHub,maven,production,1,1,high,runtime,high,high,high,high,high,high,0.9,0,0,1,0,0,0,1,P3
ml-scenario-1372-github-dependabot-5,github-dependabot-5,0.0,low,dependency_vulnerability,GitHub,maven,production,1,1,high,runtime,high,high,high,high,high,high,0.9,0,0,1,0,0,0,1,P3
ml-scenario-1373-github-dependabot-3,github-dependabot-3,7.0,high,dependency_vulnerability,GitHub,maven,production,1,1,high,runtime,high,high,high,high,high,high,0.9,0,0,1,0,1,0,1,P1
ml-scenario-1374-gitlab-trivy-vuln-2,gitlab-trivy-vuln-2,7.5,high,dependency_vulnerability,GitLab,maven,production,1,1,high,runtime,high,high,high,high,high,high,0.9,0,1,1,1,1,1,1,P1
ml-scenario-1375-gitlab-trivy-vuln-5,gitlab-trivy-vuln-5,6.5,medium,dependency_vulnerability,GitLab,maven,production,1,1,high,runtime,high,high,high,high,high,high,0.9,0,0,1,1,0,0,1,P2
ml-scenario-1376-github-dependabot-2,github-dependabot-2,10.0,critical,dependency_vulnerability,GitHub,maven,production,1,1,high,runtime,high,high,high,high,high,high,0.9,0,1,1,0,0,1,1,P1
ml-scenario-1377-gitlab-trivy-vuln-5,gitlab-trivy-vuln-5,4.5,medium,dependency_vulnerability,GitLab,maven,production,1,1,high,runtime,high,high,high,high,high,high,0.9,0,0,1,1,0,0,1,P2
ml-scenario-1379-github-dependabot-6,github-dependabot-6,0.0,low,dependency_vulnerability,GitHub,maven,production,1,1,high,runtime,high,high,high,high,high,high,0.9,0,0,1,0,0,0,1,P3
ml-scenario-1380-gitlab-trivy-vuln-1,gitlab-trivy-vuln-1,10.0,critical,dependency_vulnerability,GitLab,maven,production,1,1,high,runtime,high,high,high,high,high,high,0.9,0,1,1,0,0,1,1,P1
ml-scenario-1381-github-dependabot-4,github-dependabot-4,5.8,medium,dependency_vulnerability,GitHub,maven,production,1,1,high,runtime,high,high,high,high,high,high,0.9,0,1,1,0,0,1,1,P2
ml-scenario-1382-github-dependabot-1,github-dependabot-1,7.3,high,dependency_vulnerability,GitHub,maven,production,1,1,high,runtime,high,high,high,high,high,high,0.9,0,1,1,0,0,1,1,P1
ml-scenario-1383-gitlab-trivy-vuln-2,gitlab-trivy-vuln-2,8.4,high,dependency_vulnerability,GitLab,maven,production,1,1,high,runtime,high,high,high,high,high,high,0.9,0,1,1,1,1,1,1,P1
ml-scenario-1384-github-dependabot-2,github-dependabot-2,10.0,critical,dependency_vulnerability,GitHub,maven,production,1,1,high,runtime,high,high,high,high,high,high,0.9,0,1,1,0,0,1,1,P1
ml-scenario-1385-gitlab-trivy-vuln-6,gitlab-trivy-vuln-6,4.3,medium,dependency_vulnerability,GitLab,maven,production,1,1,high,runtime,high,high,high,high,high,high,0.9,0,0,1,0,0,0,1,P2
ml-scenario-1386-github-dependabot-5,github-dependabot-5,0.0,low,dependency_vulnerability,GitHub,maven,production,1,1,high,runtime,high,high,high,high,high,high,0.9,0,0,1,0,0,0,1,P3
ml-scenario-1388-gitlab-trivy-vuln-2,gitlab-trivy-vuln-2,6.7,medium,dependency_vulnerability,GitLab,maven,production,1,1,high,runtime,high,high,high,high,high,high,0.9,0,1,1,1,1,1,1,P2
ml-scenario-1389-gitlab-trivy-vuln-2,gitlab-trivy-vuln-2,6.6,medium,dependency_vulnerability,GitLab,maven,production,1,1,high,runtime,high,high,high,high,high,high,0.9,0,1,1,1,1,1,1,P2
ml-scenario-1391-gitlab-trivy-vuln-1,gitlab-trivy-vuln-1,10.0,critical,dependency_vulnerability,GitLab,maven,production,1,1,high,runtime,high,high,high,high,high,high,0.9,0,1,1,0,0,1,1,P1
ml-scenario-1392-github-dependabot-6,github-dependabot-6,0.0,low,dependency_vulnerability,GitHub,maven,production,1,1,high,runtime,high,high,high,high,high,high,0.9,0,0,1,0,0,0,1,P3
ml-scenario-1394-github-dependabot-5,github-dependabot-5,0.0,low,dependency_vulnerability,GitHub,maven,production,1,1,high,runtime,high,high,high,high,high,high,0.9,0,0,1,0,0,0,1,P3
ml-scenario-1395-gitlab-trivy-vuln-2,gitlab-trivy-vuln-2,8.8,high,dependency_vulnerability,GitLab,maven,production,1,1,high,runtime,high,high,high,high,high,high,0.9,0,1,1,1,1,1,1,P1
ml-scenario-1396-gitlab-trivy-misconfig-4,gitlab-trivy-misconfig-4,0.0,low,misconfiguration,GitLab,,production,0,1,high,build,medium,medium,high,medium,medium,medium,0.9,0,0,0,0,1,0,0,P4
ml-scenario-1397-gitlab-trivy-vuln-4,gitlab-trivy-vuln-4,4.4,medium,dependency_vulnerability,GitLab,maven,production,1,1,high,runtime,high,high,high,high,high,high,0.9,0,1,0,0,0,1,1,P2
ml-scenario-1398-gitlab-trivy-vuln-2,gitlab-trivy-vuln-2,8.4,high,dependency_vulnerability,GitLab,maven,production,1,1,high,runtime,high,high,high,high,high,high,0.9,0,1,1,1,1,1,1,P1
ml-scenario-1400-github-dependabot-3,github-dependabot-3,8.0,high,dependency_vulnerability,GitHub,maven,production,1,1,high,runtime,high,high,high,high,high,high,0.9,0,0,1,0,1,0,1,P1
ml-scenario-1401-github-dependabot-6,github-dependabot-6,0.0,low,dependency_vulnerability,GitHub,maven,production,1,1,high,runtime,high,high,high,high,high,high,0.9,0,0,1,0,0,0,1,P3
ml-scenario-1402-gitlab-trivy-vuln-2,gitlab-trivy-vuln-2,7.7,high,dependency_vulnerability,GitLab,maven,production,1,1,high,runtime,high,high,high,high,high,high,0.9,0,1,1,1,1,1,1,P1
ml-scenario-1403-github-dependabot-5,github-dependabot-5,0.1,low,dependency_vulnerability,GitHub,maven,production,1,1,high,runtime,high,high,high,high,high,high,0.9,0,0,1,0,0,0,1,P3
ml-scenario-1404-github-dependabot-4,github-dependabot-4,4.3,medium,dependency_vulnerability,GitHub,maven,production,1,1,high,runtime,high,high,high,high,high,high,0.9,0,1,1,0,0,1,1,P2
ml-scenario-1405-gitlab-trivy-vuln-2,gitlab-trivy-vuln-2,9.8,critical,dependency_vulnerability,GitLab,maven,production,1,1,high,runtime,high,high,high,high,high,high,0.9,0,1,1,1,1,1,1,P1
ml-scenario-1406-github-dependabot-1,github-dependabot-1,8.1,high,dependency_vulnerability,GitHub,maven,production,1,1,high,runtime,high,high,high,high,high,high,0.9,0,1,1,0,0,1,1,P1
ml-scenario-1407-gitlab-trivy-vuln-1,gitlab-trivy-vuln-1,8.6,high,dependency_vulnerability,GitLab,maven,production,1,1,high,runtime,high,high,high,high,high,high,0.9,0,1,1,0,0,1,1,P1
ml-scenario-1409-github-dependabot-3,github-dependabot-3,8.6,high,dependency_vulnerability,GitHub,maven,production,1,1,high,runtime,high,high,high,high,high,high,0.9,0,0,1,0,1,0,1,P1
ml-scenario-1411-github-dependabot-7,github-dependabot-7,0.0,low,dependency_vulnerability,GitHub,maven,production,1,1,high,runtime,high,high,high,high,high,high,0.9,0,0,1,0,0,0,1,P3
ml-scenario-1412-gitlab-trivy-vuln-4,gitlab-trivy-vuln-4,4.7,medium,dependency_vulnerability,GitLab,maven,production,1,1,high,runtime,high,high,high,high,high,high,0.9,0,1,0,0,0,1,1,P2
ml-scenario-1413-github-dependabot-3,github-dependabot-3,8.7,high,dependency_vulnerability,GitHub,maven,production,1,1,high,runtime,high,high,high,high,high,high,0.9,0,0,1,0,1,0,1,P1
ml-scenario-1414-gitlab-trivy-vuln-4,gitlab-trivy-vuln-4,6.7,medium,dependency_vulnerability,GitLab,maven,production,1,1,high,runtime,high,high,high,high,high,high,0.9,0,1,0,0,0,1,1,P2
ml-scenario-1415-github-dependabot-1,github-dependabot-1,9.2,critical,dependency_vulnerability,GitHub,maven,production,1,1,high,runtime,high,high,high,high,high,high,0.9,0,1,1,0,0,1,1,P1
ml-scenario-1416-github-dependabot-2,github-dependabot-2,8.7,high,dependency_vulnerability,GitHub,maven,production,1,1,high,runtime,high,high,high,high,high,high,0.9,0,1,1,0,0,1,1,P1
ml-scenario-1417-github-dependabot-5,github-dependabot-5,0.0,low,dependency_vulnerability,GitHub,maven,production,1,1,high,runtime,high,high,high,high,high,high,0.9,0,0,1,0,0,0,1,P3
ml-scenario-1418-gitlab-trivy-vuln-2,gitlab-trivy-vuln-2,7.5,high,dependency_vulnerability,GitLab,maven,production,1,1,high,runtime,high,high,high,high,high,high,0.9,0,1,1,1,1,1,1,P1
ml-scenario-1419-gitlab-trivy-vuln-2,gitlab-trivy-vuln-2,8.3,high,dependency_vulnerability,GitLab,maven,production,1,1,high,runtime,high,high,high,high,high,high,0.9,0,1,1,1,1,1,1,P1
ml-scenario-1423-gitlab-trivy-vuln-4,gitlab-trivy-vuln-4,6.8,medium,dependency_vulnerability,GitLab,maven,production,1,1,high,runtime,high,high,high,high,high,high,0.9,0,1,0,0,0,1,1,P2
ml-scenario-1424-github-dependabot-1,github-dependabot-1,7.3,high,dependency_vulnerability,GitHub,maven,production,1,1,high,runtime,high,high,high,high,high,high,0.9,0,1,1,0,0,1,1,P1
ml-scenario-1426-github-dependabot-2,github-dependabot-2,8.4,high,dependency_vulnerability,GitHub,maven,production,1,1,high,runtime,high,high,high,high,high,high,0.9,0,1,1,0,0,1,1,P1
ml-scenario-1428-github-dependabot-3,github-dependabot-3,6.7,medium,dependency_vulnerability,GitHub,maven,production,1,1,high,runtime,high,high,high,high,high,high,0.9,0,0,1,0,1,0,1,P2
ml-scenario-1429-gitlab-trivy-vuln-1,gitlab-trivy-vuln-1,9.4,critical,dependency_vulnerability,GitLab,maven,production,1,1,high,runtime,high,high,high,high,high,high,0.9,0,1,1,0,0,1,1,P1
ml-scenario-1430-github-dependabot-5,github-dependabot-5,0.0,low,dependency_vulnerability,GitHub,maven,production,1,1,high,runtime,high,high,high,high,high,high,0.9,0,0,1,0,0,0,1,P3
ml-scenario-1431-github-dependabot-4,github-dependabot-4,5.6,medium,dependency_vulnerability,GitHub,maven,production,1,1,high,runtime,high,high,high,high,high,high,0.9,0,1,1,0,0,1,1,P2
ml-scenario-1432-gitlab-trivy-vuln-6,gitlab-trivy-vuln-6,4.7,medium,dependency_vulnerability,GitLab,maven,production,1,1,high,runtime,high,high,high,high,high,high,0.9,0,0,1,0,0,0,1,P2
ml-scenario-1433-gitlab-trivy-vuln-2,gitlab-trivy-vuln-2,8.6,high,dependency_vulnerability,GitLab,maven,production,1,1,high,runtime,high,high,high,high,high,high,0.9,0,1,1,1,1,1,1,P1
ml-scenario-1434-github-dependabot-1,github-dependabot-1,8.3,high,dependency_vulnerability,GitHub,maven,production,1,1,high,runtime,high,high,high,high,high,high,0.9,0,1,1,0,0,1,1,P1
ml-scenario-1435-gitlab-trivy-vuln-1,gitlab-trivy-vuln-1,8.1,high,dependency_vulnerability,GitLab,maven,production,1,1,high,runtime,high,high,high,high,high,high,0.9,0,1,1,0,0,1,1,P1
ml-scenario-1437-github-dependabot-6,github-dependabot-6,0.0,low,dependency_vulnerability,GitHub,maven,production,1,1,high,runtime,high,high,high,high,high,high,0.9,0,0,1,0,0,0,1,P3
ml-scenario-1438-gitlab-trivy-misconfig-1,gitlab-trivy-misconfig-1,0.5,low,misconfiguration,GitLab,,production,0,1,high,build,medium,medium,high,medium,medium,medium,0.9,0,1,0,0,0,0,0,P3
ml-scenario-1439-gitlab-trivy-vuln-5,gitlab-trivy-vuln-5,4.9,medium,dependency_vulnerability,GitLab,maven,production,1,1,high,runtime,high,high,high,high,high,high,0.9,0,0,1,1,0,0,1,P2
ml-scenario-1440-gitlab-trivy-misconfig-4,gitlab-trivy-misconfig-4,0.0,low,misconfiguration,GitLab,,production,0,1,high,build,medium,medium,high,medium,medium,medium,0.9,0,0,0,0,1,0,0,P4
ml-scenario-1441-github-dependabot-7,github-dependabot-7,0.0,low,dependency_vulnerability,GitHub,maven,production,1,1,high,runtime,high,high,high,high,high,high,0.9,0,0,1,0,0,0,1,P3
ml-scenario-1442-gitlab-trivy-vuln-5,gitlab-trivy-vuln-5,6.4,medium,dependency_vulnerability,GitLab,maven,production,1,1,high,runtime,high,high,high,high,high,high,0.9,0,0,1,1,0,0,1,P2
ml-scenario-1443-github-dependabot-4,github-dependabot-4,5.7,medium,dependency_vulnerability,GitHub,maven,production,1,1,high,runtime,high,high,high,high,high,high,0.9,0,1,1,0,0,1,1,P2
ml-scenario-1446-gitlab-trivy-misconfig-4,gitlab-trivy-misconfig-4,0.2,low,misconfiguration,GitLab,,production,0,1,high,build,medium,medium,high,medium,medium,medium,0.9,0,0,0,0,1,0,0,P3
ml-scenario-1447-github-dependabot-4,github-dependabot-4,4.6,medium,dependency_vulnerability,GitHub,maven,production,1,1,high,runtime,high,high,high,high,high,high,0.9,0,1,1,0,0,1,1,P2
ml-scenario-1448-github-dependabot-5,github-dependabot-5,0.0,low,dependency_vulnerability,GitHub,maven,production,1,1,high,runtime,high,high,high,high,high,high,0.9,0,0,1,0,0,0,1,P3
ml-scenario-1449-gitlab-trivy-misconfig-4,gitlab-trivy-misconfig-4,0.0,low,misconfiguration,GitLab,,production,0,1,high,build,medium,medium,high,medium,medium,medium,0.9,0,0,0,0,1,0,0,P4
ml-scenario-1450-github-dependabot-2,github-dependabot-2,10.0,critical,dependency_vulnerability,GitHub,maven,production,1,1,high,runtime,high,high,high,high,high,high,0.9,0,1,1,0,0,1,1,P1
ml-scenario-1451-github-dependabot-2,github-dependabot-2,10.0,critical,dependency_vulnerability,GitHub,maven,production,1,1,high,runtime,high,high,high,high,high,high,0.9,0,1,1,0,0,1,1,P1
ml-scenario-1452-github-dependabot-6,github-dependabot-6,0.5,low,dependency_vulnerability,GitHub,maven,production,1,1,high,runtime,high,high,high,high,high,high,0.9,0,0,1,0,0,0,1,P3
ml-scenario-1453-gitlab-trivy-vuln-5,gitlab-trivy-vuln-5,4.2,medium,dependency_vulnerability,GitLab,maven,production,1,1,high,runtime,high,high,high,high,high,high,0.9,0,0,1,1,0,0,1,P2
ml-scenario-1455-github-dependabot-5,github-dependabot-5,0.0,low,dependency_vulnerability,GitHub,maven,production,1,1,high,runtime,high,high,high,high,high,high,0.9,0,0,1,0,0,0,1,P3
ml-scenario-1456-gitlab-trivy-vuln-1,gitlab-trivy-vuln-1,10.0,critical,dependency_vulnerability,GitLab,maven,production,1,1,high,runtime,high,high,high,high,high,high,0.9,0,1,1,0,0,1,1,P1
ml-scenario-1457-github-dependabot-3,github-dependabot-3,8.6,high,dependency_vulnerability,GitHub,maven,production,1,1,high,runtime,high,high,high,high,high,high,0.9,0,0,1,0,1,0,1,P1
ml-scenario-1458-gitlab-trivy-vuln-2,gitlab-trivy-vuln-2,6.8,medium,dependency_vulnerability,GitLab,maven,production,1,1,high,runtime,high,high,high,high,high,high,0.9,0,1,1,1,1,1,1,P2
ml-scenario-1459-github-dependabot-4,github-dependabot-4,7.2,high,dependency_vulnerability,GitHub,maven,production,1,1,high,runtime,high,high,high,high,high,high,0.9,0,1,1,0,0,1,1,P1
ml-scenario-1461-github-dependabot-7,github-dependabot-7,0.0,low,dependency_vulnerability,GitHub,maven,production,1,1,high,runtime,high,high,high,high,high,high,0.9,0,0,1,0,0,0,1,P3
ml-scenario-1462-gitlab-trivy-vuln-2,gitlab-trivy-vuln-2,8.6,high,dependency_vulnerability,GitLab,maven,production,1,1,high,runtime,high,high,high,high,high,high,0.9,0,1,1,1,1,1,1,P1
ml-scenario-1464-github-dependabot-6,github-dependabot-6,0.0,low,dependency_vulnerability,GitHub,maven,production,1,1,high,runtime,high,high,high,high,high,high,0.9,0,0,1,0,0,0,1,P3
ml-scenario-1465-gitlab-trivy-vuln-1,gitlab-trivy-vuln-1,9.0,critical,dependency_vulnerability,GitLab,maven,production,1,1,high,runtime,high,high,high,high,high,high,0.9,0,1,1,0,0,1,1,P1
ml-scenario-1466-github-dependabot-3,github-dependabot-3,6.9,medium,dependency_vulnerability,GitHub,maven,production,1,1,high,runtime,high,high,high,high,high,high,0.9,0,0,1,0,1,0,1,P2
ml-scenario-1467-gitlab-trivy-vuln-4,gitlab-trivy-vuln-4,7.1,high,dependency_vulnerability,GitLab,maven,production,1,1,high,runtime,high,high,high,high,high,high,0.9,0,1,0,0,0,1,1,P1
ml-scenario-1468-github-dependabot-6,github-dependabot-6,0.0,low,dependency_vulnerability,GitHub,maven,production,1,1,high,runtime,high,high,high,high,high,high,0.9,0,0,1,0,0,0,1,P3
ml-scenario-1469-gitlab-trivy-vuln-6,gitlab-trivy-vuln-6,4.9,medium,dependency_vulnerability,GitLab,maven,production,1,1,high,runtime,high,high,high,high,high,high,0.9,0,0,1,0,0,0,1,P2
ml-scenario-1470-gitlab-trivy-vuln-4,gitlab-trivy-vuln-4,4.9,medium,dependency_vulnerability,GitLab,maven,production,1,1,high,runtime,high,high,high,high,high,high,0.9,0,1,0,0,0,1,1,P2
ml-scenario-1472-github-dependabot-1,github-dependabot-1,7.0,high,dependency_vulnerability,GitHub,maven,production,1,1,high,runtime,high,high,high,high,high,high,0.9,0,1,1,0,0,1,1,P1
ml-scenario-1474-gitlab-trivy-vuln-6,gitlab-trivy-vuln-6,5.2,medium,dependency_vulnerability,GitLab,maven,production,1,1,high,runtime,high,high,high,high,high,high,0.9,0,0,1,0,0,0,1,P2
ml-scenario-1475-gitlab-trivy-misconfig-4,gitlab-trivy-misconfig-4,0.0,low,misconfiguration,GitLab,,production,0,1,high,build,medium,medium,high,medium,medium,medium,0.9,0,0,0,0,1,0,0,P4
ml-scenario-1477-gitlab-trivy-misconfig-1,gitlab-trivy-misconfig-1,0.0,low,misconfiguration,GitLab,,production,0,1,high,build,medium,medium,high,medium,medium,medium,0.9,0,1,0,0,0,0,0,P4
ml-scenario-1478-github-dependabot-1,github-dependabot-1,6.8,medium,dependency_vulnerability,GitHub,maven,production,1,1,high,runtime,high,high,high,high,high,high,0.9,0,1,1,0,0,1,1,P2
ml-scenario-1479-gitlab-trivy-vuln-5,gitlab-trivy-vuln-5,6.7,medium,dependency_vulnerability,GitLab,maven,production,1,1,high,runtime,high,high,high,high,high,high,0.9,0,0,1,1,0,0,1,P2
ml-scenario-1480-gitlab-trivy-vuln-1,gitlab-trivy-vuln-1,8.3,high,dependency_vulnerability,GitLab,maven,production,1,1,high,runtime,high,high,high,high,high,high,0.9,0,1,1,0,0,1,1,P1
ml-scenario-1481-gitlab-trivy-vuln-6,gitlab-trivy-vuln-6,4.3,medium,dependency_vulnerability,GitLab,maven,production,1,1,high,runtime,high,high,high,high,high,high,0.9,0,0,1,0,0,0,1,P2
ml-scenario-1482-github-dependabot-4,github-dependabot-4,7.5,high,dependency_vulnerability,GitHub,maven,production,1,1,high,runtime,high,high,high,high,high,high,0.9,0,1,1,0,0,1,1,P1
ml-scenario-1483-github-dependabot-6,github-dependabot-6,0.0,low,dependency_vulnerability,GitHub,maven,production,1,1,high,runtime,high,high,high,high,high,high,0.9,0,0,1,0,0,0,1,P3
ml-scenario-1484-gitlab-trivy-vuln-5,gitlab-trivy-vuln-5,4.7,medium,dependency_vulnerability,GitLab,maven,production,1,1,high,runtime,high,high,high,high,high,high,0.9,0,0,1,1,0,0,1,P2
ml-scenario-1486-github-dependabot-6,github-dependabot-6,0.5,low,dependency_vulnerability,GitHub,maven,production,1,1,high,runtime,high,high,high,high,high,high,0.9,0,0,1,0,0,0,1,P3
ml-scenario-1487-gitlab-trivy-misconfig-4,gitlab-trivy-misconfig-4,0.1,low,misconfiguration,GitLab,,production,0,1,high,build,medium,medium,high,medium,medium,medium,0.9,0,0,0,0,1,0,0,P3
ml-scenario-1488-github-dependabot-4,github-dependabot-4,4.4,medium,dependency_vulnerability,GitHub,maven,production,1,1,high,runtime,high,high,high,high,high,high,0.9,0,1,1,0,0,1,1,P2
ml-scenario-1489-github-dependabot-1,github-dependabot-1,9.3,critical,dependency_vulnerability,GitHub,maven,production,1,1,high,runtime,high,high,high,high,high,high,0.9,0,1,1,0,0,1,1,P1
ml-scenario-1490-github-dependabot-3,github-dependabot-3,6.5,medium,dependency_vulnerability,GitHub,maven,production,1,1,high,runtime,high,high,high,high,high,high,0.9,0,0,1,0,1,0,1,P2
ml-scenario-1491-gitlab-trivy-vuln-1,gitlab-trivy-vuln-1,10.0,critical,dependency_vulnerability,GitLab,maven,production,1,1,high,runtime,high,high,high,high,high,high,0.9,0,1,1,0,0,1,1,P1
ml-scenario-1492-github-dependabot-4,github-dependabot-4,4.6,medium,dependency_vulnerability,GitHub,maven,production,1,1,high,runtime,high,high,high,high,high,high,0.9,0,1,1,0,0,1,1,P2
ml-scenario-1493-github-dependabot-6,github-dependabot-6,0.0,low,dependency_vulnerability,GitHub,maven,production,1,1,high,runtime,high,high,high,high,high,high,0.9,0,0,1,0,0,0,1,P3
ml-scenario-1494-gitlab-trivy-vuln-2,gitlab-trivy-vuln-2,8.6,high,dependency_vulnerability,GitLab,maven,production,1,1,high,runtime,high,high,high,high,high,high,0.9,0,1,1,1,1,1,1,P1
ml-scenario-1495-gitlab-trivy-vuln-4,gitlab-trivy-vuln-4,7.3,high,dependency_vulnerability,GitLab,maven,production,1,1,high,runtime,high,high,high,high,high,high,0.9,0,1,0,0,0,1,1,P1
ml-scenario-1496-gitlab-trivy-vuln-2,gitlab-trivy-vuln-2,6.7,medium,dependency_vulnerability,GitLab,maven,production,1,1,high,runtime,high,high,high,high,high,high,0.9,0,1,1,1,1,1,1,P2
ml-scenario-1497-gitlab-trivy-vuln-2,gitlab-trivy-vuln-2,7.3,high,dependency_vulnerability,GitLab,maven,production,1,1,high,runtime,high,high,high,high,high,high,0.9,0,1,1,1,1,1,1,P1
ml-scenario-1498-gitlab-trivy-misconfig-1,gitlab-trivy-misconfig-1,0.3,low,misconfiguration,GitLab,,production,0,1,high,build,medium,medium,high,medium,medium,medium,0.9,0,1,0,0,0,0,0,P3
ml-scenario-1499-gitlab-trivy-vuln-2,gitlab-trivy-vuln-2,9.8,critical,dependency_vulnerability,GitLab,maven,production,1,1,high,runtime,high,high,high,high,high,high,0.9,0,1,1,1,1,1,1,P1
ml-scenario-1500-gitlab-trivy-vuln-6,gitlab-trivy-vuln-6,4.2,medium,dependency_vulnerability,GitLab,maven,production,1,1,high,runtime,high,high,high,high,high,high,0.9,0,0,1,0,0,0,1,P2
ml-scenario-1501-gitlab-trivy-misconfig-1,gitlab-trivy-misconfig-1,0.0,low,misconfiguration,GitLab,,production,0,1,high,build,medium,medium,high,medium,medium,medium,0.9,0,1,0,0,0,0,0,P4
ml-scenario-1502-github-dependabot-5,github-dependabot-5,0.4,low,dependency_vulnerability,GitHub,maven,production,1,1,high,runtime,high,high,high,high,high,high,0.9,0,0,1,0,0,0,1,P3
ml-scenario-1503-github-dependabot-6,github-dependabot-6,0.0,low,dependency_vulnerability,GitHub,maven,production,1,1,high,runtime,high,high,high,high,high,high,0.9,0,0,1,0,0,0,1,P3
ml-scenario-1504-github-dependabot-6,github-dependabot-6,0.0,low,dependency_vulnerability,GitHub,maven,production,1,1,high,runtime,high,high,high,high,high,high,0.9,0,0,1,0,0,0,1,P3
ml-scenario-1507-gitlab-trivy-misconfig-1,gitlab-trivy-misconfig-1,0.6,low,misconfiguration,GitLab,,production,0,1,high,build,medium,medium,high,medium,medium,medium,0.9,0,1,0,0,0,0,0,P3
ml-scenario-1508-gitlab-trivy-vuln-1,gitlab-trivy-vuln-1,9.6,critical,dependency_vulnerability,GitLab,maven,production,1,1,high,runtime,high,high,high,high,high,high,0.9,0,1,1,0,0,1,1,P1
ml-scenario-1509-github-dependabot-4,github-dependabot-4,6.4,medium,dependency_vulnerability,GitHub,maven,production,1,1,high,runtime,high,high,high,high,high,high,0.9,0,1,1,0,0,1,1,P2
ml-scenario-1511-gitlab-trivy-misconfig-4,gitlab-trivy-misconfig-4,0.0,low,misconfiguration,GitLab,,production,0,1,high,build,medium,medium,high,medium,medium,medium,0.9,0,0,0,0,1,0,0,P4
ml-scenario-1512-gitlab-trivy-vuln-2,gitlab-trivy-vuln-2,7.6,high,dependency_vulnerability,GitLab,maven,production,1,1,high,runtime,high,high,high,high,high,high,0.9,0,1,1,1,1,1,1,P1
ml-scenario-1513-github-dependabot-3,github-dependabot-3,7.6,high,dependency_vulnerability,GitHub,maven,production,1,1,high,runtime,high,high,high,high,high,high,0.9,0,0,1,0,1,0,1,P1
ml-scenario-1515-gitlab-trivy-misconfig-4,gitlab-trivy-misconfig-4,0.3,low,misconfiguration,GitLab,,production,0,1,high,build,medium,medium,high,medium,medium,medium,0.9,0,0,0,0,1,0,0,P3
ml-scenario-1516-github-dependabot-6,github-dependabot-6,0.2,low,dependency_vulnerability,GitHub,maven,production,1,1,high,runtime,high,high,high,high,high,high,0.9,0,0,1,0,0,0,1,P3
ml-scenario-1517-github-dependabot-7,github-dependabot-7,0.0,low,dependency_vulnerability,GitHub,maven,production,1,1,high,runtime,high,high,high,high,high,high,0.9,0,0,1,0,0,0,1,P3
ml-scenario-1520-gitlab-trivy-vuln-4,gitlab-trivy-vuln-4,4.7,medium,dependency_vulnerability,GitLab,maven,production,1,1,high,runtime,high,high,high,high,high,high,0.9,0,1,0,0,0,1,1,P2
ml-scenario-1521-gitlab-trivy-vuln-6,gitlab-trivy-vuln-6,5.9,medium,dependency_vulnerability,GitLab,maven,production,1,1,high,runtime,high,high,high,high,high,high,0.9,0,0,1,0,0,0,1,P2
ml-scenario-1522-github-dependabot-2,github-dependabot-2,10.0,critical,dependency_vulnerability,GitHub,maven,production,1,1,high,runtime,high,high,high,high,high,high,0.9,0,1,1,0,0,1,1,P1
ml-scenario-1523-gitlab-trivy-vuln-4,gitlab-trivy-vuln-4,4.3,medium,dependency_vulnerability,GitLab,maven,production,1,1,high,runtime,high,high,high,high,high,high,0.9,0,1,0,0,0,1,1,P2
ml-scenario-1525-github-dependabot-4,github-dependabot-4,7.5,high,dependency_vulnerability,GitHub,maven,production,1,1,high,runtime,high,high,high,high,high,high,0.9,0,1,1,0,0,1,1,P1
ml-scenario-1526-github-dependabot-1,github-dependabot-1,7.4,high,dependency_vulnerability,GitHub,maven,production,1,1,high,runtime,high,high,high,high,high,high,0.9,0,1,1,0,0,1,1,P1
ml-scenario-1527-github-dependabot-4,github-dependabot-4,5.0,medium,dependency_vulnerability,GitHub,maven,production,1,1,high,runtime,high,high,high,high,high,high,0.9,0,1,1,0,0,1,1,P2
ml-scenario-1528-gitlab-trivy-vuln-1,gitlab-trivy-vuln-1,10.0,critical,dependency_vulnerability,GitLab,maven,production,1,1,high,runtime,high,high,high,high,high,high,0.9,0,1,1,0,0,1,1,P1
ml-scenario-1529-github-dependabot-4,github-dependabot-4,6.1,medium,dependency_vulnerability,GitHub,maven,production,1,1,high,runtime,high,high,high,high,high,high,0.9,0,1,1,0,0,1,1,P2
ml-scenario-1530-github-dependabot-6,github-dependabot-6,0.0,low,dependency_vulnerability,GitHub,maven,production,1,1,high,runtime,high,high,high,high,high,high,0.9,0,0,1,0,0,0,1,P3
ml-scenario-1532-gitlab-trivy-vuln-6,gitlab-trivy-vuln-6,6.6,medium,dependency_vulnerability,GitLab,maven,production,1,1,high,runtime,high,high,high,high,high,high,0.9,0,0,1,0,0,0,1,P2
ml-scenario-1533-github-dependabot-7,github-dependabot-7,0.7,low,dependency_vulnerability,GitHub,maven,production,1,1,high,runtime,high,high,high,high,high,high,0.9,0,0,1,0,0,0,1,P3
ml-scenario-1534-github-dependabot-2,github-dependabot-2,10.0,critical,dependency_vulnerability,GitHub,maven,production,1,1,high,runtime,high,high,high,high,high,high,0.9,0,1,1,0,0,1,1,P1
ml-scenario-1535-github-dependabot-7,github-dependabot-7,0.8,low,dependency_vulnerability,GitHub,maven,production,1,1,high,runtime,high,high,high,high,high,high,0.9,0,0,1,0,0,0,1,P3
ml-scenario-1536-github-dependabot-3,github-dependabot-3,8.1,high,dependency_vulnerability,GitHub,maven,production,1,1,high,runtime,high,high,high,high,high,high,0.9,0,0,1,0,1,0,1,P1
ml-scenario-1540-gitlab-trivy-vuln-2,gitlab-trivy-vuln-2,6.8,medium,dependency_vulnerability,GitLab,maven,production,1,1,high,runtime,high,high,high,high,high,high,0.9,0,1,1,1,1,1,1,P2
ml-scenario-1541-github-dependabot-4,github-dependabot-4,4.2,medium,dependency_vulnerability,GitHub,maven,production,1,1,high,runtime,high,high,high,high,high,high,0.9,0,1,1,0,0,1,1,P2
ml-scenario-1544-gitlab-trivy-vuln-6,gitlab-trivy-vuln-6,6.3,medium,dependency_vulnerability,GitLab,maven,production,1,1,high,runtime,high,high,high,high,high,high,0.9,0,0,1,0,0,0,1,P2
ml-scenario-1545-gitlab-trivy-vuln-6,gitlab-trivy-vuln-6,4.0,medium,dependency_vulnerability,GitLab,maven,production,1,1,high,runtime,high,high,high,high,high,high,0.9,0,0,1,0,0,0,1,P2
ml-scenario-1546-github-dependabot-3,github-dependabot-3,8.2,high,dependency_vulnerability,GitHub,maven,production,1,1,high,runtime,high,high,high,high,high,high,0.9,0,0,1,0,1,0,1,P1
ml-scenario-1547-github-dependabot-3,github-dependabot-3,8.8,high,dependency_vulnerability,GitHub,maven,production,1,1,high,runtime,high,high,high,high,high,high,0.9,0,0,1,0,1,0,1,P1
ml-scenario-1549-gitlab-trivy-vuln-2,gitlab-trivy-vuln-2,7.9,high,dependency_vulnerability,GitLab,maven,production,1,1,high,runtime,high,high,high,high,high,high,0.9,0,1,1,1,1,1,1,P1
ml-scenario-1550-github-dependabot-6,github-dependabot-6,0.0,low,dependency_vulnerability,GitHub,maven,production,1,1,high,runtime,high,high,high,high,high,high,0.9,0,0,1,0,0,0,1,P3
ml-scenario-1551-gitlab-trivy-vuln-6,gitlab-trivy-vuln-6,4.9,medium,dependency_vulnerability,GitLab,maven,production,1,1,high,runtime,high,high,high,high,high,high,0.9,0,0,1,0,0,0,1,P2
ml-scenario-1552-github-dependabot-3,github-dependabot-3,9.5,critical,dependency_vulnerability,GitHub,maven,production,1,1,high,runtime,high,high,high,high,high,high,0.9,0,0,1,0,1,0,1,P1
ml-scenario-1553-github-dependabot-5,github-dependabot-5,0.3,low,dependency_vulnerability,GitHub,maven,production,1,1,high,runtime,high,high,high,high,high,high,0.9,0,0,1,0,0,0,1,P3
ml-scenario-1556-gitlab-trivy-misconfig-4,gitlab-trivy-misconfig-4,0.0,low,misconfiguration,GitLab,,production,0,1,high,build,medium,medium,high,medium,medium,medium,0.9,0,0,0,0,1,0,0,P4
ml-scenario-1557-github-dependabot-7,github-dependabot-7,0.0,low,dependency_vulnerability,GitHub,maven,production,1,1,high,runtime,high,high,high,high,high,high,0.9,0,0,1,0,0,0,1,P3
ml-scenario-1559-gitlab-trivy-vuln-5,gitlab-trivy-vuln-5,4.2,medium,dependency_vulnerability,GitLab,maven,production,1,1,high,runtime,high,high,high,high,high,high,0.9,0,0,1,1,0,0,1,P2
ml-scenario-1560-github-dependabot-2,github-dependabot-2,10.0,critical,dependency_vulnerability,GitHub,maven,production,1,1,high,runtime,high,high,high,high,high,high,0.9,0,1,1,0,0,1,1,P1
ml-scenario-1561-github-dependabot-6,github-dependabot-6,0.5,low,dependency_vulnerability,GitHub,maven,production,1,1,high,runtime,high,high,high,high,high,high,0.9,0,0,1,0,0,0,1,P3
ml-scenario-1562-gitlab-trivy-vuln-1,gitlab-trivy-vuln-1,8.1,high,dependency_vulnerability,GitLab,maven,production,1,1,high,runtime,high,high,high,high,high,high,0.9,0,1,1,0,0,1,1,P1
ml-scenario-1563-gitlab-trivy-vuln-6,gitlab-trivy-vuln-6,7.0,high,dependency_vulnerability,GitLab,maven,production,1,1,high,runtime,high,high,high,high,high,high,0.9,0,0,1,0,0,0,1,P1
ml-scenario-1564-github-dependabot-4,github-dependabot-4,6.3,medium,dependency_vulnerability,GitHub,maven,production,1,1,high,runtime,high,high,high,high,high,high,0.9,0,1,1,0,0,1,1,P2
ml-scenario-1565-github-dependabot-1,github-dependabot-1,9.8,critical,dependency_vulnerability,GitHub,maven,production,1,1,high,runtime,high,high,high,high,high,high,0.9,0,1,1,0,0,1,1,P1
ml-scenario-1566-github-dependabot-3,github-dependabot-3,7.3,high,dependency_vulnerability,GitHub,maven,production,1,1,high,runtime,high,high,high,high,high,high,0.9,0,0,1,0,1,0,1,P1
ml-scenario-1567-gitlab-trivy-vuln-2,gitlab-trivy-vuln-2,7.4,high,dependency_vulnerability,GitLab,maven,production,1,1,high,runtime,high,high,high,high,high,high,0.9,0,1,1,1,1,1,1,P1
ml-scenario-1568-gitlab-trivy-vuln-6,gitlab-trivy-vuln-6,4.4,medium,dependency_vulnerability,GitLab,maven,production,1,1,high,runtime,high,high,high,high,high,high,0.9,0,0,1,0,0,0,1,P2
ml-scenario-1569-gitlab-trivy-vuln-2,gitlab-trivy-vuln-2,9.5,critical,dependency_vulnerability,GitLab,maven,production,1,1,high,runtime,high,high,high,high,high,high,0.9,0,1,1,1,1,1,1,P1
ml-scenario-1570-gitlab-trivy-vuln-6,gitlab-trivy-vuln-6,5.4,medium,dependency_vulnerability,GitLab,maven,production,1,1,high,runtime,high,high,high,high,high,high,0.9,0,0,1,0,0,0,1,P2
ml-scenario-1571-gitlab-trivy-vuln-4,gitlab-trivy-vuln-4,4.8,medium,dependency_vulnerability,GitLab,maven,production,1,1,high,runtime,high,high,high,high,high,high,0.9,0,1,0,0,0,1,1,P2
ml-scenario-1572-gitlab-trivy-vuln-2,gitlab-trivy-vuln-2,7.8,high,dependency_vulnerability,GitLab,maven,production,1,1,high,runtime,high,high,high,high,high,high,0.9,0,1,1,1,1,1,1,P1
ml-scenario-1573-github-dependabot-1,github-dependabot-1,9.0,critical,dependency_vulnerability,GitHub,maven,production,1,1,high,runtime,high,high,high,high,high,high,0.9,0,1,1,0,0,1,1,P1
ml-scenario-1574-gitlab-trivy-vuln-1,gitlab-trivy-vuln-1,8.9,high,dependency_vulnerability,GitLab,maven,production,1,1,high,runtime,high,high,high,high,high,high,0.9,0,1,1,0,0,1,1,P1
ml-scenario-1575-github-dependabot-5,github-dependabot-5,0.9,low,dependency_vulnerability,GitHub,maven,production,1,1,high,runtime,high,high,high,high,high,high,0.9,0,0,1,0,0,0,1,P3
ml-scenario-1576-github-dependabot-5,github-dependabot-5,0.0,low,dependency_vulnerability,GitHub,maven,production,1,1,high,runtime,high,high,high,high,high,high,0.9,0,0,1,0,0,0,1,P3
ml-scenario-1577-github-dependabot-6,github-dependabot-6,0.0,low,dependency_vulnerability,GitHub,maven,production,1,1,high,runtime,high,high,high,high,high,high,0.9,0,0,1,0,0,0,1,P3
ml-scenario-1578-github-dependabot-6,github-dependabot-6,0.0,low,dependency_vulnerability,GitHub,maven,production,1,1,high,runtime,high,high,high,high,high,high,0.9,0,0,1,0,0,0,1,P3
ml-scenario-1580-github-dependabot-4,github-dependabot-4,4.7,medium,dependency_vulnerability,GitHub,maven,production,1,1,high,runtime,high,high,high,high,high,high,0.9,0,1,1,0,0,1,1,P2
ml-scenario-1581-gitlab-trivy-vuln-2,gitlab-trivy-vuln-2,9.4,critical,dependency_vulnerability,GitLab,maven,production,1,1,high,runtime,high,high,high,high,high,high,0.9,0,1,1,1,1,1,1,P1
ml-scenario-1582-gitlab-trivy-vuln-1,gitlab-trivy-vuln-1,8.5,high,dependency_vulnerability,GitLab,maven,production,1,1,high,runtime,high,high,high,high,high,high,0.9,0,1,1,0,0,1,1,P1
ml-scenario-1583-gitlab-trivy-vuln-6,gitlab-trivy-vuln-6,4.7,medium,dependency_vulnerability,GitLab,maven,production,1,1,high,runtime,high,high,high,high,high,high,0.9,0,0,1,0,0,0,1,P2
ml-scenario-1584-github-dependabot-1,github-dependabot-1,6.8,medium,dependency_vulnerability,GitHub,maven,production,1,1,high,runtime,high,high,high,high,high,high,0.9,0,1,1,0,0,1,1,P2
ml-scenario-1587-gitlab-trivy-misconfig-4,gitlab-trivy-misconfig-4,0.8,low,misconfiguration,GitLab,,production,0,1,high,build,medium,medium,high,medium,medium,medium,0.9,0,0,0,0,1,0,0,P3
ml-scenario-1588-gitlab-trivy-vuln-2,gitlab-trivy-vuln-2,7.8,high,dependency_vulnerability,GitLab,maven,production,1,1,high,runtime,high,high,high,high,high,high,0.9,0,1,1,1,1,1,1,P1
ml-scenario-1590-github-dependabot-5,github-dependabot-5,0.8,low,dependency_vulnerability,GitHub,maven,production,1,1,high,runtime,high,high,high,high,high,high,0.9,0,0,1,0,0,0,1,P3
ml-scenario-1592-github-dependabot-5,github-dependabot-5,0.0,low,dependency_vulnerability,GitHub,maven,production,1,1,high,runtime,high,high,high,high,high,high,0.9,0,0,1,0,0,0,1,P3
ml-scenario-1593-github-dependabot-1,github-dependabot-1,7.7,high,dependency_vulnerability,GitHub,maven,production,1,1,high,runtime,high,high,high,high,high,high,0.9,0,1,1,0,0,1,1,P1
ml-scenario-1595-gitlab-trivy-misconfig-4,gitlab-trivy-misconfig-4,0.0,low,misconfiguration,GitLab,,production,0,1,high,build,medium,medium,high,medium,medium,medium,0.9,0,0,0,0,1,0,0,P4
ml-scenario-1596-gitlab-trivy-misconfig-4,gitlab-trivy-misconfig-4,0.0,low,misconfiguration,GitLab,,production,0,1,high,build,medium,medium,high,medium,medium,medium,0.9,0,0,0,0,1,0,0,P4
ml-scenario-1597-gitlab-trivy-vuln-5,gitlab-trivy-vuln-5,4.8,medium,dependency_vulnerability,GitLab,maven,production,1,1,high,runtime,high,high,high,high,high,high,0.9,0,0,1,1,0,0,1,P2
ml-scenario-1598-github-dependabot-1,github-dependabot-1,6.7,medium,dependency_vulnerability,GitHub,maven,production,1,1,high,runtime,high,high,high,high,high,high,0.9,0,1,1,0,0,1,1,P2
ml-scenario-1599-gitlab-trivy-misconfig-4,gitlab-trivy-misconfig-4,0.4,low,misconfiguration,GitLab,,production,0,1,high,build,medium,medium,high,medium,medium,medium,0.9,0,0,0,0,1,0,0,P3
ml-scenario-1600-github-dependabot-3,github-dependabot-3,6.3,medium,dependency_vulnerability,GitHub,maven,production,1,1,high,runtime,high,high,high,high,high,high,0.9,0,0,1,0,1,0,1,P2
ml-scenario-1601-github-dependabot-2,github-dependabot-2,9.0,critical,dependency_vulnerability,GitHub,maven,production,1,1,high,runtime,high,high,high,high,high,high,0.9,0,1,1,0,0,1,1,P1
ml-scenario-1602-gitlab-trivy-vuln-5,gitlab-trivy-vuln-5,6.7,medium,dependency_vulnerability,GitLab,maven,production,1,1,high,runtime,high,high,high,high,high,high,0.9,0,0,1,1,0,0,1,P2
ml-scenario-1604-github-dependabot-2,github-dependabot-2,8.2,high,dependency_vulnerability,GitHub,maven,production,1,1,high,runtime,high,high,high,high,high,high,0.9,0,1,1,0,0,1,1,P1
ml-scenario-1605-gitlab-trivy-vuln-5,gitlab-trivy-vuln-5,7.2,high,dependency_vulnerability,GitLab,maven,production,1,1,high,runtime,high,high,high,high,high,high,0.9,0,0,1,1,0,0,1,P1
ml-scenario-1607-gitlab-trivy-vuln-5,gitlab-trivy-vuln-5,6.5,medium,dependency_vulnerability,GitLab,maven,production,1,1,high,runtime,high,high,high,high,high,high,0.9,0,0,1,1,0,0,1,P2
ml-scenario-1609-gitlab-trivy-vuln-4,gitlab-trivy-vuln-4,4.4,medium,dependency_vulnerability,GitLab,maven,production,1,1,high,runtime,high,high,high,high,high,high,0.9,0,1,0,0,0,1,1,P2
ml-scenario-1610-gitlab-trivy-misconfig-4,gitlab-trivy-misconfig-4,0.0,low,misconfiguration,GitLab,,production,0,1,high,build,medium,medium,high,medium,medium,medium,0.9,0,0,0,0,1,0,0,P4
ml-scenario-1611-github-dependabot-7,github-dependabot-7,0.6,low,dependency_vulnerability,GitHub,maven,production,1,1,high,runtime,high,high,high,high,high,high,0.9,0,0,1,0,0,0,1,P3
ml-scenario-1612-github-dependabot-7,github-dependabot-7,0.0,low,dependency_vulnerability,GitHub,maven,production,1,1,high,runtime,high,high,high,high,high,high,0.9,0,0,1,0,0,0,1,P3
ml-scenario-1613-gitlab-trivy-vuln-1,gitlab-trivy-vuln-1,8.4,high,dependency_vulnerability,GitLab,maven,production,1,1,high,runtime,high,high,high,high,high,high,0.9,0,1,1,0,0,1,1,P1
ml-scenario-1614-gitlab-trivy-misconfig-1,gitlab-trivy-misconfig-1,0.0,low,misconfiguration,GitLab,,production,0,1,high,build,medium,medium,high,medium,medium,medium,0.9,0,1,0,0,0,0,0,P4
ml-scenario-1615-gitlab-trivy-vuln-4,gitlab-trivy-vuln-4,6.1,medium,dependency_vulnerability,GitLab,maven,production,1,1,high,runtime,high,high,high,high,high,high,0.9,0,1,0,0,0,1,1,P2
ml-scenario-1616-github-dependabot-3,github-dependabot-3,8.7,high,dependency_vulnerability,GitHub,maven,production,1,1,high,runtime,high,high,high,high,high,high,0.9,0,0,1,0,1,0,1,P1
ml-scenario-1617-github-dependabot-1,github-dependabot-1,6.8,medium,dependency_vulnerability,GitHub,maven,production,1,1,high,runtime,high,high,high,high,high,high,0.9,0,1,1,0,0,1,1,P2
ml-scenario-1618-github-dependabot-7,github-dependabot-7,0.3,low,dependency_vulnerability,GitHub,maven,production,1,1,high,runtime,high,high,high,high,high,high,0.9,0,0,1,0,0,0,1,P3
ml-scenario-1619-github-dependabot-5,github-dependabot-5,0.9,low,dependency_vulnerability,GitHub,maven,production,1,1,high,runtime,high,high,high,high,high,high,0.9,0,0,1,0,0,0,1,P3
ml-scenario-1620-github-dependabot-4,github-dependabot-4,6.0,medium,dependency_vulnerability,GitHub,maven,production,1,1,high,runtime,high,high,high,high,high,high,0.9,0,1,1,0,0,1,1,P2
ml-scenario-1621-github-dependabot-6,github-dependabot-6,0.4,low,dependency_vulnerability,GitHub,maven,production,1,1,high,runtime,high,high,high,high,high,high,0.9,0,0,1,0,0,0,1,P3
ml-scenario-1622-github-dependabot-5,github-dependabot-5,0.9,low,dependency_vulnerability,GitHub,maven,production,1,1,high,runtime,high,high,high,high,high,high,0.9,0,0,1,0,0,0,1,P3
ml-scenario-1624-github-dependabot-4,github-dependabot-4,5.8,medium,dependency_vulnerability,GitHub,maven,production,1,1,high,runtime,high,high,high,high,high,high,0.9,0,1,1,0,0,1,1,P2
ml-scenario-1625-gitlab-trivy-vuln-2,gitlab-trivy-vuln-2,8.0,high,dependency_vulnerability,GitLab,maven,production,1,1,high,runtime,high,high,high,high,high,high,0.9,0,1,1,1,1,1,1,P1
ml-scenario-1626-gitlab-trivy-vuln-1,gitlab-trivy-vuln-1,9.3,critical,dependency_vulnerability,GitLab,maven,production,1,1,high,runtime,high,high,high,high,high,high,0.9,0,1,1,0,0,1,1,P1
ml-scenario-1628-github-dependabot-3,github-dependabot-3,6.5,medium,dependency_vulnerability,GitHub,maven,production,1,1,high,runtime,high,high,high,high,high,high,0.9,0,0,1,0,1,0,1,P2
ml-scenario-1629-gitlab-trivy-misconfig-1,gitlab-trivy-misconfig-1,0.0,low,misconfiguration,GitLab,,production,0,1,high,build,medium,medium,high,medium,medium,medium,0.9,0,1,0,0,0,0,0,P4
ml-scenario-1632-github-dependabot-5,github-dependabot-5,0.0,low,dependency_vulnerability,GitHub,maven,production,1,1,high,runtime,high,high,high,high,high,high,0.9,0,0,1,0,0,0,1,P3
ml-scenario-1633-github-dependabot-5,github-dependabot-5,0.0,low,dependency_vulnerability,GitHub,maven,production,1,1,high,runtime,high,high,high,high,high,high,0.9,0,0,1,0,0,0,1,P3
ml-scenario-1634-github-dependabot-3,github-dependabot-3,9.0,critical,dependency_vulnerability,GitHub,maven,production,1,1,high,runtime,high,high,high,high,high,high,0.9,0,0,1,0,1,0,1,P1
ml-scenario-1635-gitlab-trivy-vuln-4,gitlab-trivy-vuln-4,5.2,medium,dependency_vulnerability,GitLab,maven,production,1,1,high,runtime,high,high,high,high,high,high,0.9,0,1,0,0,0,1,1,P2
ml-scenario-1636-gitlab-trivy-vuln-2,gitlab-trivy-vuln-2,6.9,medium,dependency_vulnerability,GitLab,maven,production,1,1,high,runtime,high,high,high,high,high,high,0.9,0,1,1,1,1,1,1,P2
ml-scenario-1637-gitlab-trivy-misconfig-4,gitlab-trivy-misconfig-4,0.0,low,misconfiguration,GitLab,,production,0,1,high,build,medium,medium,high,medium,medium,medium,0.9,0,0,0,0,1,0,0,P4
ml-scenario-1638-gitlab-trivy-vuln-6,gitlab-trivy-vuln-6,6.8,medium,dependency_vulnerability,GitLab,maven,production,1,1,high,runtime,high,high,high,high,high,high,0.9,0,0,1,0,0,0,1,P2
ml-scenario-1640-github-dependabot-2,github-dependabot-2,10.0,critical,dependency_vulnerability,GitHub,maven,production,1,1,high,runtime,high,high,high,high,high,high,0.9,0,1,1,0,0,1,1,P1
ml-scenario-1642-github-dependabot-1,github-dependabot-1,8.0,high,dependency_vulnerability,GitHub,maven,production,1,1,high,runtime,high,high,high,high,high,high,0.9,0,1,1,0,0,1,1,P1
ml-scenario-1643-github-dependabot-3,github-dependabot-3,8.1,high,dependency_vulnerability,GitHub,maven,production,1,1,high,runtime,high,high,high,high,high,high,0.9,0,0,1,0,1,0,1,P1
ml-scenario-1644-github-dependabot-1,github-dependabot-1,9.7,critical,dependency_vulnerability,GitHub,maven,production,1,1,high,runtime,high,high,high,high,high,high,0.9,0,1,1,0,0,1,1,P1
ml-scenario-1645-github-dependabot-1,github-dependabot-1,9.3,critical,dependency_vulnerability,GitHub,maven,production,1,1,high,runtime,high,high,high,high,high,high,0.9,0,1,1,0,0,1,1,P1
ml-scenario-1646-gitlab-trivy-misconfig-4,gitlab-trivy-misconfig-4,0.6,low,misconfiguration,GitLab,,production,0,1,high,build,medium,medium,high,medium,medium,medium,0.9,0,0,0,0,1,0,0,P3
ml-scenario-1647-github-dependabot-5,github-dependabot-5,0.0,low,dependency_vulnerability,GitHub,maven,production,1,1,high,runtime,high,high,high,high,high,high,0.9,0,0,1,0,0,0,1,P3
ml-scenario-1650-gitlab-trivy-vuln-4,gitlab-trivy-vuln-4,5.5,medium,dependency_vulnerability,GitLab,maven,production,1,1,high,runtime,high,high,high,high,high,high,0.9,0,1,0,0,0,1,1,P2
ml-scenario-1651-github-dependabot-6,github-dependabot-6,0.0,low,dependency_vulnerability,GitHub,maven,production,1,1,high,runtime,high,high,high,high,high,high,0.9,0,0,1,0,0,0,1,P3
ml-scenario-1652-gitlab-trivy-vuln-6,gitlab-trivy-vuln-6,6.2,medium,dependency_vulnerability,GitLab,maven,production,1,1,high,runtime,high,high,high,high,high,high,0.9,0,0,1,0,0,0,1,P2
ml-scenario-1653-gitlab-trivy-vuln-1,gitlab-trivy-vuln-1,10.0,critical,dependency_vulnerability,GitLab,maven,production,1,1,high,runtime,high,high,high,high,high,high,0.9,0,1,1,0,0,1,1,P1
ml-scenario-1654-gitlab-trivy-vuln-4,gitlab-trivy-vuln-4,7.2,high,dependency_vulnerability,GitLab,maven,production,1,1,high,runtime,high,high,high,high,high,high,0.9,0,1,0,0,0,1,1,P1
ml-scenario-1655-github-dependabot-2,github-dependabot-2,8.7,high,dependency_vulnerability,GitHub,maven,production,1,1,high,runtime,high,high,high,high,high,high,0.9,0,1,1,0,0,1,1,P1
ml-scenario-1656-gitlab-trivy-vuln-5,gitlab-trivy-vuln-5,4.9,medium,dependency_vulnerability,GitLab,maven,production,1,1,high,runtime,high,high,high,high,high,high,0.9,0,0,1,1,0,0,1,P2
ml-scenario-1658-github-dependabot-1,github-dependabot-1,9.9,critical,dependency_vulnerability,GitHub,maven,production,1,1,high,runtime,high,high,high,high,high,high,0.9,0,1,1,0,0,1,1,P1
ml-scenario-1659-github-dependabot-4,github-dependabot-4,4.6,medium,dependency_vulnerability,GitHub,maven,production,1,1,high,runtime,high,high,high,high,high,high,0.9,0,1,1,0,0,1,1,P2
ml-scenario-1660-gitlab-trivy-misconfig-1,gitlab-trivy-misconfig-1,0.2,low,misconfiguration,GitLab,,production,0,1,high,build,medium,medium,high,medium,medium,medium,0.9,0,1,0,0,0,0,0,P3
ml-scenario-1661-gitlab-trivy-vuln-6,gitlab-trivy-vuln-6,4.7,medium,dependency_vulnerability,GitLab,maven,production,1,1,high,runtime,high,high,high,high,high,high,0.9,0,0,1,0,0,0,1,P2
ml-scenario-1662-github-dependabot-5,github-dependabot-5,0.0,low,dependency_vulnerability,GitHub,maven,production,1,1,high,runtime,high,high,high,high,high,high,0.9,0,0,1,0,0,0,1,P3
ml-scenario-1663-gitlab-trivy-vuln-2,gitlab-trivy-vuln-2,7.3,high,dependency_vulnerability,GitLab,maven,production,1,1,high,runtime,high,high,high,high,high,high,0.9,0,1,1,1,1,1,1,P1
ml-scenario-1665-github-dependabot-5,github-dependabot-5,0.1,low,dependency_vulnerability,GitHub,maven,production,1,1,high,runtime,high,high,high,high,high,high,0.9,0,0,1,0,0,0,1,P3
ml-scenario-1667-gitlab-trivy-vuln-1,gitlab-trivy-vuln-1,9.3,critical,dependency_vulnerability,GitLab,maven,production,1,1,high,runtime,high,high,high,high,high,high,0.9,0,1,1,0,0,1,1,P1
ml-scenario-1671-github-dependabot-2,github-dependabot-2,8.1,high,dependency_vulnerability,GitHub,maven,production,1,1,high,runtime,high,high,high,high,high,high,0.9,0,1,1,0,0,1,1,P1
ml-scenario-1673-github-dependabot-4,github-dependabot-4,4.2,medium,dependency_vulnerability,GitHub,maven,production,1,1,high,runtime,high,high,high,high,high,high,0.9,0,1,1,0,0,1,1,P2
ml-scenario-1674-gitlab-trivy-vuln-1,gitlab-trivy-vuln-1,10.0,critical,dependency_vulnerability,GitLab,maven,production,1,1,high,runtime,high,high,high,high,high,high,0.9,0,1,1,0,0,1,1,P1
ml-scenario-1676-gitlab-trivy-misconfig-1,gitlab-trivy-misconfig-1,0.0,low,misconfiguration,GitLab,,production,0,1,high,build,medium,medium,high,medium,medium,medium,0.9,0,1,0,0,0,0,0,P4
ml-scenario-1677-github-dependabot-1,github-dependabot-1,8.9,high,dependency_vulnerability,GitHub,maven,production,1,1,high,runtime,high,high,high,high,high,high,0.9,0,1,1,0,0,1,1,P1
ml-scenario-1678-github-dependabot-4,github-dependabot-4,5.4,medium,dependency_vulnerability,GitHub,maven,production,1,1,high,runtime,high,high,high,high,high,high,0.9,0,1,1,0,0,1,1,P2
ml-scenario-1679-gitlab-trivy-misconfig-1,gitlab-trivy-misconfig-1,0.0,low,misconfiguration,GitLab,,production,0,1,high,build,medium,medium,high,medium,medium,medium,0.9,0,1,0,0,0,0,0,P4
ml-scenario-1681-github-dependabot-7,github-dependabot-7,0.0,low,dependency_vulnerability,GitHub,maven,production,1,1,high,runtime,high,high,high,high,high,high,0.9,0,0,1,0,0,0,1,P3
ml-scenario-1682-gitlab-trivy-vuln-4,gitlab-trivy-vuln-4,6.7,medium,dependency_vulnerability,GitLab,maven,production,1,1,high,runtime,high,high,high,high,high,high,0.9,0,1,0,0,0,1,1,P2
ml-scenario-1683-gitlab-trivy-vuln-2,gitlab-trivy-vuln-2,7.6,high,dependency_vulnerability,GitLab,maven,production,1,1,high,runtime,high,high,high,high,high,high,0.9,0,1,1,1,1,1,1,P1
ml-scenario-1684-github-dependabot-6,github-dependabot-6,0.0,low,dependency_vulnerability,GitHub,maven,production,1,1,high,runtime,high,high,high,high,high,high,0.9,0,0,1,0,0,0,1,P3
ml-scenario-1686-github-dependabot-4,github-dependabot-4,6.5,medium,dependency_vulnerability,GitHub,maven,production,1,1,high,runtime,high,high,high,high,high,high,0.9,0,1,1,0,0,1,1,P2
ml-scenario-1687-gitlab-trivy-vuln-4,gitlab-trivy-vuln-4,6.4,medium,dependency_vulnerability,GitLab,maven,production,1,1,high,runtime,high,high,high,high,high,high,0.9,0,1,0,0,0,1,1,P2
ml-scenario-1689-github-dependabot-2,github-dependabot-2,9.2,critical,dependency_vulnerability,GitHub,maven,production,1,1,high,runtime,high,high,high,high,high,high,0.9,0,1,1,0,0,1,1,P1
ml-scenario-1690-github-dependabot-3,github-dependabot-3,8.4,high,dependency_vulnerability,GitHub,maven,production,1,1,high,runtime,high,high,high,high,high,high,0.9,0,0,1,0,1,0,1,P1
ml-scenario-1691-github-dependabot-2,github-dependabot-2,8.3,high,dependency_vulnerability,GitHub,maven,production,1,1,high,runtime,high,high,high,high,high,high,0.9,0,1,1,0,0,1,1,P1
ml-scenario-1692-gitlab-trivy-vuln-5,gitlab-trivy-vuln-5,6.3,medium,dependency_vulnerability,GitLab,maven,production,1,1,high,runtime,high,high,high,high,high,high,0.9,0,0,1,1,0,0,1,P2
ml-scenario-1693-gitlab-trivy-vuln-4,gitlab-trivy-vuln-4,5.6,medium,dependency_vulnerability,GitLab,maven,production,1,1,high,runtime,high,high,high,high,high,high,0.9,0,1,0,0,0,1,1,P2
ml-scenario-1694-github-dependabot-6,github-dependabot-6,0.5,low,dependency_vulnerability,GitHub,maven,production,1,1,high,runtime,high,high,high,high,high,high,0.9,0,0,1,0,0,0,1,P3
ml-scenario-1695-gitlab-trivy-misconfig-1,gitlab-trivy-misconfig-1,0.0,low,misconfiguration,GitLab,,production,0,1,high,build,medium,medium,high,medium,medium,medium,0.9,0,1,0,0,0,0,0,P4
ml-scenario-1696-gitlab-trivy-misconfig-1,gitlab-trivy-misconfig-1,0.0,low,misconfiguration,GitLab,,production,0,1,high,build,medium,medium,high,medium,medium,medium,0.9,0,1,0,0,0,0,0,P4
ml-scenario-1698-github-dependabot-6,github-dependabot-6,0.0,low,dependency_vulnerability,GitHub,maven,production,1,1,high,runtime,high,high,high,high,high,high,0.9,0,0,1,0,0,0,1,P3
ml-scenario-1699-github-dependabot-2,github-dependabot-2,9.3,critical,dependency_vulnerability,GitHub,maven,production,1,1,high,runtime,high,high,high,high,high,high,0.9,0,1,1,0,0,1,1,P1
ml-scenario-1700-github-dependabot-7,github-dependabot-7,0.0,low,dependency_vulnerability,GitHub,maven,production,1,1,high,runtime,high,high,high,high,high,high,0.9,0,0,1,0,0,0,1,P3
ml-scenario-1701-gitlab-trivy-vuln-5,gitlab-trivy-vuln-5,4.8,medium,dependency_vulnerability,GitLab,maven,production,1,1,high,runtime,high,high,high,high,high,high,0.9,0,0,1,1,0,0,1,P2
ml-scenario-1702-github-dependabot-1,github-dependabot-1,8.2,high,dependency_vulnerability,GitHub,maven,production,1,1,high,runtime,high,high,high,high,high,high,0.9,0,1,1,0,0,1,1,P1
ml-scenario-1703-gitlab-trivy-vuln-6,gitlab-trivy-vuln-6,7.3,high,dependency_vulnerability,GitLab,maven,production,1,1,high,runtime,high,high,high,high,high,high,0.9,0,0,1,0,0,0,1,P1
ml-scenario-1704-gitlab-trivy-vuln-6,gitlab-trivy-vuln-6,6.8,medium,dependency_vulnerability,GitLab,maven,production,1,1,high,runtime,high,high,high,high,high,high,0.9,0,0,1,0,0,0,1,P2
ml-scenario-1705-gitlab-trivy-vuln-4,gitlab-trivy-vuln-4,6.4,medium,dependency_vulnerability,GitLab,maven,production,1,1,high,runtime,high,high,high,high,high,high,0.9,0,1,0,0,0,1,1,P2
ml-scenario-1706-gitlab-trivy-vuln-5,gitlab-trivy-vuln-5,4.5,medium,dependency_vulnerability,GitLab,maven,production,1,1,high,runtime,high,high,high,high,high,high,0.9,0,0,1,1,0,0,1,P2
ml-scenario-1708-gitlab-trivy-vuln-1,gitlab-trivy-vuln-1,10.0,critical,dependency_vulnerability,GitLab,maven,production,1,1,high,runtime,high,high,high,high,high,high,0.9,0,1,1,0,0,1,1,P1
ml-scenario-1709-github-dependabot-6,github-dependabot-6,0.0,low,dependency_vulnerability,GitHub,maven,production,1,1,high,runtime,high,high,high,high,high,high,0.9,0,0,1,0,0,0,1,P3
ml-scenario-1710-github-dependabot-3,github-dependabot-3,8.6,high,dependency_vulnerability,GitHub,maven,production,1,1,high,runtime,high,high,high,high,high,high,0.9,0,0,1,0,1,0,1,P1
ml-scenario-1712-gitlab-trivy-vuln-4,gitlab-trivy-vuln-4,7.3,high,dependency_vulnerability,GitLab,maven,production,1,1,high,runtime,high,high,high,high,high,high,0.9,0,1,0,0,0,1,1,P1
ml-scenario-1713-github-dependabot-6,github-dependabot-6,0.0,low,dependency_vulnerability,GitHub,maven,production,1,1,high,runtime,high,high,high,high,high,high,0.9,0,0,1,0,0,0,1,P3
ml-scenario-1714-gitlab-trivy-vuln-1,gitlab-trivy-vuln-1,9.5,critical,dependency_vulnerability,GitLab,maven,production,1,1,high,runtime,high,high,high,high,high,high,0.9,0,1,1,0,0,1,1,P1
ml-scenario-1716-github-dependabot-4,github-dependabot-4,6.5,medium,dependency_vulnerability,GitHub,maven,production,1,1,high,runtime,high,high,high,high,high,high,0.9,0,1,1,0,0,1,1,P2
ml-scenario-1718-github-dependabot-7,github-dependabot-7,0.0,low,dependency_vulnerability,GitHub,maven,production,1,1,high,runtime,high,high,high,high,high,high,0.9,0,0,1,0,0,0,1,P3
ml-scenario-1720-gitlab-trivy-misconfig-4,gitlab-trivy-misconfig-4,0.0,low,misconfiguration,GitLab,,production,0,1,high,build,medium,medium,high,medium,medium,medium,0.9,0,0,0,0,1,0,0,P4
ml-scenario-1721-github-dependabot-1,github-dependabot-1,8.1,high,dependency_vulnerability,GitHub,maven,production,1,1,high,runtime,high,high,high,high,high,high,0.9,0,1,1,0,0,1,1,P1
ml-scenario-1722-gitlab-trivy-vuln-4,gitlab-trivy-vuln-4,6.6,medium,dependency_vulnerability,GitLab,maven,production,1,1,high,runtime,high,high,high,high,high,high,0.9,0,1,0,0,0,1,1,P2
ml-scenario-1723-gitlab-trivy-misconfig-4,gitlab-trivy-misconfig-4,0.2,low,misconfiguration,GitLab,,production,0,1,high,build,medium,medium,high,medium,medium,medium,0.9,0,0,0,0,1,0,0,P3
ml-scenario-1725-gitlab-trivy-vuln-6,gitlab-trivy-vuln-6,6.1,medium,dependency_vulnerability,GitLab,maven,production,1,1,high,runtime,high,high,high,high,high,high,0.9,0,0,1,0,0,0,1,P2
ml-scenario-1726-github-dependabot-4,github-dependabot-4,5.3,medium,dependency_vulnerability,GitHub,maven,production,1,1,high,runtime,high,high,high,high,high,high,0.9,0,1,1,0,0,1,1,P2
ml-scenario-1727-gitlab-trivy-vuln-5,gitlab-trivy-vuln-5,5.3,medium,dependency_vulnerability,GitLab,maven,production,1,1,high,runtime,high,high,high,high,high,high,0.9,0,0,1,1,0,0,1,P2
ml-scenario-1728-gitlab-trivy-vuln-6,gitlab-trivy-vuln-6,5.1,medium,dependency_vulnerability,GitLab,maven,production,1,1,high,runtime,high,high,high,high,high,high,0.9,0,0,1,0,0,0,1,P2
ml-scenario-1729-gitlab-trivy-vuln-5,gitlab-trivy-vuln-5,5.4,medium,dependency_vulnerability,GitLab,maven,production,1,1,high,runtime,high,high,high,high,high,high,0.9,0,0,1,1,0,0,1,P2
ml-scenario-1730-github-dependabot-1,github-dependabot-1,8.1,high,dependency_vulnerability,GitHub,maven,production,1,1,high,runtime,high,high,high,high,high,high,0.9,0,1,1,0,0,1,1,P1
ml-scenario-1731-gitlab-trivy-vuln-2,gitlab-trivy-vuln-2,8.3,high,dependency_vulnerability,GitLab,maven,production,1,1,high,runtime,high,high,high,high,high,high,0.9,0,1,1,1,1,1,1,P1
ml-scenario-1733-github-dependabot-6,github-dependabot-6,0.0,low,dependency_vulnerability,GitHub,maven,production,1,1,high,runtime,high,high,high,high,high,high,0.9,0,0,1,0,0,0,1,P3
ml-scenario-1734-github-dependabot-5,github-dependabot-5,0.0,low,dependency_vulnerability,GitHub,maven,production,1,1,high,runtime,high,high,high,high,high,high,0.9,0,0,1,0,0,0,1,P3
ml-scenario-1735-github-dependabot-3,github-dependabot-3,6.6,medium,dependency_vulnerability,GitHub,maven,production,1,1,high,runtime,high,high,high,high,high,high,0.9,0,0,1,0,1,0,1,P2
ml-scenario-1737-gitlab-trivy-misconfig-1,gitlab-trivy-misconfig-1,0.0,low,misconfiguration,GitLab,,production,0,1,high,build,medium,medium,high,medium,medium,medium,0.9,0,1,0,0,0,0,0,P4
ml-scenario-1741-gitlab-trivy-vuln-1,gitlab-trivy-vuln-1,7.5,high,dependency_vulnerability,GitLab,maven,production,1,1,high,runtime,high,high,high,high,high,high,0.9,0,1,1,0,0,1,1,P1
ml-scenario-1742-gitlab-trivy-vuln-4,gitlab-trivy-vuln-4,4.8,medium,dependency_vulnerability,GitLab,maven,production,1,1,high,runtime,high,high,high,high,high,high,0.9,0,1,0,0,0,1,1,P2
ml-scenario-1745-gitlab-trivy-vuln-2,gitlab-trivy-vuln-2,7.1,high,dependency_vulnerability,GitLab,maven,production,1,1,high,runtime,high,high,high,high,high,high,0.9,0,1,1,1,1,1,1,P1
ml-scenario-1746-github-dependabot-5,github-dependabot-5,0.0,low,dependency_vulnerability,GitHub,maven,production,1,1,high,runtime,high,high,high,high,high,high,0.9,0,0,1,0,0,0,1,P3
ml-scenario-1747-github-dependabot-6,github-dependabot-6,0.0,low,dependency_vulnerability,GitHub,maven,production,1,1,high,runtime,high,high,high,high,high,high,0.9,0,0,1,0,0,0,1,P3
ml-scenario-1749-gitlab-trivy-vuln-1,gitlab-trivy-vuln-1,9.4,critical,dependency_vulnerability,GitLab,maven,production,1,1,high,runtime,high,high,high,high,high,high,0.9,0,1,1,0,0,1,1,P1
ml-scenario-1750-github-dependabot-7,github-dependabot-7,0.8,low,dependency_vulnerability,GitHub,maven,production,1,1,high,runtime,high,high,high,high,high,high,0.9,0,0,1,0,0,0,1,P3
ml-scenario-1751-gitlab-trivy-vuln-6,gitlab-trivy-vuln-6,6.4,medium,dependency_vulnerability,GitLab,maven,production,1,1,high,runtime,high,high,high,high,high,high,0.9,0,0,1,0,0,0,1,P2
ml-scenario-1753-github-dependabot-2,github-dependabot-2,9.7,critical,dependency_vulnerability,GitHub,maven,production,1,1,high,runtime,high,high,high,high,high,high,0.9,0,1,1,0,0,1,1,P1
ml-scenario-1754-github-dependabot-4,github-dependabot-4,4.9,medium,dependency_vulnerability,GitHub,maven,production,1,1,high,runtime,high,high,high,high,high,high,0.9,0,1,1,0,0,1,1,P2
ml-scenario-1755-github-dependabot-7,github-dependabot-7,0.0,low,dependency_vulnerability,GitHub,maven,production,1,1,high,runtime,high,high,high,high,high,high,0.9,0,0,1,0,0,0,1,P3
ml-scenario-1756-github-dependabot-1,github-dependabot-1,7.8,high,dependency_vulnerability,GitHub,maven,production,1,1,high,runtime,high,high,high,high,high,high,0.9,0,1,1,0,0,1,1,P1
ml-scenario-1757-gitlab-trivy-vuln-5,gitlab-trivy-vuln-5,4.4,medium,dependency_vulnerability,GitLab,maven,production,1,1,high,runtime,high,high,high,high,high,high,0.9,0,0,1,1,0,0,1,P2
ml-scenario-1758-gitlab-trivy-vuln-1,gitlab-trivy-vuln-1,8.5,high,dependency_vulnerability,GitLab,maven,production,1,1,high,runtime,high,high,high,high,high,high,0.9,0,1,1,0,0,1,1,P1
ml-scenario-1759-gitlab-trivy-vuln-5,gitlab-trivy-vuln-5,5.4,medium,dependency_vulnerability,GitLab,maven,production,1,1,high,runtime,high,high,high,high,high,high,0.9,0,0,1,1,0,0,1,P2
ml-scenario-1761-gitlab-trivy-vuln-6,gitlab-trivy-vuln-6,5.3,medium,dependency_vulnerability,GitLab,maven,production,1,1,high,runtime,high,high,high,high,high,high,0.9,0,0,1,0,0,0,1,P2
ml-scenario-1762-github-dependabot-3,github-dependabot-3,7.3,high,dependency_vulnerability,GitHub,maven,production,1,1,high,runtime,high,high,high,high,high,high,0.9,0,0,1,0,1,0,1,P1
ml-scenario-1765-github-dependabot-6,github-dependabot-6,0.0,low,dependency_vulnerability,GitHub,maven,production,1,1,high,runtime,high,high,high,high,high,high,0.9,0,0,1,0,0,0,1,P3
ml-scenario-1766-github-dependabot-4,github-dependabot-4,6.6,medium,dependency_vulnerability,GitHub,maven,production,1,1,high,runtime,high,high,high,high,high,high,0.9,0,1,1,0,0,1,1,P2
ml-scenario-1767-github-dependabot-3,github-dependabot-3,6.8,medium,dependency_vulnerability,GitHub,maven,production,1,1,high,runtime,high,high,high,high,high,high,0.9,0,0,1,0,1,0,1,P2
ml-scenario-1768-github-dependabot-2,github-dependabot-2,9.6,critical,dependency_vulnerability,GitHub,maven,production,1,1,high,runtime,high,high,high,high,high,high,0.9,0,1,1,0,0,1,1,P1
ml-scenario-1770-gitlab-trivy-vuln-1,gitlab-trivy-vuln-1,8.8,high,dependency_vulnerability,GitLab,maven,production,1,1,high,runtime,high,high,high,high,high,high,0.9,0,1,1,0,0,1,1,P1
ml-scenario-1771-gitlab-trivy-vuln-4,gitlab-trivy-vuln-4,6.8,medium,dependency_vulnerability,GitLab,maven,production,1,1,high,runtime,high,high,high,high,high,high,0.9,0,1,0,0,0,1,1,P2
ml-scenario-1772-gitlab-trivy-vuln-1,gitlab-trivy-vuln-1,9.6,critical,dependency_vulnerability,GitLab,maven,production,1,1,high,runtime,high,high,high,high,high,high,0.9,0,1,1,0,0,1,1,P1
ml-scenario-1773-gitlab-trivy-vuln-1,gitlab-trivy-vuln-1,9.8,critical,dependency_vulnerability,GitLab,maven,production,1,1,high,runtime,high,high,high,high,high,high,0.9,0,1,1,0,0,1,1,P1
ml-scenario-1774-github-dependabot-2,github-dependabot-2,7.7,high,dependency_vulnerability,GitHub,maven,production,1,1,high,runtime,high,high,high,high,high,high,0.9,0,1,1,0,0,1,1,P1
ml-scenario-1775-github-dependabot-1,github-dependabot-1,8.0,high,dependency_vulnerability,GitHub,maven,production,1,1,high,runtime,high,high,high,high,high,high,0.9,0,1,1,0,0,1,1,P1
ml-scenario-1776-github-dependabot-6,github-dependabot-6,0.0,low,dependency_vulnerability,GitHub,maven,production,1,1,high,runtime,high,high,high,high,high,high,0.9,0,0,1,0,0,0,1,P3
ml-scenario-1777-gitlab-trivy-vuln-4,gitlab-trivy-vuln-4,5.8,medium,dependency_vulnerability,GitLab,maven,production,1,1,high,runtime,high,high,high,high,high,high,0.9,0,1,0,0,0,1,1,P2
ml-scenario-1778-github-dependabot-3,github-dependabot-3,6.8,medium,dependency_vulnerability,GitHub,maven,production,1,1,high,runtime,high,high,high,high,high,high,0.9,0,0,1,0,1,0,1,P2
ml-scenario-1779-github-dependabot-2,github-dependabot-2,8.6,high,dependency_vulnerability,GitHub,maven,production,1,1,high,runtime,high,high,high,high,high,high,0.9,0,1,1,0,0,1,1,P1
ml-scenario-1780-github-dependabot-1,github-dependabot-1,8.8,high,dependency_vulnerability,GitHub,maven,production,1,1,high,runtime,high,high,high,high,high,high,0.9,0,1,1,0,0,1,1,P1
ml-scenario-1781-gitlab-trivy-vuln-4,gitlab-trivy-vuln-4,6.3,medium,dependency_vulnerability,GitLab,maven,production,1,1,high,runtime,high,high,high,high,high,high,0.9,0,1,0,0,0,1,1,P2
ml-scenario-1782-github-dependabot-3,github-dependabot-3,7.6,high,dependency_vulnerability,GitHub,maven,production,1,1,high,runtime,high,high,high,high,high,high,0.9,0,0,1,0,1,0,1,P1
ml-scenario-1783-github-dependabot-1,github-dependabot-1,8.3,high,dependency_vulnerability,GitHub,maven,production,1,1,high,runtime,high,high,high,high,high,high,0.9,0,1,1,0,0,1,1,P1
ml-scenario-1784-github-dependabot-1,github-dependabot-1,7.5,high,dependency_vulnerability,GitHub,maven,production,1,1,high,runtime,high,high,high,high,high,high,0.9,0,1,1,0,0,1,1,P1
ml-scenario-1785-github-dependabot-1,github-dependabot-1,8.2,high,dependency_vulnerability,GitHub,maven,production,1,1,high,runtime,high,high,high,high,high,high,0.9,0,1,1,0,0,1,1,P1
ml-scenario-1788-github-dependabot-7,github-dependabot-7,0.0,low,dependency_vulnerability,GitHub,maven,production,1,1,high,runtime,high,high,high,high,high,high,0.9,0,0,1,0,0,0,1,P3
ml-scenario-1789-gitlab-trivy-vuln-5,gitlab-trivy-vuln-5,4.4,medium,dependency_vulnerability,GitLab,maven,production,1,1,high,runtime,high,high,high,high,high,high,0.9,0,0,1,1,0,0,1,P2
ml-scenario-1790-gitlab-trivy-misconfig-4,gitlab-trivy-misconfig-4,0.0,low,misconfiguration,GitLab,,production,0,1,high,build,medium,medium,high,medium,medium,medium,0.9,0,0,0,0,1,0,0,P4
ml-scenario-1793-github-dependabot-2,github-dependabot-2,7.5,high,dependency_vulnerability,GitHub,maven,production,1,1,high,runtime,high,high,high,high,high,high,0.9,0,1,1,0,0,1,1,P1
ml-scenario-1794-gitlab-trivy-vuln-2,gitlab-trivy-vuln-2,9.8,critical,dependency_vulnerability,GitLab,maven,production,1,1,high,runtime,high,high,high,high,high,high,0.9,0,1,1,1,1,1,1,P1
ml-scenario-1796-gitlab-trivy-vuln-2,gitlab-trivy-vuln-2,9.3,critical,dependency_vulnerability,GitLab,maven,production,1,1,high,runtime,high,high,high,high,high,high,0.9,0,1,1,1,1,1,1,P1
ml-scenario-1797-gitlab-trivy-vuln-2,gitlab-trivy-vuln-2,9.1,critical,dependency_vulnerability,GitLab,maven,production,1,1,high,runtime,high,high,high,high,high,high,0.9,0,1,1,1,1,1,1,P1
ml-scenario-1798-github-dependabot-1,github-dependabot-1,9.7,critical,dependency_vulnerability,GitHub,maven,production,1,1,high,runtime,high,high,high,high,high,high,0.9,0,1,1,0,0,1,1,P1
ml-scenario-1799-github-dependabot-4,github-dependabot-4,5.7,medium,dependency_vulnerability,GitHub,maven,production,1,1,high,runtime,high,high,high,high,high,high,0.9,0,1,1,0,0,1,1,P2
ml-scenario-1800-gitlab-trivy-vuln-5,gitlab-trivy-vuln-5,4.7,medium,dependency_vulnerability,GitLab,maven,production,1,1,high,runtime,high,high,high,high,high,high,0.9,0,0,1,1,0,0,1,P2
ml-scenario-1801-gitlab-trivy-vuln-1,gitlab-trivy-vuln-1,7.8,high,dependency_vulnerability,GitLab,maven,production,1,1,high,runtime,high,high,high,high,high,high,0.9,0,1,1,0,0,1,1,P1
ml-scenario-1803-gitlab-trivy-vuln-5,gitlab-trivy-vuln-5,5.1,medium,dependency_vulnerability,GitLab,maven,production,1,1,high,runtime,high,high,high,high,high,high,0.9,0,0,1,1,0,0,1,P2
ml-scenario-1804-gitlab-trivy-vuln-6,gitlab-trivy-vuln-6,5.3,medium,dependency_vulnerability,GitLab,maven,production,1,1,high,runtime,high,high,high,high,high,high,0.9,0,0,1,0,0,0,1,P2
ml-scenario-1805-github-dependabot-1,github-dependabot-1,6.8,medium,dependency_vulnerability,GitHub,maven,production,1,1,high,runtime,high,high,high,high,high,high,0.9,0,1,1,0,0,1,1,P2
ml-scenario-1806-gitlab-trivy-vuln-1,gitlab-trivy-vuln-1,7.5,high,dependency_vulnerability,GitLab,maven,production,1,1,high,runtime,high,high,high,high,high,high,0.9,0,1,1,0,0,1,1,P1
ml-scenario-1807-github-dependabot-3,github-dependabot-3,8.4,high,dependency_vulnerability,GitHub,maven,production,1,1,high,runtime,high,high,high,high,high,high,0.9,0,0,1,0,1,0,1,P1
ml-scenario-1809-gitlab-trivy-misconfig-1,gitlab-trivy-misconfig-1,0.8,low,misconfiguration,GitLab,,production,0,1,high,build,medium,medium,high,medium,medium,medium,0.9,0,1,0,0,0,0,0,P3
ml-scenario-1810-gitlab-trivy-vuln-4,gitlab-trivy-vuln-4,7.2,high,dependency_vulnerability,GitLab,maven,production,1,1,high,runtime,high,high,high,high,high,high,0.9,0,1,0,0,0,1,1,P1
ml-scenario-1811-gitlab-trivy-vuln-2,gitlab-trivy-vuln-2,7.9,high,dependency_vulnerability,GitLab,maven,production,1,1,high,runtime,high,high,high,high,high,high,0.9,0,1,1,1,1,1,1,P1
ml-scenario-1812-gitlab-trivy-vuln-6,gitlab-trivy-vuln-6,4.4,medium,dependency_vulnerability,GitLab,maven,production,1,1,high,runtime,high,high,high,high,high,high,0.9,0,0,1,0,0,0,1,P2
ml-scenario-1813-github-dependabot-6,github-dependabot-6,0.0,low,dependency_vulnerability,GitHub,maven,production,1,1,high,runtime,high,high,high,high,high,high,0.9,0,0,1,0,0,0,1,P3
ml-scenario-1814-gitlab-trivy-misconfig-1,gitlab-trivy-misconfig-1,0.0,low,misconfiguration,GitLab,,production,0,1,high,build,medium,medium,high,medium,medium,medium,0.9,0,1,0,0,0,0,0,P4
ml-scenario-1815-github-dependabot-6,github-dependabot-6,0.0,low,dependency_vulnerability,GitHub,maven,production,1,1,high,runtime,high,high,high,high,high,high,0.9,0,0,1,0,0,0,1,P3
ml-scenario-1818-gitlab-trivy-vuln-1,gitlab-trivy-vuln-1,10.0,critical,dependency_vulnerability,GitLab,maven,production,1,1,high,runtime,high,high,high,high,high,high,0.9,0,1,1,0,0,1,1,P1
ml-scenario-1821-gitlab-trivy-misconfig-1,gitlab-trivy-misconfig-1,0.0,low,misconfiguration,GitLab,,production,0,1,high,build,medium,medium,high,medium,medium,medium,0.9,0,1,0,0,0,0,0,P4
ml-scenario-1822-github-dependabot-6,github-dependabot-6,0.2,low,dependency_vulnerability,GitHub,maven,production,1,1,high,runtime,high,high,high,high,high,high,0.9,0,0,1,0,0,0,1,P3
ml-scenario-1823-github-dependabot-2,github-dependabot-2,10.0,critical,dependency_vulnerability,GitHub,maven,production,1,1,high,runtime,high,high,high,high,high,high,0.9,0,1,1,0,0,1,1,P1
ml-scenario-1824-github-dependabot-3,github-dependabot-3,7.8,high,dependency_vulnerability,GitHub,maven,production,1,1,high,runtime,high,high,high,high,high,high,0.9,0,0,1,0,1,0,1,P1
ml-scenario-1826-github-dependabot-5,github-dependabot-5,0.0,low,dependency_vulnerability,GitHub,maven,production,1,1,high,runtime,high,high,high,high,high,high,0.9,0,0,1,0,0,0,1,P3
ml-scenario-1827-gitlab-trivy-vuln-2,gitlab-trivy-vuln-2,7.5,high,dependency_vulnerability,GitLab,maven,production,1,1,high,runtime,high,high,high,high,high,high,0.9,0,1,1,1,1,1,1,P1
ml-scenario-1828-gitlab-trivy-vuln-6,gitlab-trivy-vuln-6,3.8,low,dependency_vulnerability,GitLab,maven,production,1,1,high,runtime,high,high,high,high,high,high,0.9,0,0,1,0,0,0,1,P3
ml-scenario-1830-github-dependabot-4,github-dependabot-4,7.5,high,dependency_vulnerability,GitHub,maven,production,1,1,high,runtime,high,high,high,high,high,high,0.9,0,1,1,0,0,1,1,P1
ml-scenario-1831-gitlab-trivy-vuln-6,gitlab-trivy-vuln-6,5.6,medium,dependency_vulnerability,GitLab,maven,production,1,1,high,runtime,high,high,high,high,high,high,0.9,0,0,1,0,0,0,1,P2
ml-scenario-1832-github-dependabot-1,github-dependabot-1,8.0,high,dependency_vulnerability,GitHub,maven,production,1,1,high,runtime,high,high,high,high,high,high,0.9,0,1,1,0,0,1,1,P1
ml-scenario-1833-github-dependabot-4,github-dependabot-4,5.8,medium,dependency_vulnerability,GitHub,maven,production,1,1,high,runtime,high,high,high,high,high,high,0.9,0,1,1,0,0,1,1,P2
ml-scenario-1834-github-dependabot-6,github-dependabot-6,0.0,low,dependency_vulnerability,GitHub,maven,production,1,1,high,runtime,high,high,high,high,high,high,0.9,0,0,1,0,0,0,1,P3
ml-scenario-1835-gitlab-trivy-misconfig-4,gitlab-trivy-misconfig-4,0.6,low,misconfiguration,GitLab,,production,0,1,high,build,medium,medium,high,medium,medium,medium,0.9,0,0,0,0,1,0,0,P3
ml-scenario-1836-gitlab-trivy-vuln-1,gitlab-trivy-vuln-1,7.5,high,dependency_vulnerability,GitLab,maven,production,1,1,high,runtime,high,high,high,high,high,high,0.9,0,1,1,0,0,1,1,P1
ml-scenario-1841-gitlab-trivy-vuln-6,gitlab-trivy-vuln-6,7.2,high,dependency_vulnerability,GitLab,maven,production,1,1,high,runtime,high,high,high,high,high,high,0.9,0,0,1,0,0,0,1,P1
ml-scenario-1842-gitlab-trivy-vuln-1,gitlab-trivy-vuln-1,9.3,critical,dependency_vulnerability,GitLab,maven,production,1,1,high,runtime,high,high,high,high,high,high,0.9,0,1,1,0,0,1,1,P1
ml-scenario-1843-gitlab-trivy-misconfig-4,gitlab-trivy-misconfig-4,0.0,low,misconfiguration,GitLab,,production,0,1,high,build,medium,medium,high,medium,medium,medium,0.9,0,0,0,0,1,0,0,P4
ml-scenario-1844-github-dependabot-6,github-dependabot-6,0.4,low,dependency_vulnerability,GitHub,maven,production,1,1,high,runtime,high,high,high,high,high,high,0.9,0,0,1,0,0,0,1,P3
ml-scenario-1845-gitlab-trivy-vuln-2,gitlab-trivy-vuln-2,8.2,high,dependency_vulnerability,GitLab,maven,production,1,1,high,runtime,high,high,high,high,high,high,0.9,0,1,1,1,1,1,1,P1
ml-scenario-1846-gitlab-trivy-misconfig-1,gitlab-trivy-misconfig-1,0.0,low,misconfiguration,GitLab,,production,0,1,high,build,medium,medium,high,medium,medium,medium,0.9,0,1,0,0,0,0,0,P4
ml-scenario-1848-github-dependabot-1,github-dependabot-1,9.9,critical,dependency_vulnerability,GitHub,maven,production,1,1,high,runtime,high,high,high,high,high,high,0.9,0,1,1,0,0,1,1,P1
ml-scenario-1849-github-dependabot-2,github-dependabot-2,7.9,high,dependency_vulnerability,GitHub,maven,production,1,1,high,runtime,high,high,high,high,high,high,0.9,0,1,1,0,0,1,1,P1
ml-scenario-1850-github-dependabot-5,github-dependabot-5,0.0,low,dependency_vulnerability,GitHub,maven,production,1,1,high,runtime,high,high,high,high,high,high,0.9,0,0,1,0,0,0,1,P3
ml-scenario-1851-gitlab-trivy-misconfig-4,gitlab-trivy-misconfig-4,0.0,low,misconfiguration,GitLab,,production,0,1,high,build,medium,medium,high,medium,medium,medium,0.9,0,0,0,0,1,0,0,P4
ml-scenario-1852-gitlab-trivy-vuln-2,gitlab-trivy-vuln-2,9.4,critical,dependency_vulnerability,GitLab,maven,production,1,1,high,runtime,high,high,high,high,high,high,0.9,0,1,1,1,1,1,1,P1
ml-scenario-1853-gitlab-trivy-vuln-5,gitlab-trivy-vuln-5,6.9,medium,dependency_vulnerability,GitLab,maven,production,1,1,high,runtime,high,high,high,high,high,high,0.9,0,0,1,1,0,0,1,P2
ml-scenario-1854-gitlab-trivy-misconfig-4,gitlab-trivy-misconfig-4,0.0,low,misconfiguration,GitLab,,production,0,1,high,build,medium,medium,high,medium,medium,medium,0.9,0,0,0,0,1,0,0,P4
ml-scenario-1855-gitlab-trivy-misconfig-1,gitlab-trivy-misconfig-1,0.8,low,misconfiguration,GitLab,,production,0,1,high,build,medium,medium,high,medium,medium,medium,0.9,0,1,0,0,0,0,0,P3
ml-scenario-1856-github-dependabot-7,github-dependabot-7,0.4,low,dependency_vulnerability,GitHub,maven,production,1,1,high,runtime,high,high,high,high,high,high,0.9,0,0,1,0,0,0,1,P3
ml-scenario-1857-github-dependabot-4,github-dependabot-4,7.1,high,dependency_vulnerability,GitHub,maven,production,1,1,high,runtime,high,high,high,high,high,high,0.9,0,1,1,0,0,1,1,P1
ml-scenario-1858-gitlab-trivy-vuln-6,gitlab-trivy-vuln-6,5.8,medium,dependency_vulnerability,GitLab,maven,production,1,1,high,runtime,high,high,high,high,high,high,0.9,0,0,1,0,0,0,1,P2
ml-scenario-1860-github-dependabot-7,github-dependabot-7,0.0,low,dependency_vulnerability,GitHub,maven,production,1,1,high,runtime,high,high,high,high,high,high,0.9,0,0,1,0,0,0,1,P3
ml-scenario-1861-github-dependabot-1,github-dependabot-1,6.8,medium,dependency_vulnerability,GitHub,maven,production,1,1,high,runtime,high,high,high,high,high,high,0.9,0,1,1,0,0,1,1,P2
ml-scenario-1862-github-dependabot-4,github-dependabot-4,4.1,medium,dependency_vulnerability,GitHub,maven,production,1,1,high,runtime,high,high,high,high,high,high,0.9,0,1,1,0,0,1,1,P2
ml-scenario-1863-github-dependabot-7,github-dependabot-7,0.4,low,dependency_vulnerability,GitHub,maven,production,1,1,high,runtime,high,high,high,high,high,high,0.9,0,0,1,0,0,0,1,P3
ml-scenario-1864-gitlab-trivy-vuln-5,gitlab-trivy-vuln-5,5.7,medium,dependency_vulnerability,GitLab,maven,production,1,1,high,runtime,high,high,high,high,high,high,0.9,0,0,1,1,0,0,1,P2
ml-scenario-1865-github-dependabot-7,github-dependabot-7,0.0,low,dependency_vulnerability,GitHub,maven,production,1,1,high,runtime,high,high,high,high,high,high,0.9,0,0,1,0,0,0,1,P3
ml-scenario-1866-gitlab-trivy-vuln-1,gitlab-trivy-vuln-1,10.0,critical,dependency_vulnerability,GitLab,maven,production,1,1,high,runtime,high,high,high,high,high,high,0.9,0,1,1,0,0,1,1,P1
ml-scenario-1868-github-dependabot-5,github-dependabot-5,0.0,low,dependency_vulnerability,GitHub,maven,production,1,1,high,runtime,high,high,high,high,high,high,0.9,0,0,1,0,0,0,1,P3
ml-scenario-1870-github-dependabot-6,github-dependabot-6,0.0,low,dependency_vulnerability,GitHub,maven,production,1,1,high,runtime,high,high,high,high,high,high,0.9,0,0,1,0,0,0,1,P3
ml-scenario-1872-github-dependabot-1,github-dependabot-1,9.2,critical,dependency_vulnerability,GitHub,maven,production,1,1,high,runtime,high,high,high,high,high,high,0.9,0,1,1,0,0,1,1,P1
ml-scenario-1873-gitlab-trivy-vuln-1,gitlab-trivy-vuln-1,10.0,critical,dependency_vulnerability,GitLab,maven,production,1,1,high,runtime,high,high,high,high,high,high,0.9,0,1,1,0,0,1,1,P1
ml-scenario-1874-github-dependabot-1,github-dependabot-1,9.2,critical,dependency_vulnerability,GitHub,maven,production,1,1,high,runtime,high,high,high,high,high,high,0.9,0,1,1,0,0,1,1,P1
ml-scenario-1875-gitlab-trivy-misconfig-1,gitlab-trivy-misconfig-1,0.0,low,misconfiguration,GitLab,,production,0,1,high,build,medium,medium,high,medium,medium,medium,0.9,0,1,0,0,0,0,0,P4
ml-scenario-1878-gitlab-trivy-vuln-1,gitlab-trivy-vuln-1,9.4,critical,dependency_vulnerability,GitLab,maven,production,1,1,high,runtime,high,high,high,high,high,high,0.9,0,1,1,0,0,1,1,P1
ml-scenario-1879-github-dependabot-5,github-dependabot-5,0.4,low,dependency_vulnerability,GitHub,maven,production,1,1,high,runtime,high,high,high,high,high,high,0.9,0,0,1,0,0,0,1,P3
ml-scenario-1883-github-dependabot-3,github-dependabot-3,6.5,medium,dependency_vulnerability,GitHub,maven,production,1,1,high,runtime,high,high,high,high,high,high,0.9,0,0,1,0,1,0,1,P2
ml-scenario-1884-gitlab-trivy-vuln-6,gitlab-trivy-vuln-6,5.6,medium,dependency_vulnerability,GitLab,maven,production,1,1,high,runtime,high,high,high,high,high,high,0.9,0,0,1,0,0,0,1,P2
ml-scenario-1885-github-dependabot-6,github-dependabot-6,0.0,low,dependency_vulnerability,GitHub,maven,production,1,1,high,runtime,high,high,high,high,high,high,0.9,0,0,1,0,0,0,1,P3
ml-scenario-1886-github-dependabot-4,github-dependabot-4,5.1,medium,dependency_vulnerability,GitHub,maven,production,1,1,high,runtime,high,high,high,high,high,high,0.9,0,1,1,0,0,1,1,P2
ml-scenario-1887-gitlab-trivy-vuln-6,gitlab-trivy-vuln-6,7.2,high,dependency_vulnerability,GitLab,maven,production,1,1,high,runtime,high,high,high,high,high,high,0.9,0,0,1,0,0,0,1,P1
ml-scenario-1888-gitlab-trivy-misconfig-1,gitlab-trivy-misconfig-1,0.3,low,misconfiguration,GitLab,,production,0,1,high,build,medium,medium,high,medium,medium,medium,0.9,0,1,0,0,0,0,0,P3
ml-scenario-1889-github-dependabot-3,github-dependabot-3,7.5,high,dependency_vulnerability,GitHub,maven,production,1,1,high,runtime,high,high,high,high,high,high,0.9,0,0,1,0,1,0,1,P1
ml-scenario-1891-gitlab-trivy-misconfig-4,gitlab-trivy-misconfig-4,0.5,low,misconfiguration,GitLab,,production,0,1,high,build,medium,medium,high,medium,medium,medium,0.9,0,0,0,0,1,0,0,P3
ml-scenario-1892-gitlab-trivy-misconfig-4,gitlab-trivy-misconfig-4,0.0,low,misconfiguration,GitLab,,production,0,1,high,build,medium,medium,high,medium,medium,medium,0.9,0,0,0,0,1,0,0,P4
ml-scenario-1894-gitlab-trivy-vuln-5,gitlab-trivy-vuln-5,6.2,medium,dependency_vulnerability,GitLab,maven,production,1,1,high,runtime,high,high,high,high,high,high,0.9,0,0,1,1,0,0,1,P2
ml-scenario-1895-github-dependabot-3,github-dependabot-3,9.5,critical,dependency_vulnerability,GitHub,maven,production,1,1,high,runtime,high,high,high,high,high,high,0.9,0,0,1,0,1,0,1,P1
ml-scenario-1897-gitlab-trivy-vuln-6,gitlab-trivy-vuln-6,6.3,medium,dependency_vulnerability,GitLab,maven,production,1,1,high,runtime,high,high,high,high,high,high,0.9,0,0,1,0,0,0,1,P2
ml-scenario-1898-github-dependabot-7,github-dependabot-7,0.0,low,dependency_vulnerability,GitHub,maven,production,1,1,high,runtime,high,high,high,high,high,high,0.9,0,0,1,0,0,0,1,P3
ml-scenario-1899-github-dependabot-5,github-dependabot-5,0.0,low,dependency_vulnerability,GitHub,maven,production,1,1,high,runtime,high,high,high,high,high,high,0.9,0,0,1,0,0,0,1,P3
ml-scenario-1900-gitlab-trivy-misconfig-4,gitlab-trivy-misconfig-4,0.0,low,misconfiguration,GitLab,,production,0,1,high,build,medium,medium,high,medium,medium,medium,0.9,0,0,0,0,1,0,0,P4
ml-scenario-1901-github-dependabot-5,github-dependabot-5,0.3,low,dependency_vulnerability,GitHub,maven,production,1,1,high,runtime,high,high,high,high,high,high,0.9,0,0,1,0,0,0,1,P3
ml-scenario-1903-github-dependabot-6,github-dependabot-6,0.0,low,dependency_vulnerability,GitHub,maven,production,1,1,high,runtime,high,high,high,high,high,high,0.9,0,0,1,0,0,0,1,P3
ml-scenario-1904-gitlab-trivy-vuln-1,gitlab-trivy-vuln-1,8.2,high,dependency_vulnerability,GitLab,maven,production,1,1,high,runtime,high,high,high,high,high,high,0.9,0,1,1,0,0,1,1,P1
ml-scenario-1906-gitlab-trivy-vuln-4,gitlab-trivy-vuln-4,4.6,medium,dependency_vulnerability,GitLab,maven,production,1,1,high,runtime,high,high,high,high,high,high,0.9,0,1,0,0,0,1,1,P2
ml-scenario-1907-gitlab-trivy-vuln-1,gitlab-trivy-vuln-1,9.9,critical,dependency_vulnerability,GitLab,maven,production,1,1,high,runtime,high,high,high,high,high,high,0.9,0,1,1,0,0,1,1,P1
ml-scenario-1908-gitlab-trivy-vuln-5,gitlab-trivy-vuln-5,4.5,medium,dependency_vulnerability,GitLab,maven,production,1,1,high,runtime,high,high,high,high,high,high,0.9,0,0,1,1,0,0,1,P2
ml-scenario-1909-gitlab-trivy-misconfig-4,gitlab-trivy-misconfig-4,0.0,low,misconfiguration,GitLab,,production,0,1,high,build,medium,medium,high,medium,medium,medium,0.9,0,0,0,0,1,0,0,P4
ml-scenario-1910-gitlab-trivy-misconfig-1,gitlab-trivy-misconfig-1,0.0,low,misconfiguration,GitLab,,production,0,1,high,build,medium,medium,high,medium,medium,medium,0.9,0,1,0,0,0,0,0,P4
ml-scenario-1911-gitlab-trivy-misconfig-4,gitlab-trivy-misconfig-4,0.5,low,misconfiguration,GitLab,,production,0,1,high,build,medium,medium,high,medium,medium,medium,0.9,0,0,0,0,1,0,0,P3
ml-scenario-1912-gitlab-trivy-misconfig-4,gitlab-trivy-misconfig-4,0.0,low,misconfiguration,GitLab,,production,0,1,high,build,medium,medium,high,medium,medium,medium,0.9,0,0,0,0,1,0,0,P4
ml-scenario-1914-gitlab-trivy-vuln-5,gitlab-trivy-vuln-5,6.2,medium,dependency_vulnerability,GitLab,maven,production,1,1,high,runtime,high,high,high,high,high,high,0.9,0,0,1,1,0,0,1,P2
ml-scenario-1915-gitlab-trivy-vuln-1,gitlab-trivy-vuln-1,10.0,critical,dependency_vulnerability,GitLab,maven,production,1,1,high,runtime,high,high,high,high,high,high,0.9,0,1,1,0,0,1,1,P1
ml-scenario-1916-github-dependabot-6,github-dependabot-6,0.0,low,dependency_vulnerability,GitHub,maven,production,1,1,high,runtime,high,high,high,high,high,high,0.9,0,0,1,0,0,0,1,P3
ml-scenario-1917-gitlab-trivy-vuln-6,gitlab-trivy-vuln-6,7.2,high,dependency_vulnerability,GitLab,maven,production,1,1,high,runtime,high,high,high,high,high,high,0.9,0,0,1,0,0,0,1,P1
ml-scenario-1918-gitlab-trivy-vuln-1,gitlab-trivy-vuln-1,7.5,high,dependency_vulnerability,GitLab,maven,production,1,1,high,runtime,high,high,high,high,high,high,0.9,0,1,1,0,0,1,1,P1
ml-scenario-1919-gitlab-trivy-vuln-4,gitlab-trivy-vuln-4,4.8,medium,dependency_vulnerability,GitLab,maven,production,1,1,high,runtime,high,high,high,high,high,high,0.9,0,1,0,0,0,1,1,P2
ml-scenario-1920-gitlab-trivy-misconfig-1,gitlab-trivy-misconfig-1,0.4,low,misconfiguration,GitLab,,production,0,1,high,build,medium,medium,high,medium,medium,medium,0.9,0,1,0,0,0,0,0,P3
ml-scenario-1921-github-dependabot-7,github-dependabot-7,0.1,low,dependency_vulnerability,GitHub,maven,production,1,1,high,runtime,high,high,high,high,high,high,0.9,0,0,1,0,0,0,1,P3
ml-scenario-1922-gitlab-trivy-misconfig-4,gitlab-trivy-misconfig-4,0.1,low,misconfiguration,GitLab,,production,0,1,high,build,medium,medium,high,medium,medium,medium,0.9,0,0,0,0,1,0,0,P3
ml-scenario-1926-gitlab-trivy-vuln-2,gitlab-trivy-vuln-2,7.3,high,dependency_vulnerability,GitLab,maven,production,1,1,high,runtime,high,high,high,high,high,high,0.9,0,1,1,1,1,1,1,P1
ml-scenario-1928-github-dependabot-1,github-dependabot-1,7.8,high,dependency_vulnerability,GitHub,maven,production,1,1,high,runtime,high,high,high,high,high,high,0.9,0,1,1,0,0,1,1,P1
ml-scenario-1929-github-dependabot-5,github-dependabot-5,0.0,low,dependency_vulnerability,GitHub,maven,production,1,1,high,runtime,high,high,high,high,high,high,0.9,0,0,1,0,0,0,1,P3
ml-scenario-1930-gitlab-trivy-vuln-4,gitlab-trivy-vuln-4,4.6,medium,dependency_vulnerability,GitLab,maven,production,1,1,high,runtime,high,high,high,high,high,high,0.9,0,1,0,0,0,1,1,P2
ml-scenario-1931-gitlab-trivy-vuln-4,gitlab-trivy-vuln-4,4.1,medium,dependency_vulnerability,GitLab,maven,production,1,1,high,runtime,high,high,high,high,high,high,0.9,0,1,0,0,0,1,1,P2
ml-scenario-1932-gitlab-trivy-misconfig-1,gitlab-trivy-misconfig-1,0.0,low,misconfiguration,GitLab,,production,0,1,high,build,medium,medium,high,medium,medium,medium,0.9,0,1,0,0,0,0,0,P4
ml-scenario-1933-github-dependabot-3,github-dependabot-3,6.2,medium,dependency_vulnerability,GitHub,maven,production,1,1,high,runtime,high,high,high,high,high,high,0.9,0,0,1,0,1,0,1,P2
ml-scenario-1934-gitlab-trivy-vuln-6,gitlab-trivy-vuln-6,5.9,medium,dependency_vulnerability,GitLab,maven,production,1,1,high,runtime,high,high,high,high,high,high,0.9,0,0,1,0,0,0,1,P2
ml-scenario-1935-gitlab-trivy-vuln-5,gitlab-trivy-vuln-5,5.5,medium,dependency_vulnerability,GitLab,maven,production,1,1,high,runtime,high,high,high,high,high,high,0.9,0,0,1,1,0,0,1,P2
ml-scenario-1936-gitlab-trivy-misconfig-4,gitlab-trivy-misconfig-4,0.0,low,misconfiguration,GitLab,,production,0,1,high,build,medium,medium,high,medium,medium,medium,0.9,0,0,0,0,1,0,0,P4
ml-scenario-1937-gitlab-trivy-vuln-6,gitlab-trivy-vuln-6,5.6,medium,dependency_vulnerability,GitLab,maven,production,1,1,high,runtime,high,high,high,high,high,high,0.9,0,0,1,0,0,0,1,P2
ml-scenario-1940-gitlab-trivy-misconfig-4,gitlab-trivy-misconfig-4,0.0,low,misconfiguration,GitLab,,production,0,1,high,build,medium,medium,high,medium,medium,medium,0.9,0,0,0,0,1,0,0,P4
ml-scenario-1941-gitlab-trivy-vuln-2,gitlab-trivy-vuln-2,7.8,high,dependency_vulnerability,GitLab,maven,production,1,1,high,runtime,high,high,high,high,high,high,0.9,0,1,1,1,1,1,1,P1
ml-scenario-1943-gitlab-trivy-vuln-6,gitlab-trivy-vuln-6,5.1,medium,dependency_vulnerability,GitLab,maven,production,1,1,high,runtime,high,high,high,high,high,high,0.9,0,0,1,0,0,0,1,P2
ml-scenario-1946-gitlab-trivy-misconfig-4,gitlab-trivy-misconfig-4,0.4,low,misconfiguration,GitLab,,production,0,1,high,build,medium,medium,high,medium,medium,medium,0.9,0,0,0,0,1,0,0,P3
ml-scenario-1947-github-dependabot-2,github-dependabot-2,7.9,high,dependency_vulnerability,GitHub,maven,production,1,1,high,runtime,high,high,high,high,high,high,0.9,0,1,1,0,0,1,1,P1
ml-scenario-1948-github-dependabot-7,github-dependabot-7,0.0,low,dependency_vulnerability,GitHub,maven,production,1,1,high,runtime,high,high,high,high,high,high,0.9,0,0,1,0,0,0,1,P3
ml-scenario-1949-github-dependabot-4,github-dependabot-4,7.5,high,dependency_vulnerability,GitHub,maven,production,1,1,high,runtime,high,high,high,high,high,high,0.9,0,1,1,0,0,1,1,P1
ml-scenario-1950-gitlab-trivy-vuln-6,gitlab-trivy-vuln-6,5.1,medium,dependency_vulnerability,GitLab,maven,production,1,1,high,runtime,high,high,high,high,high,high,0.9,0,0,1,0,0,0,1,P2
ml-scenario-1951-github-dependabot-1,github-dependabot-1,7.9,high,dependency_vulnerability,GitHub,maven,production,1,1,high,runtime,high,high,high,high,high,high,0.9,0,1,1,0,0,1,1,P1
ml-scenario-1952-gitlab-trivy-misconfig-4,gitlab-trivy-misconfig-4,0.0,low,misconfiguration,GitLab,,production,0,1,high,build,medium,medium,high,medium,medium,medium,0.9,0,0,0,0,1,0,0,P4
ml-scenario-1953-github-dependabot-2,github-dependabot-2,10.0,critical,dependency_vulnerability,GitHub,maven,production,1,1,high,runtime,high,high,high,high,high,high,0.9,0,1,1,0,0,1,1,P1
ml-scenario-1954-github-dependabot-7,github-dependabot-7,0.0,low,dependency_vulnerability,GitHub,maven,production,1,1,high,runtime,high,high,high,high,high,high,0.9,0,0,1,0,0,0,1,P3
ml-scenario-1956-gitlab-trivy-vuln-1,gitlab-trivy-vuln-1,8.5,high,dependency_vulnerability,GitLab,maven,production,1,1,high,runtime,high,high,high,high,high,high,0.9,0,1,1,0,0,1,1,P1
ml-scenario-1958-gitlab-trivy-vuln-2,gitlab-trivy-vuln-2,9.9,critical,dependency_vulnerability,GitLab,maven,production,1,1,high,runtime,high,high,high,high,high,high,0.9,0,1,1,1,1,1,1,P1
ml-scenario-1960-gitlab-trivy-misconfig-4,gitlab-trivy-misconfig-4,0.0,low,misconfiguration,GitLab,,production,0,1,high,build,medium,medium,high,medium,medium,medium,0.9,0,0,0,0,1,0,0,P4
ml-scenario-1961-gitlab-trivy-vuln-2,gitlab-trivy-vuln-2,7.3,high,dependency_vulnerability,GitLab,maven,production,1,1,high,runtime,high,high,high,high,high,high,0.9,0,1,1,1,1,1,1,P1
ml-scenario-1963-github-dependabot-5,github-dependabot-5,0.4,low,dependency_vulnerability,GitHub,maven,production,1,1,high,runtime,high,high,high,high,high,high,0.9,0,0,1,0,0,0,1,P3
ml-scenario-1965-github-dependabot-5,github-dependabot-5,0.0,low,dependency_vulnerability,GitHub,maven,production,1,1,high,runtime,high,high,high,high,high,high,0.9,0,0,1,0,0,0,1,P3
ml-scenario-1966-gitlab-trivy-vuln-2,gitlab-trivy-vuln-2,9.2,critical,dependency_vulnerability,GitLab,maven,production,1,1,high,runtime,high,high,high,high,high,high,0.9,0,1,1,1,1,1,1,P1
ml-scenario-1967-github-dependabot-3,github-dependabot-3,6.2,medium,dependency_vulnerability,GitHub,maven,production,1,1,high,runtime,high,high,high,high,high,high,0.9,0,0,1,0,1,0,1,P2
ml-scenario-1968-gitlab-trivy-vuln-6,gitlab-trivy-vuln-6,3.9,low,dependency_vulnerability,GitLab,maven,production,1,1,high,runtime,high,high,high,high,high,high,0.9,0,0,1,0,0,0,1,P3
ml-scenario-1969-gitlab-trivy-vuln-2,gitlab-trivy-vuln-2,6.8,medium,dependency_vulnerability,GitLab,maven,production,1,1,high,runtime,high,high,high,high,high,high,0.9,0,1,1,1,1,1,1,P2
ml-scenario-1970-gitlab-trivy-vuln-4,gitlab-trivy-vuln-4,6.1,medium,dependency_vulnerability,GitLab,maven,production,1,1,high,runtime,high,high,high,high,high,high,0.9,0,1,0,0,0,1,1,P2
ml-scenario-1971-github-dependabot-4,github-dependabot-4,7.3,high,dependency_vulnerability,GitHub,maven,production,1,1,high,runtime,high,high,high,high,high,high,0.9,0,1,1,0,0,1,1,P1
ml-scenario-1972-github-dependabot-5,github-dependabot-5,0.0,low,dependency_vulnerability,GitHub,maven,production,1,1,high,runtime,high,high,high,high,high,high,0.9,0,0,1,0,0,0,1,P3
ml-scenario-1973-github-dependabot-6,github-dependabot-6,0.0,low,dependency_vulnerability,GitHub,maven,production,1,1,high,runtime,high,high,high,high,high,high,0.9,0,0,1,0,0,0,1,P3
ml-scenario-1974-github-dependabot-2,github-dependabot-2,8.9,high,dependency_vulnerability,GitHub,maven,production,1,1,high,runtime,high,high,high,high,high,high,0.9,0,1,1,0,0,1,1,P1
ml-scenario-1975-github-dependabot-1,github-dependabot-1,8.4,high,dependency_vulnerability,GitHub,maven,production,1,1,high,runtime,high,high,high,high,high,high,0.9,0,1,1,0,0,1,1,P1
ml-scenario-1976-gitlab-trivy-vuln-2,gitlab-trivy-vuln-2,9.2,critical,dependency_vulnerability,GitLab,maven,production,1,1,high,runtime,high,high,high,high,high,high,0.9,0,1,1,1,1,1,1,P1
ml-scenario-1977-gitlab-trivy-vuln-1,gitlab-trivy-vuln-1,10.0,critical,dependency_vulnerability,GitLab,maven,production,1,1,high,runtime,high,high,high,high,high,high,0.9,0,1,1,0,0,1,1,P1
ml-scenario-1978-gitlab-trivy-vuln-2,gitlab-trivy-vuln-2,7.9,high,dependency_vulnerability,GitLab,maven,production,1,1,high,runtime,high,high,high,high,high,high,0.9,0,1,1,1,1,1,1,P1
ml-scenario-1980-gitlab-trivy-vuln-5,gitlab-trivy-vuln-5,5.9,medium,dependency_vulnerability,GitLab,maven,production,1,1,high,runtime,high,high,high,high,high,high,0.9,0,0,1,1,0,0,1,P2
ml-scenario-1981-gitlab-trivy-vuln-5,gitlab-trivy-vuln-5,6.5,medium,dependency_vulnerability,GitLab,maven,production,1,1,high,runtime,high,high,high,high,high,high,0.9,0,0,1,1,0,0,1,P2
ml-scenario-1982-gitlab-trivy-misconfig-1,gitlab-trivy-misconfig-1,0.0,low,misconfiguration,GitLab,,production,0,1,high,build,medium,medium,high,medium,medium,medium,0.9,0,1,0,0,0,0,0,P4
ml-scenario-1983-github-dependabot-2,github-dependabot-2,9.2,critical,dependency_vulnerability,GitHub,maven,production,1,1,high,runtime,high,high,high,high,high,high,0.9,0,1,1,0,0,1,1,P1
ml-scenario-1984-gitlab-trivy-misconfig-4,gitlab-trivy-misconfig-4,0.0,low,misconfiguration,GitLab,,production,0,1,high,build,medium,medium,high,medium,medium,medium,0.9,0,0,0,0,1,0,0,P4
ml-scenario-1985-github-dependabot-6,github-dependabot-6,0.3,low,dependency_vulnerability,GitHub,maven,production,1,1,high,runtime,high,high,high,high,high,high,0.9,0,0,1,0,0,0,1,P3
ml-scenario-1986-gitlab-trivy-misconfig-4,gitlab-trivy-misconfig-4,0.0,low,misconfiguration,GitLab,,production,0,1,high,build,medium,medium,high,medium,medium,medium,0.9,0,0,0,0,1,0,0,P4
ml-scenario-1987-github-dependabot-3,github-dependabot-3,7.1,high,dependency_vulnerability,GitHub,maven,production,1,1,high,runtime,high,high,high,high,high,high,0.9,0,0,1,0,1,0,1,P1
ml-scenario-1988-github-dependabot-7,github-dependabot-7,0.9,low,dependency_vulnerability,GitHub,maven,production,1,1,high,runtime,high,high,high,high,high,high,0.9,0,0,1,0,0,0,1,P3
ml-scenario-1989-github-dependabot-2,github-dependabot-2,9.4,critical,dependency_vulnerability,GitHub,maven,production,1,1,high,runtime,high,high,high,high,high,high,0.9,0,1,1,0,0,1,1,P1
ml-scenario-1990-gitlab-trivy-misconfig-4,gitlab-trivy-misconfig-4,0.0,low,misconfiguration,GitLab,,production,0,1,high,build,medium,medium,high,medium,medium,medium,0.9,0,0,0,0,1,0,0,P4
ml-scenario-1991-gitlab-trivy-vuln-1,gitlab-trivy-vuln-1,7.5,high,dependency_vulnerability,GitLab,maven,production,1,1,high,runtime,high,high,high,high,high,high,0.9,0,1,1,0,0,1,1,P1
ml-scenario-1992-github-dependabot-6,github-dependabot-6,0.0,low,dependency_vulnerability,GitHub,maven,production,1,1,high,runtime,high,high,high,high,high,high,0.9,0,0,1,0,0,0,1,P3
ml-scenario-1993-gitlab-trivy-vuln-2,gitlab-trivy-vuln-2,7.7,high,dependency_vulnerability,GitLab,maven,production,1,1,high,runtime,high,high,high,high,high,high,0.9,0,1,1,1,1,1,1,P1
ml-scenario-1994-github-dependabot-7,github-dependabot-7,0.0,low,dependency_vulnerability,GitHub,maven,production,1,1,high,runtime,high,high,high,high,high,high,0.9,0,0,1,0,0,0,1,P3
ml-scenario-1997-gitlab-trivy-vuln-4,gitlab-trivy-vuln-4,4.8,medium,dependency_vulnerability,GitLab,maven,production,1,1,high,runtime,high,high,high,high,high,high,0.9,0,1,0,0,0,1,1,P2
ml-scenario-1999-gitlab-trivy-vuln-1,gitlab-trivy-vuln-1,10.0,critical,dependency_vulnerability,GitLab,maven,production,1,1,high,runtime,high,high,high,high,high,high,0.9,0,1,1,0,0,1,1,P1
ml-scenario-2000-gitlab-trivy-misconfig-4,gitlab-trivy-misconfig-4,0.0,low,misconfiguration,GitLab,,production,0,1,high,build,medium,medium,high,medium,medium,medium,0.9,0,0,0,0,1,0,0,P4
ml-scenario-2001-gitlab-trivy-misconfig-4,gitlab-trivy-misconfig-4,0.0,low,misconfiguration,GitLab,,production,0,1,high,build,medium,medium,high,medium,medium,medium,0.9,0,0,0,0,1,0,0,P4
ml-scenario-2002-gitlab-trivy-vuln-2,gitlab-trivy-vuln-2,7.5,high,dependency_vulnerability,GitLab,maven,production,1,1,high,runtime,high,high,high,high,high,high,0.9,0,1,1,1,1,1,1,P1
ml-scenario-2005-github-dependabot-7,github-dependabot-7,0.0,low,dependency_vulnerability,GitHub,maven,production,1,1,high,runtime,high,high,high,high,high,high,0.9,0,0,1,0,0,0,1,P3
ml-scenario-2006-github-dependabot-4,github-dependabot-4,4.5,medium,dependency_vulnerability,GitHub,maven,production,1,1,high,runtime,high,high,high,high,high,high,0.9,0,1,1,0,0,1,1,P2
ml-scenario-2007-gitlab-trivy-vuln-2,gitlab-trivy-vuln-2,9.8,critical,dependency_vulnerability,GitLab,maven,production,1,1,high,runtime,high,high,high,high,high,high,0.9,0,1,1,1,1,1,1,P1
ml-scenario-2008-gitlab-trivy-vuln-6,gitlab-trivy-vuln-6,5.5,medium,dependency_vulnerability,GitLab,maven,production,1,1,high,runtime,high,high,high,high,high,high,0.9,0,0,1,0,0,0,1,P2
ml-scenario-2009-gitlab-trivy-vuln-6,gitlab-trivy-vuln-6,6.0,medium,dependency_vulnerability,GitLab,maven,production,1,1,high,runtime,high,high,high,high,high,high,0.9,0,0,1,0,0,0,1,P2
ml-scenario-2010-gitlab-trivy-vuln-5,gitlab-trivy-vuln-5,6.2,medium,dependency_vulnerability,GitLab,maven,production,1,1,high,runtime,high,high,high,high,high,high,0.9,0,0,1,1,0,0,1,P2
ml-scenario-2011-github-dependabot-3,github-dependabot-3,8.1,high,dependency_vulnerability,GitHub,maven,production,1,1,high,runtime,high,high,high,high,high,high,0.9,0,0,1,0,1,0,1,P1
ml-scenario-2012-github-dependabot-7,github-dependabot-7,0.3,low,dependency_vulnerability,GitHub,maven,production,1,1,high,runtime,high,high,high,high,high,high,0.9,0,0,1,0,0,0,1,P3
ml-scenario-2013-github-dependabot-5,github-dependabot-5,0.0,low,dependency_vulnerability,GitHub,maven,production,1,1,high,runtime,high,high,high,high,high,high,0.9,0,0,1,0,0,0,1,P3
ml-scenario-2014-gitlab-trivy-vuln-6,gitlab-trivy-vuln-6,4.7,medium,dependency_vulnerability,GitLab,maven,production,1,1,high,runtime,high,high,high,high,high,high,0.9,0,0,1,0,0,0,1,P2
ml-scenario-2015-github-dependabot-4,github-dependabot-4,6.6,medium,dependency_vulnerability,GitHub,maven,production,1,1,high,runtime,high,high,high,high,high,high,0.9,0,1,1,0,0,1,1,P2
ml-scenario-2016-github-dependabot-5,github-dependabot-5,0.0,low,dependency_vulnerability,GitHub,maven,production,1,1,high,runtime,high,high,high,high,high,high,0.9,0,0,1,0,0,0,1,P3
ml-scenario-2017-github-dependabot-7,github-dependabot-7,0.0,low,dependency_vulnerability,GitHub,maven,production,1,1,high,runtime,high,high,high,high,high,high,0.9,0,0,1,0,0,0,1,P3
ml-scenario-2018-gitlab-trivy-vuln-6,gitlab-trivy-vuln-6,6.9,medium,dependency_vulnerability,GitLab,maven,production,1,1,high,runtime,high,high,high,high,high,high,0.9,0,0,1,0,0,0,1,P2
ml-scenario-2019-gitlab-trivy-misconfig-1,gitlab-trivy-misconfig-1,0.0,low,misconfiguration,GitLab,,production,0,1,high,build,medium,medium,high,medium,medium,medium,0.9,0,1,0,0,0,0,0,P4
ml-scenario-2020-gitlab-trivy-vuln-5,gitlab-trivy-vuln-5,5.5,medium,dependency_vulnerability,GitLab,maven,production,1,1,high,runtime,high,high,high,high,high,high,0.9,0,0,1,1,0,0,1,P2
ml-scenario-2021-github-dependabot-1,github-dependabot-1,7.1,high,dependency_vulnerability,GitHub,maven,production,1,1,high,runtime,high,high,high,high,high,high,0.9,0,1,1,0,0,1,1,P1
ml-scenario-2022-gitlab-trivy-vuln-2,gitlab-trivy-vuln-2,9.5,critical,dependency_vulnerability,GitLab,maven,production,1,1,high,runtime,high,high,high,high,high,high,0.9,0,1,1,1,1,1,1,P1
ml-scenario-2023-github-dependabot-3,github-dependabot-3,9.2,critical,dependency_vulnerability,GitHub,maven,production,1,1,high,runtime,high,high,high,high,high,high,0.9,0,0,1,0,1,0,1,P1
ml-scenario-2025-gitlab-trivy-vuln-2,gitlab-trivy-vuln-2,9.1,critical,dependency_vulnerability,GitLab,maven,production,1,1,high,runtime,high,high,high,high,high,high,0.9,0,1,1,1,1,1,1,P1
ml-scenario-2026-github-dependabot-2,github-dependabot-2,10.0,critical,dependency_vulnerability,GitHub,maven,production,1,1,high,runtime,high,high,high,high,high,high,0.9,0,1,1,0,0,1,1,P1
ml-scenario-2027-github-dependabot-2,github-dependabot-2,10.0,critical,dependency_vulnerability,GitHub,maven,production,1,1,high,runtime,high,high,high,high,high,high,0.9,0,1,1,0,0,1,1,P1
ml-scenario-2028-github-dependabot-6,github-dependabot-6,0.2,low,dependency_vulnerability,GitHub,maven,production,1,1,high,runtime,high,high,high,high,high,high,0.9,0,0,1,0,0,0,1,P3
ml-scenario-2030-gitlab-trivy-misconfig-4,gitlab-trivy-misconfig-4,0.0,low,misconfiguration,GitLab,,production,0,1,high,build,medium,medium,high,medium,medium,medium,0.9,0,0,0,0,1,0,0,P4
ml-scenario-2031-gitlab-trivy-misconfig-4,gitlab-trivy-misconfig-4,0.0,low,misconfiguration,GitLab,,production,0,1,high,build,medium,medium,high,medium,medium,medium,0.9,0,0,0,0,1,0,0,P4
ml-scenario-2032-github-dependabot-3,github-dependabot-3,7.4,high,dependency_vulnerability,GitHub,maven,production,1,1,high,runtime,high,high,high,high,high,high,0.9,0,0,1,0,1,0,1,P1
ml-scenario-2033-github-dependabot-4,github-dependabot-4,7.2,high,dependency_vulnerability,GitHub,maven,production,1,1,high,runtime,high,high,high,high,high,high,0.9,0,1,1,0,0,1,1,P1
ml-scenario-2034-gitlab-trivy-vuln-5,gitlab-trivy-vuln-5,4.3,medium,dependency_vulnerability,GitLab,maven,production,1,1,high,runtime,high,high,high,high,high,high,0.9,0,0,1,1,0,0,1,P2
ml-scenario-2036-github-dependabot-6,github-dependabot-6,0.0,low,dependency_vulnerability,GitHub,maven,production,1,1,high,runtime,high,high,high,high,high,high,0.9,0,0,1,0,0,0,1,P3
ml-scenario-2037-github-dependabot-2,github-dependabot-2,9.8,critical,dependency_vulnerability,GitHub,maven,production,1,1,high,runtime,high,high,high,high,high,high,0.9,0,1,1,0,0,1,1,P1
ml-scenario-2039-github-dependabot-3,github-dependabot-3,7.7,high,dependency_vulnerability,GitHub,maven,production,1,1,high,runtime,high,high,high,high,high,high,0.9,0,0,1,0,1,0,1,P1
ml-scenario-2041-github-dependabot-3,github-dependabot-3,8.7,high,dependency_vulnerability,GitHub,maven,production,1,1,high,runtime,high,high,high,high,high,high,0.9,0,0,1,0,1,0,1,P1
ml-scenario-2043-gitlab-trivy-vuln-1,gitlab-trivy-vuln-1,8.3,high,dependency_vulnerability,GitLab,maven,production,1,1,high,runtime,high,high,high,high,high,high,0.9,0,1,1,0,0,1,1,P1
ml-scenario-2045-gitlab-trivy-vuln-4,gitlab-trivy-vuln-4,5.4,medium,dependency_vulnerability,GitLab,maven,production,1,1,high,runtime,high,high,high,high,high,high,0.9,0,1,0,0,0,1,1,P2
ml-scenario-2046-gitlab-trivy-vuln-1,gitlab-trivy-vuln-1,9.8,critical,dependency_vulnerability,GitLab,maven,production,1,1,high,runtime,high,high,high,high,high,high,0.9,0,1,1,0,0,1,1,P1
ml-scenario-2048-github-dependabot-7,github-dependabot-7,0.0,low,dependency_vulnerability,GitHub,maven,production,1,1,high,runtime,high,high,high,high,high,high,0.9,0,0,1,0,0,0,1,P3
ml-scenario-2049-gitlab-trivy-misconfig-1,gitlab-trivy-misconfig-1,0.6,low,misconfiguration,GitLab,,production,0,1,high,build,medium,medium,high,medium,medium,medium,0.9,0,1,0,0,0,0,0,P3
ml-scenario-2050-gitlab-trivy-vuln-1,gitlab-trivy-vuln-1,10.0,critical,dependency_vulnerability,GitLab,maven,production,1,1,high,runtime,high,high,high,high,high,high,0.9,0,1,1,0,0,1,1,P1
ml-scenario-2051-gitlab-trivy-vuln-6,gitlab-trivy-vuln-6,4.2,medium,dependency_vulnerability,GitLab,maven,production,1,1,high,runtime,high,high,high,high,high,high,0.9,0,0,1,0,0,0,1,P2
ml-scenario-2053-gitlab-trivy-vuln-4,gitlab-trivy-vuln-4,7.0,high,dependency_vulnerability,GitLab,maven,production,1,1,high,runtime,high,high,high,high,high,high,0.9,0,1,0,0,0,1,1,P1
ml-scenario-2054-gitlab-trivy-vuln-4,gitlab-trivy-vuln-4,6.1,medium,dependency_vulnerability,GitLab,maven,production,1,1,high,runtime,high,high,high,high,high,high,0.9,0,1,0,0,0,1,1,P2
ml-scenario-2056-github-dependabot-6,github-dependabot-6,0.0,low,dependency_vulnerability,GitHub,maven,production,1,1,high,runtime,high,high,high,high,high,high,0.9,0,0,1,0,0,0,1,P3
ml-scenario-2057-gitlab-trivy-vuln-2,gitlab-trivy-vuln-2,8.4,high,dependency_vulnerability,GitLab,maven,production,1,1,high,runtime,high,high,high,high,high,high,0.9,0,1,1,1,1,1,1,P1
ml-scenario-2058-github-dependabot-6,github-dependabot-6,0.9,low,dependency_vulnerability,GitHub,maven,production,1,1,high,runtime,high,high,high,high,high,high,0.9,0,0,1,0,0,0,1,P3
ml-scenario-2059-github-dependabot-4,github-dependabot-4,5.9,medium,dependency_vulnerability,GitHub,maven,production,1,1,high,runtime,high,high,high,high,high,high,0.9,0,1,1,0,0,1,1,P2
ml-scenario-2060-github-dependabot-7,github-dependabot-7,0.4,low,dependency_vulnerability,GitHub,maven,production,1,1,high,runtime,high,high,high,high,high,high,0.9,0,0,1,0,0,0,1,P3
ml-scenario-2061-github-dependabot-7,github-dependabot-7,0.0,low,dependency_vulnerability,GitHub,maven,production,1,1,high,runtime,high,high,high,high,high,high,0.9,0,0,1,0,0,0,1,P3
ml-scenario-2063-github-dependabot-2,github-dependabot-2,9.3,critical,dependency_vulnerability,GitHub,maven,production,1,1,high,runtime,high,high,high,high,high,high,0.9,0,1,1,0,0,1,1,P1
ml-scenario-2064-github-dependabot-3,github-dependabot-3,7.6,high,dependency_vulnerability,GitHub,maven,production,1,1,high,runtime,high,high,high,high,high,high,0.9,0,0,1,0,1,0,1,P1
ml-scenario-2065-github-dependabot-4,github-dependabot-4,4.4,medium,dependency_vulnerability,GitHub,maven,production,1,1,high,runtime,high,high,high,high,high,high,0.9,0,1,1,0,0,1,1,P2
ml-scenario-2066-gitlab-trivy-vuln-4,gitlab-trivy-vuln-4,4.8,medium,dependency_vulnerability,GitLab,maven,production,1,1,high,runtime,high,high,high,high,high,high,0.9,0,1,0,0,0,1,1,P2
ml-scenario-2068-github-dependabot-1,github-dependabot-1,8.8,high,dependency_vulnerability,GitHub,maven,production,1,1,high,runtime,high,high,high,high,high,high,0.9,0,1,1,0,0,1,1,P1
ml-scenario-2069-github-dependabot-5,github-dependabot-5,0.3,low,dependency_vulnerability,GitHub,maven,production,1,1,high,runtime,high,high,high,high,high,high,0.9,0,0,1,0,0,0,1,P3
ml-scenario-2070-github-dependabot-1,github-dependabot-1,8.2,high,dependency_vulnerability,GitHub,maven,production,1,1,high,runtime,high,high,high,high,high,high,0.9,0,1,1,0,0,1,1,P1
ml-scenario-2073-github-dependabot-5,github-dependabot-5,0.0,low,dependency_vulnerability,GitHub,maven,production,1,1,high,runtime,high,high,high,high,high,high,0.9,0,0,1,0,0,0,1,P3
ml-scenario-2074-gitlab-trivy-vuln-1,gitlab-trivy-vuln-1,7.9,high,dependency_vulnerability,GitLab,maven,production,1,1,high,runtime,high,high,high,high,high,high,0.9,0,1,1,0,0,1,1,P1
ml-scenario-2077-github-dependabot-3,github-dependabot-3,6.3,medium,dependency_vulnerability,GitHub,maven,production,1,1,high,runtime,high,high,high,high,high,high,0.9,0,0,1,0,1,0,1,P2
ml-scenario-2078-gitlab-trivy-vuln-4,gitlab-trivy-vuln-4,7.3,high,dependency_vulnerability,GitLab,maven,production,1,1,high,runtime,high,high,high,high,high,high,0.9,0,1,0,0,0,1,1,P1
ml-scenario-2080-github-dependabot-2,github-dependabot-2,10.0,critical,dependency_vulnerability,GitHub,maven,production,1,1,high,runtime,high,high,high,high,high,high,0.9,0,1,1,0,0,1,1,P1
ml-scenario-2081-gitlab-trivy-vuln-5,gitlab-trivy-vuln-5,7.1,high,dependency_vulnerability,GitLab,maven,production,1,1,high,runtime,high,high,high,high,high,high,0.9,0,0,1,1,0,0,1,P1
ml-scenario-2085-github-dependabot-5,github-dependabot-5,0.0,low,dependency_vulnerability,GitHub,maven,production,1,1,high,runtime,high,high,high,high,high,high,0.9,0,0,1,0,0,0,1,P3
ml-scenario-2088-gitlab-trivy-vuln-6,gitlab-trivy-vuln-6,7.0,high,dependency_vulnerability,GitLab,maven,production,1,1,high,runtime,high,high,high,high,high,high,0.9,0,0,1,0,0,0,1,P1
ml-scenario-2089-gitlab-trivy-vuln-2,gitlab-trivy-vuln-2,7.4,high,dependency_vulnerability,GitLab,maven,production,1,1,high,runtime,high,high,high,high,high,high,0.9,0,1,1,1,1,1,1,P1
ml-scenario-2090-github-dependabot-6,github-dependabot-6,0.0,low,dependency_vulnerability,GitHub,maven,production,1,1,high,runtime,high,high,high,high,high,high,0.9,0,0,1,0,0,0,1,P3
ml-scenario-2091-github-dependabot-2,github-dependabot-2,8.2,high,dependency_vulnerability,GitHub,maven,production,1,1,high,runtime,high,high,high,high,high,high,0.9,0,1,1,0,0,1,1,P1
ml-scenario-2093-github-dependabot-3,github-dependabot-3,8.2,high,dependency_vulnerability,GitHub,maven,production,1,1,high,runtime,high,high,high,high,high,high,0.9,0,0,1,0,1,0,1,P1
ml-scenario-2095-gitlab-trivy-vuln-1,gitlab-trivy-vuln-1,10.0,critical,dependency_vulnerability,GitLab,maven,production,1,1,high,runtime,high,high,high,high,high,high,0.9,0,1,1,0,0,1,1,P1
ml-scenario-2096-gitlab-trivy-misconfig-4,gitlab-trivy-misconfig-4,0.0,low,misconfiguration,GitLab,,production,0,1,high,build,medium,medium,high,medium,medium,medium,0.9,0,0,0,0,1,0,0,P4
ml-scenario-2097-github-dependabot-1,github-dependabot-1,6.8,medium,dependency_vulnerability,GitHub,maven,production,1,1,high,runtime,high,high,high,high,high,high,0.9,0,1,1,0,0,1,1,P2
ml-scenario-2098-github-dependabot-3,github-dependabot-3,9.3,critical,dependency_vulnerability,GitHub,maven,production,1,1,high,runtime,high,high,high,high,high,high,0.9,0,0,1,0,1,0,1,P1
ml-scenario-2099-gitlab-trivy-misconfig-4,gitlab-trivy-misconfig-4,0.4,low,misconfiguration,GitLab,,production,0,1,high,build,medium,medium,high,medium,medium,medium,0.9,0,0,0,0,1,0,0,P3
ml-scenario-2100-github-dependabot-5,github-dependabot-5,0.0,low,dependency_vulnerability,GitHub,maven,production,1,1,high,runtime,high,high,high,high,high,high,0.9,0,0,1,0,0,0,1,P3
ml-scenario-2101-github-dependabot-7,github-dependabot-7,0.6,low,dependency_vulnerability,GitHub,maven,production,1,1,high,runtime,high,high,high,high,high,high,0.9,0,0,1,0,0,0,1,P3
ml-scenario-2104-github-dependabot-6,github-dependabot-6,0.0,low,dependency_vulnerability,GitHub,maven,production,1,1,high,runtime,high,high,high,high,high,high,0.9,0,0,1,0,0,0,1,P3
ml-scenario-2105-github-dependabot-1,github-dependabot-1,8.0,high,dependency_vulnerability,GitHub,maven,production,1,1,high,runtime,high,high,high,high,high,high,0.9,0,1,1,0,0,1,1,P1
ml-scenario-2106-gitlab-trivy-vuln-4,gitlab-trivy-vuln-4,5.8,medium,dependency_vulnerability,GitLab,maven,production,1,1,high,runtime,high,high,high,high,high,high,0.9,0,1,0,0,0,1,1,P2
ml-scenario-2107-github-dependabot-4,github-dependabot-4,7.3,high,dependency_vulnerability,GitHub,maven,production,1,1,high,runtime,high,high,high,high,high,high,0.9,0,1,1,0,0,1,1,P1
ml-scenario-2108-gitlab-trivy-vuln-2,gitlab-trivy-vuln-2,7.6,high,dependency_vulnerability,GitLab,maven,production,1,1,high,runtime,high,high,high,high,high,high,0.9,0,1,1,1,1,1,1,P1
ml-scenario-2109-gitlab-trivy-misconfig-4,gitlab-trivy-misconfig-4,0.0,low,misconfiguration,GitLab,,production,0,1,high,build,medium,medium,high,medium,medium,medium,0.9,0,0,0,0,1,0,0,P4
ml-scenario-2111-github-dependabot-2,github-dependabot-2,9.5,critical,dependency_vulnerability,GitHub,maven,production,1,1,high,runtime,high,high,high,high,high,high,0.9,0,1,1,0,0,1,1,P1
ml-scenario-2112-github-dependabot-1,github-dependabot-1,8.3,high,dependency_vulnerability,GitHub,maven,production,1,1,high,runtime,high,high,high,high,high,high,0.9,0,1,1,0,0,1,1,P1
ml-scenario-2113-github-dependabot-6,github-dependabot-6,0.0,low,dependency_vulnerability,GitHub,maven,production,1,1,high,runtime,high,high,high,high,high,high,0.9,0,0,1,0,0,0,1,P3
ml-scenario-2114-gitlab-trivy-vuln-6,gitlab-trivy-vuln-6,5.2,medium,dependency_vulnerability,GitLab,maven,production,1,1,high,runtime,high,high,high,high,high,high,0.9,0,0,1,0,0,0,1,P2
ml-scenario-2115-github-dependabot-1,github-dependabot-1,7.0,high,dependency_vulnerability,GitHub,maven,production,1,1,high,runtime,high,high,high,high,high,high,0.9,0,1,1,0,0,1,1,P1
ml-scenario-2116-gitlab-trivy-vuln-4,gitlab-trivy-vuln-4,5.0,medium,dependency_vulnerability,GitLab,maven,production,1,1,high,runtime,high,high,high,high,high,high,0.9,0,1,0,0,0,1,1,P2
ml-scenario-2117-gitlab-trivy-misconfig-4,gitlab-trivy-misconfig-4,0.0,low,misconfiguration,GitLab,,production,0,1,high,build,medium,medium,high,medium,medium,medium,0.9,0,0,0,0,1,0,0,P4
ml-scenario-2118-github-dependabot-7,github-dependabot-7,0.0,low,dependency_vulnerability,GitHub,maven,production,1,1,high,runtime,high,high,high,high,high,high,0.9,0,0,1,0,0,0,1,P3
ml-scenario-2119-github-dependabot-6,github-dependabot-6,0.1,low,dependency_vulnerability,GitHub,maven,production,1,1,high,runtime,high,high,high,high,high,high,0.9,0,0,1,0,0,0,1,P3
ml-scenario-2120-github-dependabot-5,github-dependabot-5,0.0,low,dependency_vulnerability,GitHub,maven,production,1,1,high,runtime,high,high,high,high,high,high,0.9,0,0,1,0,0,0,1,P3
ml-scenario-2121-gitlab-trivy-misconfig-4,gitlab-trivy-misconfig-4,0.0,low,misconfiguration,GitLab,,production,0,1,high,build,medium,medium,high,medium,medium,medium,0.9,0,0,0,0,1,0,0,P4
ml-scenario-2122-github-dependabot-7,github-dependabot-7,0.0,low,dependency_vulnerability,GitHub,maven,production,1,1,high,runtime,high,high,high,high,high,high,0.9,0,0,1,0,0,0,1,P3
ml-scenario-2124-gitlab-trivy-vuln-5,gitlab-trivy-vuln-5,5.8,medium,dependency_vulnerability,GitLab,maven,production,1,1,high,runtime,high,high,high,high,high,high,0.9,0,0,1,1,0,0,1,P2
ml-scenario-2125-github-dependabot-6,github-dependabot-6,0.1,low,dependency_vulnerability,GitHub,maven,production,1,1,high,runtime,high,high,high,high,high,high,0.9,0,0,1,0,0,0,1,P3
ml-scenario-2126-github-dependabot-1,github-dependabot-1,9.1,critical,dependency_vulnerability,GitHub,maven,production,1,1,high,runtime,high,high,high,high,high,high,0.9,0,1,1,0,0,1,1,P1
ml-scenario-2127-gitlab-trivy-misconfig-1,gitlab-trivy-misconfig-1,0.2,low,misconfiguration,GitLab,,production,0,1,high,build,medium,medium,high,medium,medium,medium,0.9,0,1,0,0,0,0,0,P3
ml-scenario-2130-gitlab-trivy-vuln-6,gitlab-trivy-vuln-6,6.6,medium,dependency_vulnerability,GitLab,maven,production,1,1,high,runtime,high,high,high,high,high,high,0.9,0,0,1,0,0,0,1,P2
ml-scenario-2131-gitlab-trivy-vuln-1,gitlab-trivy-vuln-1,8.1,high,dependency_vulnerability,GitLab,maven,production,1,1,high,runtime,high,high,high,high,high,high,0.9,0,1,1,0,0,1,1,P1
ml-scenario-2132-github-dependabot-2,github-dependabot-2,10.0,critical,dependency_vulnerability,GitHub,maven,production,1,1,high,runtime,high,high,high,high,high,high,0.9,0,1,1,0,0,1,1,P1
ml-scenario-2133-github-dependabot-3,github-dependabot-3,7.8,high,dependency_vulnerability,GitHub,maven,production,1,1,high,runtime,high,high,high,high,high,high,0.9,0,0,1,0,1,0,1,P1
ml-scenario-2134-github-dependabot-5,github-dependabot-5,0.0,low,dependency_vulnerability,GitHub,maven,production,1,1,high,runtime,high,high,high,high,high,high,0.9,0,0,1,0,0,0,1,P3
ml-scenario-2135-gitlab-trivy-vuln-4,gitlab-trivy-vuln-4,4.9,medium,dependency_vulnerability,GitLab,maven,production,1,1,high,runtime,high,high,high,high,high,high,0.9,0,1,0,0,0,1,1,P2
ml-scenario-2136-gitlab-trivy-vuln-2,gitlab-trivy-vuln-2,8.7,high,dependency_vulnerability,GitLab,maven,production,1,1,high,runtime,high,high,high,high,high,high,0.9,0,1,1,1,1,1,1,P1
ml-scenario-2137-github-dependabot-6,github-dependabot-6,0.8,low,dependency_vulnerability,GitHub,maven,production,1,1,high,runtime,high,high,high,high,high,high,0.9,0,0,1,0,0,0,1,P3
ml-scenario-2138-github-dependabot-6,github-dependabot-6,0.0,low,dependency_vulnerability,GitHub,maven,production,1,1,high,runtime,high,high,high,high,high,high,0.9,0,0,1,0,0,0,1,P3
ml-scenario-2140-gitlab-trivy-vuln-1,gitlab-trivy-vuln-1,10.0,critical,dependency_vulnerability,GitLab,maven,production,1,1,high,runtime,high,high,high,high,high,high,0.9,0,1,1,0,0,1,1,P1
ml-scenario-2142-gitlab-trivy-misconfig-1,gitlab-trivy-misconfig-1,0.0,low,misconfiguration,GitLab,,production,0,1,high,build,medium,medium,high,medium,medium,medium,0.9,0,1,0,0,0,0,0,P4
ml-scenario-2144-gitlab-trivy-vuln-1,gitlab-trivy-vuln-1,10.0,critical,dependency_vulnerability,GitLab,maven,production,1,1,high,runtime,high,high,high,high,high,high,0.9,0,1,1,0,0,1,1,P1
ml-scenario-2146-github-dependabot-4,github-dependabot-4,6.3,medium,dependency_vulnerability,GitHub,maven,production,1,1,high,runtime,high,high,high,high,high,high,0.9,0,1,1,0,0,1,1,P2
ml-scenario-2147-gitlab-trivy-vuln-1,gitlab-trivy-vuln-1,8.8,high,dependency_vulnerability,GitLab,maven,production,1,1,high,runtime,high,high,high,high,high,high,0.9,0,1,1,0,0,1,1,P1
ml-scenario-2148-github-dependabot-2,github-dependabot-2,10.0,critical,dependency_vulnerability,GitHub,maven,production,1,1,high,runtime,high,high,high,high,high,high,0.9,0,1,1,0,0,1,1,P1
ml-scenario-2149-gitlab-trivy-vuln-2,gitlab-trivy-vuln-2,10.0,critical,dependency_vulnerability,GitLab,maven,production,1,1,high,runtime,high,high,high,high,high,high,0.9,0,1,1,1,1,1,1,P1
ml-scenario-2150-github-dependabot-6,github-dependabot-6,0.0,low,dependency_vulnerability,GitHub,maven,production,1,1,high,runtime,high,high,high,high,high,high,0.9,0,0,1,0,0,0,1,P3
ml-scenario-2151-github-dependabot-6,github-dependabot-6,0.0,low,dependency_vulnerability,GitHub,maven,production,1,1,high,runtime,high,high,high,high,high,high,0.9,0,0,1,0,0,0,1,P3
ml-scenario-2153-gitlab-trivy-vuln-2,gitlab-trivy-vuln-2,9.8,critical,dependency_vulnerability,GitLab,maven,production,1,1,high,runtime,high,high,high,high,high,high,0.9,0,1,1,1,1,1,1,P1
ml-scenario-2154-gitlab-trivy-misconfig-4,gitlab-trivy-misconfig-4,0.0,low,misconfiguration,GitLab,,production,0,1,high,build,medium,medium,high,medium,medium,medium,0.9,0,0,0,0,1,0,0,P4
ml-scenario-2155-gitlab-trivy-misconfig-4,gitlab-trivy-misconfig-4,0.7,low,misconfiguration,GitLab,,production,0,1,high,build,medium,medium,high,medium,medium,medium,0.9,0,0,0,0,1,0,0,P3
ml-scenario-2156-github-dependabot-7,github-dependabot-7,0.0,low,dependency_vulnerability,GitHub,maven,production,1,1,high,runtime,high,high,high,high,high,high,0.9,0,0,1,0,0,0,1,P3
ml-scenario-2157-gitlab-trivy-vuln-4,gitlab-trivy-vuln-4,4.9,medium,dependency_vulnerability,GitLab,maven,production,1,1,high,runtime,high,high,high,high,high,high,0.9,0,1,0,0,0,1,1,P2
ml-scenario-2159-github-dependabot-6,github-dependabot-6,0.0,low,dependency_vulnerability,GitHub,maven,production,1,1,high,runtime,high,high,high,high,high,high,0.9,0,0,1,0,0,0,1,P3
ml-scenario-2160-gitlab-trivy-vuln-4,gitlab-trivy-vuln-4,4.7,medium,dependency_vulnerability,GitLab,maven,production,1,1,high,runtime,high,high,high,high,high,high,0.9,0,1,0,0,0,1,1,P2
ml-scenario-2162-gitlab-trivy-vuln-2,gitlab-trivy-vuln-2,8.4,high,dependency_vulnerability,GitLab,maven,production,1,1,high,runtime,high,high,high,high,high,high,0.9,0,1,1,1,1,1,1,P1
ml-scenario-2163-gitlab-trivy-vuln-6,gitlab-trivy-vuln-6,7.1,high,dependency_vulnerability,GitLab,maven,production,1,1,high,runtime,high,high,high,high,high,high,0.9,0,0,1,0,0,0,1,P1
ml-scenario-2165-gitlab-trivy-misconfig-4,gitlab-trivy-misconfig-4,0.3,low,misconfiguration,GitLab,,production,0,1,high,build,medium,medium,high,medium,medium,medium,0.9,0,0,0,0,1,0,0,P3
ml-scenario-2166-gitlab-trivy-vuln-4,gitlab-trivy-vuln-4,6.5,medium,dependency_vulnerability,GitLab,maven,production,1,1,high,runtime,high,high,high,high,high,high,0.9,0,1,0,0,0,1,1,P2
ml-scenario-2167-github-dependabot-6,github-dependabot-6,0.0,low,dependency_vulnerability,GitHub,maven,production,1,1,high,runtime,high,high,high,high,high,high,0.9,0,0,1,0,0,0,1,P3
ml-scenario-2168-github-dependabot-4,github-dependabot-4,6.8,medium,dependency_vulnerability,GitHub,maven,production,1,1,high,runtime,high,high,high,high,high,high,0.9,0,1,1,0,0,1,1,P2
ml-scenario-2169-gitlab-trivy-misconfig-1,gitlab-trivy-misconfig-1,0.0,low,misconfiguration,GitLab,,production,0,1,high,build,medium,medium,high,medium,medium,medium,0.9,0,1,0,0,0,0,0,P4
ml-scenario-2170-github-dependabot-2,github-dependabot-2,9.2,critical,dependency_vulnerability,GitHub,maven,production,1,1,high,runtime,high,high,high,high,high,high,0.9,0,1,1,0,0,1,1,P1
ml-scenario-2171-gitlab-trivy-vuln-4,gitlab-trivy-vuln-4,4.3,medium,dependency_vulnerability,GitLab,maven,production,1,1,high,runtime,high,high,high,high,high,high,0.9,0,1,0,0,0,1,1,P2
ml-scenario-2172-github-dependabot-4,github-dependabot-4,6.5,medium,dependency_vulnerability,GitHub,maven,production,1,1,high,runtime,high,high,high,high,high,high,0.9,0,1,1,0,0,1,1,P2
ml-scenario-2173-github-dependabot-4,github-dependabot-4,6.9,medium,dependency_vulnerability,GitHub,maven,production,1,1,high,runtime,high,high,high,high,high,high,0.9,0,1,1,0,0,1,1,P2
ml-scenario-2174-github-dependabot-5,github-dependabot-5,0.8,low,dependency_vulnerability,GitHub,maven,production,1,1,high,runtime,high,high,high,high,high,high,0.9,0,0,1,0,0,0,1,P3
ml-scenario-2176-gitlab-trivy-vuln-4,gitlab-trivy-vuln-4,5.0,medium,dependency_vulnerability,GitLab,maven,production,1,1,high,runtime,high,high,high,high,high,high,0.9,0,1,0,0,0,1,1,P2
ml-scenario-2177-gitlab-trivy-vuln-2,gitlab-trivy-vuln-2,8.0,high,dependency_vulnerability,GitLab,maven,production,1,1,high,runtime,high,high,high,high,high,high,0.9,0,1,1,1,1,1,1,P1
ml-scenario-2178-gitlab-trivy-vuln-6,gitlab-trivy-vuln-6,4.1,medium,dependency_vulnerability,GitLab,maven,production,1,1,high,runtime,high,high,high,high,high,high,0.9,0,0,1,0,0,0,1,P2
ml-scenario-2180-github-dependabot-7,github-dependabot-7,0.0,low,dependency_vulnerability,GitHub,maven,production,1,1,high,runtime,high,high,high,high,high,high,0.9,0,0,1,0,0,0,1,P3
ml-scenario-2181-gitlab-trivy-vuln-4,gitlab-trivy-vuln-4,4.7,medium,dependency_vulnerability,GitLab,maven,production,1,1,high,runtime,high,high,high,high,high,high,0.9,0,1,0,0,0,1,1,P2
ml-scenario-2184-github-dependabot-4,github-dependabot-4,7.2,high,dependency_vulnerability,GitHub,maven,production,1,1,high,runtime,high,high,high,high,high,high,0.9,0,1,1,0,0,1,1,P1
ml-scenario-2186-github-dependabot-4,github-dependabot-4,7.0,high,dependency_vulnerability,GitHub,maven,production,1,1,high,runtime,high,high,high,high,high,high,0.9,0,1,1,0,0,1,1,P1
ml-scenario-2187-github-dependabot-7,github-dependabot-7,0.0,low,dependency_vulnerability,GitHub,maven,production,1,1,high,runtime,high,high,high,high,high,high,0.9,0,0,1,0,0,0,1,P3
ml-scenario-2188-github-dependabot-1,github-dependabot-1,6.9,medium,dependency_vulnerability,GitHub,maven,production,1,1,high,runtime,high,high,high,high,high,high,0.9,0,1,1,0,0,1,1,P2
ml-scenario-2189-gitlab-trivy-vuln-2,gitlab-trivy-vuln-2,9.0,critical,dependency_vulnerability,GitLab,maven,production,1,1,high,runtime,high,high,high,high,high,high,0.9,0,1,1,1,1,1,1,P1
ml-scenario-2191-gitlab-trivy-misconfig-4,gitlab-trivy-misconfig-4,0.9,low,misconfiguration,GitLab,,production,0,1,high,build,medium,medium,high,medium,medium,medium,0.9,0,0,0,0,1,0,0,P3
ml-scenario-2193-gitlab-trivy-vuln-6,gitlab-trivy-vuln-6,5.5,medium,dependency_vulnerability,GitLab,maven,production,1,1,high,runtime,high,high,high,high,high,high,0.9,0,0,1,0,0,0,1,P2
ml-scenario-2194-gitlab-trivy-vuln-4,gitlab-trivy-vuln-4,5.8,medium,dependency_vulnerability,GitLab,maven,production,1,1,high,runtime,high,high,high,high,high,high,0.9,0,1,0,0,0,1,1,P2
ml-scenario-2196-github-dependabot-4,github-dependabot-4,6.7,medium,dependency_vulnerability,GitHub,maven,production,1,1,high,runtime,high,high,high,high,high,high,0.9,0,1,1,0,0,1,1,P2
ml-scenario-2197-github-dependabot-3,github-dependabot-3,6.3,medium,dependency_vulnerability,GitHub,maven,production,1,1,high,runtime,high,high,high,high,high,high,0.9,0,0,1,0,1,0,1,P2
ml-scenario-2198-github-dependabot-5,github-dependabot-5,0.0,low,dependency_vulnerability,GitHub,maven,production,1,1,high,runtime,high,high,high,high,high,high,0.9,0,0,1,0,0,0,1,P3
ml-scenario-2199-gitlab-trivy-misconfig-4,gitlab-trivy-misconfig-4,0.0,low,misconfiguration,GitLab,,production,0,1,high,build,medium,medium,high,medium,medium,medium,0.9,0,0,0,0,1,0,0,P4
ml-scenario-2200-github-dependabot-7,github-dependabot-7,0.0,low,dependency_vulnerability,GitHub,maven,production,1,1,high,runtime,high,high,high,high,high,high,0.9,0,0,1,0,0,0,1,P3
ml-scenario-2202-github-dependabot-1,github-dependabot-1,8.9,high,dependency_vulnerability,GitHub,maven,production,1,1,high,runtime,high,high,high,high,high,high,0.9,0,1,1,0,0,1,1,P1
ml-scenario-2203-gitlab-trivy-misconfig-1,gitlab-trivy-misconfig-1,0.0,low,misconfiguration,GitLab,,production,0,1,high,build,medium,medium,high,medium,medium,medium,0.9,0,1,0,0,0,0,0,P4
ml-scenario-2204-github-dependabot-2,github-dependabot-2,7.5,high,dependency_vulnerability,GitHub,maven,production,1,1,high,runtime,high,high,high,high,high,high,0.9,0,1,1,0,0,1,1,P1
ml-scenario-2206-github-dependabot-1,github-dependabot-1,7.6,high,dependency_vulnerability,GitHub,maven,production,1,1,high,runtime,high,high,high,high,high,high,0.9,0,1,1,0,0,1,1,P1
ml-scenario-2207-gitlab-trivy-vuln-4,gitlab-trivy-vuln-4,4.8,medium,dependency_vulnerability,GitLab,maven,production,1,1,high,runtime,high,high,high,high,high,high,0.9,0,1,0,0,0,1,1,P2
ml-scenario-2208-gitlab-trivy-vuln-4,gitlab-trivy-vuln-4,4.9,medium,dependency_vulnerability,GitLab,maven,production,1,1,high,runtime,high,high,high,high,high,high,0.9,0,1,0,0,0,1,1,P2
ml-scenario-2210-gitlab-trivy-vuln-6,gitlab-trivy-vuln-6,5.1,medium,dependency_vulnerability,GitLab,maven,production,1,1,high,runtime,high,high,high,high,high,high,0.9,0,0,1,0,0,0,1,P2
ml-scenario-2212-github-dependabot-5,github-dependabot-5,0.0,low,dependency_vulnerability,GitHub,maven,production,1,1,high,runtime,high,high,high,high,high,high,0.9,0,0,1,0,0,0,1,P3
ml-scenario-2213-github-dependabot-7,github-dependabot-7,0.0,low,dependency_vulnerability,GitHub,maven,production,1,1,high,runtime,high,high,high,high,high,high,0.9,0,0,1,0,0,0,1,P3
ml-scenario-2214-github-dependabot-6,github-dependabot-6,0.0,low,dependency_vulnerability,GitHub,maven,production,1,1,high,runtime,high,high,high,high,high,high,0.9,0,0,1,0,0,0,1,P3
ml-scenario-2216-github-dependabot-4,github-dependabot-4,6.9,medium,dependency_vulnerability,GitHub,maven,production,1,1,high,runtime,high,high,high,high,high,high,0.9,0,1,1,0,0,1,1,P2
ml-scenario-2217-gitlab-trivy-vuln-4,gitlab-trivy-vuln-4,6.9,medium,dependency_vulnerability,GitLab,maven,production,1,1,high,runtime,high,high,high,high,high,high,0.9,0,1,0,0,0,1,1,P2
ml-scenario-2218-gitlab-trivy-misconfig-4,gitlab-trivy-misconfig-4,0.0,low,misconfiguration,GitLab,,production,0,1,high,build,medium,medium,high,medium,medium,medium,0.9,0,0,0,0,1,0,0,P4
ml-scenario-2219-github-dependabot-6,github-dependabot-6,0.0,low,dependency_vulnerability,GitHub,maven,production,1,1,high,runtime,high,high,high,high,high,high,0.9,0,0,1,0,0,0,1,P3
ml-scenario-2220-github-dependabot-3,github-dependabot-3,7.8,high,dependency_vulnerability,GitHub,maven,production,1,1,high,runtime,high,high,high,high,high,high,0.9,0,0,1,0,1,0,1,P1
ml-scenario-2221-github-dependabot-2,github-dependabot-2,8.1,high,dependency_vulnerability,GitHub,maven,production,1,1,high,runtime,high,high,high,high,high,high,0.9,0,1,1,0,0,1,1,P1
ml-scenario-2224-gitlab-trivy-vuln-6,gitlab-trivy-vuln-6,6.5,medium,dependency_vulnerability,GitLab,maven,production,1,1,high,runtime,high,high,high,high,high,high,0.9,0,0,1,0,0,0,1,P2
ml-scenario-2225-gitlab-trivy-vuln-5,gitlab-trivy-vuln-5,4.7,medium,dependency_vulnerability,GitLab,maven,production,1,1,high,runtime,high,high,high,high,high,high,0.9,0,0,1,1,0,0,1,P2
ml-scenario-2226-gitlab-trivy-vuln-1,gitlab-trivy-vuln-1,8.9,high,dependency_vulnerability,GitLab,maven,production,1,1,high,runtime,high,high,high,high,high,high,0.9,0,1,1,0,0,1,1,P1
ml-scenario-2228-gitlab-trivy-vuln-4,gitlab-trivy-vuln-4,5.8,medium,dependency_vulnerability,GitLab,maven,production,1,1,high,runtime,high,high,high,high,high,high,0.9,0,1,0,0,0,1,1,P2
ml-scenario-2229-github-dependabot-1,github-dependabot-1,8.1,high,dependency_vulnerability,GitHub,maven,production,1,1,high,runtime,high,high,high,high,high,high,0.9,0,1,1,0,0,1,1,P1
ml-scenario-2230-gitlab-trivy-vuln-6,gitlab-trivy-vuln-6,4.7,medium,dependency_vulnerability,GitLab,maven,production,1,1,high,runtime,high,high,high,high,high,high,0.9,0,0,1,0,0,0,1,P2
ml-scenario-2231-github-dependabot-7,github-dependabot-7,0.0,low,dependency_vulnerability,GitHub,maven,production,1,1,high,runtime,high,high,high,high,high,high,0.9,0,0,1,0,0,0,1,P3
ml-scenario-2232-gitlab-trivy-vuln-4,gitlab-trivy-vuln-4,5.3,medium,dependency_vulnerability,GitLab,maven,production,1,1,high,runtime,high,high,high,high,high,high,0.9,0,1,0,0,0,1,1,P2
ml-scenario-2233-github-dependabot-5,github-dependabot-5,0.0,low,dependency_vulnerability,GitHub,maven,production,1,1,high,runtime,high,high,high,high,high,high,0.9,0,0,1,0,0,0,1,P3
ml-scenario-2235-gitlab-trivy-misconfig-4,gitlab-trivy-misconfig-4,0.0,low,misconfiguration,GitLab,,production,0,1,high,build,medium,medium,high,medium,medium,medium,0.9,0,0,0,0,1,0,0,P4
ml-scenario-2236-gitlab-trivy-vuln-5,gitlab-trivy-vuln-5,5.0,medium,dependency_vulnerability,GitLab,maven,production,1,1,high,runtime,high,high,high,high,high,high,0.9,0,0,1,1,0,0,1,P2
ml-scenario-2238-gitlab-trivy-misconfig-1,gitlab-trivy-misconfig-1,0.6,low,misconfiguration,GitLab,,production,0,1,high,build,medium,medium,high,medium,medium,medium,0.9,0,1,0,0,0,0,0,P3
ml-scenario-2239-github-dependabot-6,github-dependabot-6,0.0,low,dependency_vulnerability,GitHub,maven,production,1,1,high,runtime,high,high,high,high,high,high,0.9,0,0,1,0,0,0,1,P3
ml-scenario-2240-gitlab-trivy-misconfig-1,gitlab-trivy-misconfig-1,0.0,low,misconfiguration,GitLab,,production,0,1,high,build,medium,medium,high,medium,medium,medium,0.9,0,1,0,0,0,0,0,P4
ml-scenario-2241-github-dependabot-3,github-dependabot-3,9.1,critical,dependency_vulnerability,GitHub,maven,production,1,1,high,runtime,high,high,high,high,high,high,0.9,0,0,1,0,1,0,1,P1
ml-scenario-2242-gitlab-trivy-vuln-6,gitlab-trivy-vuln-6,5.3,medium,dependency_vulnerability,GitLab,maven,production,1,1,high,runtime,high,high,high,high,high,high,0.9,0,0,1,0,0,0,1,P2
ml-scenario-2243-github-dependabot-6,github-dependabot-6,0.5,low,dependency_vulnerability,GitHub,maven,production,1,1,high,runtime,high,high,high,high,high,high,0.9,0,0,1,0,0,0,1,P3
ml-scenario-2244-gitlab-trivy-vuln-2,gitlab-trivy-vuln-2,6.9,medium,dependency_vulnerability,GitLab,maven,production,1,1,high,runtime,high,high,high,high,high,high,0.9,0,1,1,1,1,1,1,P2
ml-scenario-2245-gitlab-trivy-vuln-6,gitlab-trivy-vuln-6,4.6,medium,dependency_vulnerability,GitLab,maven,production,1,1,high,runtime,high,high,high,high,high,high,0.9,0,0,1,0,0,0,1,P2
ml-scenario-2246-gitlab-trivy-vuln-6,gitlab-trivy-vuln-6,6.1,medium,dependency_vulnerability,GitLab,maven,production,1,1,high,runtime,high,high,high,high,high,high,0.9,0,0,1,0,0,0,1,P2
ml-scenario-2247-gitlab-trivy-vuln-4,gitlab-trivy-vuln-4,6.2,medium,dependency_vulnerability,GitLab,maven,production,1,1,high,runtime,high,high,high,high,high,high,0.9,0,1,0,0,0,1,1,P2
ml-scenario-2248-github-dependabot-6,github-dependabot-6,0.0,low,dependency_vulnerability,GitHub,maven,production,1,1,high,runtime,high,high,high,high,high,high,0.9,0,0,1,0,0,0,1,P3
ml-scenario-2249-gitlab-trivy-misconfig-1,gitlab-trivy-misconfig-1,0.2,low,misconfiguration,GitLab,,production,0,1,high,build,medium,medium,high,medium,medium,medium,0.9,0,1,0,0,0,0,0,P3
ml-scenario-2250-github-dependabot-7,github-dependabot-7,0.1,low,dependency_vulnerability,GitHub,maven,production,1,1,high,runtime,high,high,high,high,high,high,0.9,0,0,1,0,0,0,1,P3
ml-scenario-2252-github-dependabot-5,github-dependabot-5,0.0,low,dependency_vulnerability,GitHub,maven,production,1,1,high,runtime,high,high,high,high,high,high,0.9,0,0,1,0,0,0,1,P3
ml-scenario-2253-github-dependabot-2,github-dependabot-2,7.9,high,dependency_vulnerability,GitHub,maven,production,1,1,high,runtime,high,high,high,high,high,high,0.9,0,1,1,0,0,1,1,P1
ml-scenario-2254-github-dependabot-4,github-dependabot-4,6.4,medium,dependency_vulnerability,GitHub,maven,production,1,1,high,runtime,high,high,high,high,high,high,0.9,0,1,1,0,0,1,1,P2
ml-scenario-2255-gitlab-trivy-vuln-2,gitlab-trivy-vuln-2,7.3,high,dependency_vulnerability,GitLab,maven,production,1,1,high,runtime,high,high,high,high,high,high,0.9,0,1,1,1,1,1,1,P1
ml-scenario-2256-github-dependabot-6,github-dependabot-6,0.0,low,dependency_vulnerability,GitHub,maven,production,1,1,high,runtime,high,high,high,high,high,high,0.9,0,0,1,0,0,0,1,P3
ml-scenario-2257-gitlab-trivy-vuln-2,gitlab-trivy-vuln-2,9.9,critical,dependency_vulnerability,GitLab,maven,production,1,1,high,runtime,high,high,high,high,high,high,0.9,0,1,1,1,1,1,1,P1
ml-scenario-2259-github-dependabot-2,github-dependabot-2,10.0,critical,dependency_vulnerability,GitHub,maven,production,1,1,high,runtime,high,high,high,high,high,high,0.9,0,1,1,0,0,1,1,P1
ml-scenario-2261-gitlab-trivy-vuln-2,gitlab-trivy-vuln-2,7.0,high,dependency_vulnerability,GitLab,maven,production,1,1,high,runtime,high,high,high,high,high,high,0.9,0,1,1,1,1,1,1,P1
ml-scenario-2262-github-dependabot-3,github-dependabot-3,6.4,medium,dependency_vulnerability,GitHub,maven,production,1,1,high,runtime,high,high,high,high,high,high,0.9,0,0,1,0,1,0,1,P2
ml-scenario-2263-github-dependabot-6,github-dependabot-6,0.0,low,dependency_vulnerability,GitHub,maven,production,1,1,high,runtime,high,high,high,high,high,high,0.9,0,0,1,0,0,0,1,P3
ml-scenario-2264-github-dependabot-4,github-dependabot-4,6.7,medium,dependency_vulnerability,GitHub,maven,production,1,1,high,runtime,high,high,high,high,high,high,0.9,0,1,1,0,0,1,1,P2
ml-scenario-2265-gitlab-trivy-misconfig-1,gitlab-trivy-misconfig-1,0.0,low,misconfiguration,GitLab,,production,0,1,high,build,medium,medium,high,medium,medium,medium,0.9,0,1,0,0,0,0,0,P4
ml-scenario-2266-github-dependabot-3,github-dependabot-3,7.9,high,dependency_vulnerability,GitHub,maven,production,1,1,high,runtime,high,high,high,high,high,high,0.9,0,0,1,0,1,0,1,P1
ml-scenario-2268-github-dependabot-7,github-dependabot-7,0.5,low,dependency_vulnerability,GitHub,maven,production,1,1,high,runtime,high,high,high,high,high,high,0.9,0,0,1,0,0,0,1,P3
ml-scenario-2269-gitlab-trivy-vuln-6,gitlab-trivy-vuln-6,6.8,medium,dependency_vulnerability,GitLab,maven,production,1,1,high,runtime,high,high,high,high,high,high,0.9,0,0,1,0,0,0,1,P2
ml-scenario-2270-gitlab-trivy-misconfig-1,gitlab-trivy-misconfig-1,0.9,low,misconfiguration,GitLab,,production,0,1,high,build,medium,medium,high,medium,medium,medium,0.9,0,1,0,0,0,0,0,P3
ml-scenario-2271-gitlab-trivy-misconfig-4,gitlab-trivy-misconfig-4,0.8,low,misconfiguration,GitLab,,production,0,1,high,build,medium,medium,high,medium,medium,medium,0.9,0,0,0,0,1,0,0,P3
ml-scenario-2272-gitlab-trivy-misconfig-4,gitlab-trivy-misconfig-4,0.0,low,misconfiguration,GitLab,,production,0,1,high,build,medium,medium,high,medium,medium,medium,0.9,0,0,0,0,1,0,0,P4
ml-scenario-2273-gitlab-trivy-misconfig-4,gitlab-trivy-misconfig-4,0.0,low,misconfiguration,GitLab,,production,0,1,high,build,medium,medium,high,medium,medium,medium,0.9,0,0,0,0,1,0,0,P4
ml-scenario-2274-gitlab-trivy-misconfig-1,gitlab-trivy-misconfig-1,0.0,low,misconfiguration,GitLab,,production,0,1,high,build,medium,medium,high,medium,medium,medium,0.9,0,1,0,0,0,0,0,P4
ml-scenario-2275-github-dependabot-5,github-dependabot-5,0.0,low,dependency_vulnerability,GitHub,maven,production,1,1,high,runtime,high,high,high,high,high,high,0.9,0,0,1,0,0,0,1,P3
ml-scenario-2276-gitlab-trivy-misconfig-4,gitlab-trivy-misconfig-4,0.0,low,misconfiguration,GitLab,,production,0,1,high,build,medium,medium,high,medium,medium,medium,0.9,0,0,0,0,1,0,0,P4
ml-scenario-2277-github-dependabot-7,github-dependabot-7,0.0,low,dependency_vulnerability,GitHub,maven,production,1,1,high,runtime,high,high,high,high,high,high,0.9,0,0,1,0,0,0,1,P3
ml-scenario-2278-github-dependabot-4,github-dependabot-4,6.9,medium,dependency_vulnerability,GitHub,maven,production,1,1,high,runtime,high,high,high,high,high,high,0.9,0,1,1,0,0,1,1,P2
ml-scenario-2279-gitlab-trivy-misconfig-1,gitlab-trivy-misconfig-1,0.0,low,misconfiguration,GitLab,,production,0,1,high,build,medium,medium,high,medium,medium,medium,0.9,0,1,0,0,0,0,0,P4
ml-scenario-2280-github-dependabot-5,github-dependabot-5,0.0,low,dependency_vulnerability,GitHub,maven,production,1,1,high,runtime,high,high,high,high,high,high,0.9,0,0,1,0,0,0,1,P3
ml-scenario-2281-gitlab-trivy-vuln-5,gitlab-trivy-vuln-5,3.8,low,dependency_vulnerability,GitLab,maven,production,1,1,high,runtime,high,high,high,high,high,high,0.9,0,0,1,1,0,0,1,P3
ml-scenario-2283-github-dependabot-3,github-dependabot-3,7.3,high,dependency_vulnerability,GitHub,maven,production,1,1,high,runtime,high,high,high,high,high,high,0.9,0,0,1,0,1,0,1,P1
ml-scenario-2287-github-dependabot-5,github-dependabot-5,0.3,low,dependency_vulnerability,GitHub,maven,production,1,1,high,runtime,high,high,high,high,high,high,0.9,0,0,1,0,0,0,1,P3
ml-scenario-2288-github-dependabot-4,github-dependabot-4,6.9,medium,dependency_vulnerability,GitHub,maven,production,1,1,high,runtime,high,high,high,high,high,high,0.9,0,1,1,0,0,1,1,P2
ml-scenario-2289-gitlab-trivy-misconfig-4,gitlab-trivy-misconfig-4,0.0,low,misconfiguration,GitLab,,production,0,1,high,build,medium,medium,high,medium,medium,medium,0.9,0,0,0,0,1,0,0,P4
ml-scenario-2290-github-dependabot-5,github-dependabot-5,0.6,low,dependency_vulnerability,GitHub,maven,production,1,1,high,runtime,high,high,high,high,high,high,0.9,0,0,1,0,0,0,1,P3
ml-scenario-2291-github-dependabot-5,github-dependabot-5,0.0,low,dependency_vulnerability,GitHub,maven,production,1,1,high,runtime,high,high,high,high,high,high,0.9,0,0,1,0,0,0,1,P3
ml-scenario-2293-github-dependabot-6,github-dependabot-6,0.4,low,dependency_vulnerability,GitHub,maven,production,1,1,high,runtime,high,high,high,high,high,high,0.9,0,0,1,0,0,0,1,P3
ml-scenario-2294-github-dependabot-4,github-dependabot-4,5.0,medium,dependency_vulnerability,GitHub,maven,production,1,1,high,runtime,high,high,high,high,high,high,0.9,0,1,1,0,0,1,1,P2
ml-scenario-2295-github-dependabot-5,github-dependabot-5,0.0,low,dependency_vulnerability,GitHub,maven,production,1,1,high,runtime,high,high,high,high,high,high,0.9,0,0,1,0,0,0,1,P3
ml-scenario-2297-gitlab-trivy-vuln-4,gitlab-trivy-vuln-4,5.1,medium,dependency_vulnerability,GitLab,maven,production,1,1,high,runtime,high,high,high,high,high,high,0.9,0,1,0,0,0,1,1,P2
ml-scenario-2298-gitlab-trivy-misconfig-4,gitlab-trivy-misconfig-4,0.3,low,misconfiguration,GitLab,,production,0,1,high,build,medium,medium,high,medium,medium,medium,0.9,0,0,0,0,1,0,0,P3
ml-scenario-2299-github-dependabot-5,github-dependabot-5,0.0,low,dependency_vulnerability,GitHub,maven,production,1,1,high,runtime,high,high,high,high,high,high,0.9,0,0,1,0,0,0,1,P3
ml-scenario-2300-gitlab-trivy-vuln-2,gitlab-trivy-vuln-2,7.2,high,dependency_vulnerability,GitLab,maven,production,1,1,high,runtime,high,high,high,high,high,high,0.9,0,1,1,1,1,1,1,P1
ml-scenario-2301-gitlab-trivy-vuln-5,gitlab-trivy-vuln-5,4.2,medium,dependency_vulnerability,GitLab,maven,production,1,1,high,runtime,high,high,high,high,high,high,0.9,0,0,1,1,0,0,1,P2
ml-scenario-2302-gitlab-trivy-misconfig-1,gitlab-trivy-misconfig-1,0.0,low,misconfiguration,GitLab,,production,0,1,high,build,medium,medium,high,medium,medium,medium,0.9,0,1,0,0,0,0,0,P4
ml-scenario-2303-gitlab-trivy-vuln-4,gitlab-trivy-vuln-4,6.6,medium,dependency_vulnerability,GitLab,maven,production,1,1,high,runtime,high,high,high,high,high,high,0.9,0,1,0,0,0,1,1,P2
ml-scenario-2305-github-dependabot-2,github-dependabot-2,8.0,high,dependency_vulnerability,GitHub,maven,production,1,1,high,runtime,high,high,high,high,high,high,0.9,0,1,1,0,0,1,1,P1
ml-scenario-2306-gitlab-trivy-misconfig-4,gitlab-trivy-misconfig-4,0.0,low,misconfiguration,GitLab,,production,0,1,high,build,medium,medium,high,medium,medium,medium,0.9,0,0,0,0,1,0,0,P4
ml-scenario-2307-github-dependabot-1,github-dependabot-1,7.5,high,dependency_vulnerability,GitHub,maven,production,1,1,high,runtime,high,high,high,high,high,high,0.9,0,1,1,0,0,1,1,P1
ml-scenario-2308-github-dependabot-3,github-dependabot-3,8.6,high,dependency_vulnerability,GitHub,maven,production,1,1,high,runtime,high,high,high,high,high,high,0.9,0,0,1,0,1,0,1,P1
ml-scenario-2309-github-dependabot-2,github-dependabot-2,8.3,high,dependency_vulnerability,GitHub,maven,production,1,1,high,runtime,high,high,high,high,high,high,0.9,0,1,1,0,0,1,1,P1
ml-scenario-2310-github-dependabot-3,github-dependabot-3,6.2,medium,dependency_vulnerability,GitHub,maven,production,1,1,high,runtime,high,high,high,high,high,high,0.9,0,0,1,0,1,0,1,P2
ml-scenario-2312-gitlab-trivy-vuln-5,gitlab-trivy-vuln-5,6.6,medium,dependency_vulnerability,GitLab,maven,production,1,1,high,runtime,high,high,high,high,high,high,0.9,0,0,1,1,0,0,1,P2
ml-scenario-2314-gitlab-trivy-misconfig-1,gitlab-trivy-misconfig-1,0.0,low,misconfiguration,GitLab,,production,0,1,high,build,medium,medium,high,medium,medium,medium,0.9,0,1,0,0,0,0,0,P4
ml-scenario-2315-gitlab-trivy-vuln-1,gitlab-trivy-vuln-1,8.7,high,dependency_vulnerability,GitLab,maven,production,1,1,high,runtime,high,high,high,high,high,high,0.9,0,1,1,0,0,1,1,P1
ml-scenario-2316-github-dependabot-3,github-dependabot-3,6.3,medium,dependency_vulnerability,GitHub,maven,production,1,1,high,runtime,high,high,high,high,high,high,0.9,0,0,1,0,1,0,1,P2
ml-scenario-2317-github-dependabot-6,github-dependabot-6,0.0,low,dependency_vulnerability,GitHub,maven,production,1,1,high,runtime,high,high,high,high,high,high,0.9,0,0,1,0,0,0,1,P3
ml-scenario-2319-gitlab-trivy-vuln-4,gitlab-trivy-vuln-4,7.0,high,dependency_vulnerability,GitLab,maven,production,1,1,high,runtime,high,high,high,high,high,high,0.9,0,1,0,0,0,1,1,P1
ml-scenario-2320-github-dependabot-2,github-dependabot-2,7.9,high,dependency_vulnerability,GitHub,maven,production,1,1,high,runtime,high,high,high,high,high,high,0.9,0,1,1,0,0,1,1,P1
ml-scenario-2321-github-dependabot-4,github-dependabot-4,5.4,medium,dependency_vulnerability,GitHub,maven,production,1,1,high,runtime,high,high,high,high,high,high,0.9,0,1,1,0,0,1,1,P2
ml-scenario-2322-gitlab-trivy-misconfig-1,gitlab-trivy-misconfig-1,0.0,low,misconfiguration,GitLab,,production,0,1,high,build,medium,medium,high,medium,medium,medium,0.9,0,1,0,0,0,0,0,P4
ml-scenario-2323-gitlab-trivy-vuln-1,gitlab-trivy-vuln-1,8.2,high,dependency_vulnerability,GitLab,maven,production,1,1,high,runtime,high,high,high,high,high,high,0.9,0,1,1,0,0,1,1,P1
ml-scenario-2324-github-dependabot-1,github-dependabot-1,8.3,high,dependency_vulnerability,GitHub,maven,production,1,1,high,runtime,high,high,high,high,high,high,0.9,0,1,1,0,0,1,1,P1
ml-scenario-2326-gitlab-trivy-vuln-5,gitlab-trivy-vuln-5,7.1,high,dependency_vulnerability,GitLab,maven,production,1,1,high,runtime,high,high,high,high,high,high,0.9,0,0,1,1,0,0,1,P1
ml-scenario-2328-gitlab-trivy-vuln-1,gitlab-trivy-vuln-1,10.0,critical,dependency_vulnerability,GitLab,maven,production,1,1,high,runtime,high,high,high,high,high,high,0.9,0,1,1,0,0,1,1,P1
ml-scenario-2329-gitlab-trivy-misconfig-4,gitlab-trivy-misconfig-4,0.0,low,misconfiguration,GitLab,,production,0,1,high,build,medium,medium,high,medium,medium,medium,0.9,0,0,0,0,1,0,0,P4
ml-scenario-2330-gitlab-trivy-vuln-4,gitlab-trivy-vuln-4,5.8,medium,dependency_vulnerability,GitLab,maven,production,1,1,high,runtime,high,high,high,high,high,high,0.9,0,1,0,0,0,1,1,P2
ml-scenario-2331-gitlab-trivy-vuln-5,gitlab-trivy-vuln-5,4.5,medium,dependency_vulnerability,GitLab,maven,production,1,1,high,runtime,high,high,high,high,high,high,0.9,0,0,1,1,0,0,1,P2
ml-scenario-2332-gitlab-trivy-vuln-1,gitlab-trivy-vuln-1,10.0,critical,dependency_vulnerability,GitLab,maven,production,1,1,high,runtime,high,high,high,high,high,high,0.9,0,1,1,0,0,1,1,P1
ml-scenario-2334-github-dependabot-4,github-dependabot-4,6.3,medium,dependency_vulnerability,GitHub,maven,production,1,1,high,runtime,high,high,high,high,high,high,0.9,0,1,1,0,0,1,1,P2
ml-scenario-2335-gitlab-trivy-vuln-6,gitlab-trivy-vuln-6,3.9,low,dependency_vulnerability,GitLab,maven,production,1,1,high,runtime,high,high,high,high,high,high,0.9,0,0,1,0,0,0,1,P3
ml-scenario-2336-gitlab-trivy-vuln-4,gitlab-trivy-vuln-4,6.1,medium,dependency_vulnerability,GitLab,maven,production,1,1,high,runtime,high,high,high,high,high,high,0.9,0,1,0,0,0,1,1,P2
ml-scenario-2337-github-dependabot-6,github-dependabot-6,0.3,low,dependency_vulnerability,GitHub,maven,production,1,1,high,runtime,high,high,high,high,high,high,0.9,0,0,1,0,0,0,1,P3
ml-scenario-2338-github-dependabot-2,github-dependabot-2,10.0,critical,dependency_vulnerability,GitHub,maven,production,1,1,high,runtime,high,high,high,high,high,high,0.9,0,1,1,0,0,1,1,P1
ml-scenario-2340-github-dependabot-3,github-dependabot-3,7.4,high,dependency_vulnerability,GitHub,maven,production,1,1,high,runtime,high,high,high,high,high,high,0.9,0,0,1,0,1,0,1,P1
ml-scenario-2341-gitlab-trivy-vuln-2,gitlab-trivy-vuln-2,7.5,high,dependency_vulnerability,GitLab,maven,production,1,1,high,runtime,high,high,high,high,high,high,0.9,0,1,1,1,1,1,1,P1
ml-scenario-2343-gitlab-trivy-vuln-6,gitlab-trivy-vuln-6,7.1,high,dependency_vulnerability,GitLab,maven,production,1,1,high,runtime,high,high,high,high,high,high,0.9,0,0,1,0,0,0,1,P1
ml-scenario-2344-gitlab-trivy-vuln-1,gitlab-trivy-vuln-1,7.7,high,dependency_vulnerability,GitLab,maven,production,1,1,high,runtime,high,high,high,high,high,high,0.9,0,1,1,0,0,1,1,P1
ml-scenario-2345-github-dependabot-3,github-dependabot-3,8.6,high,dependency_vulnerability,GitHub,maven,production,1,1,high,runtime,high,high,high,high,high,high,0.9,0,0,1,0,1,0,1,P1
ml-scenario-2346-github-dependabot-1,github-dependabot-1,6.9,medium,dependency_vulnerability,GitHub,maven,production,1,1,high,runtime,high,high,high,high,high,high,0.9,0,1,1,0,0,1,1,P2
ml-scenario-2347-github-dependabot-4,github-dependabot-4,5.2,medium,dependency_vulnerability,GitHub,maven,production,1,1,high,runtime,high,high,high,high,high,high,0.9,0,1,1,0,0,1,1,P2
ml-scenario-2348-gitlab-trivy-misconfig-4,gitlab-trivy-misconfig-4,0.3,low,misconfiguration,GitLab,,production,0,1,high,build,medium,medium,high,medium,medium,medium,0.9,0,0,0,0,1,0,0,P3
ml-scenario-2349-github-dependabot-7,github-dependabot-7,0.3,low,dependency_vulnerability,GitHub,maven,production,1,1,high,runtime,high,high,high,high,high,high,0.9,0,0,1,0,0,0,1,P3
ml-scenario-2350-gitlab-trivy-misconfig-1,gitlab-trivy-misconfig-1,0.1,low,misconfiguration,GitLab,,production,0,1,high,build,medium,medium,high,medium,medium,medium,0.9,0,1,0,0,0,0,0,P3
ml-scenario-2351-github-dependabot-2,github-dependabot-2,9.9,critical,dependency_vulnerability,GitHub,maven,production,1,1,high,runtime,high,high,high,high,high,high,0.9,0,1,1,0,0,1,1,P1
ml-scenario-2352-github-dependabot-7,github-dependabot-7,0.0,low,dependency_vulnerability,GitHub,maven,production,1,1,high,runtime,high,high,high,high,high,high,0.9,0,0,1,0,0,0,1,P3
ml-scenario-2353-gitlab-trivy-vuln-4,gitlab-trivy-vuln-4,7.2,high,dependency_vulnerability,GitLab,maven,production,1,1,high,runtime,high,high,high,high,high,high,0.9,0,1,0,0,0,1,1,P1
ml-scenario-2355-gitlab-trivy-misconfig-4,gitlab-trivy-misconfig-4,0.0,low,misconfiguration,GitLab,,production,0,1,high,build,medium,medium,high,medium,medium,medium,0.9,0,0,0,0,1,0,0,P4
ml-scenario-2358-gitlab-trivy-vuln-6,gitlab-trivy-vuln-6,6.4,medium,dependency_vulnerability,GitLab,maven,production,1,1,high,runtime,high,high,high,high,high,high,0.9,0,0,1,0,0,0,1,P2
ml-scenario-2359-gitlab-trivy-vuln-4,gitlab-trivy-vuln-4,7.1,high,dependency_vulnerability,GitLab,maven,production,1,1,high,runtime,high,high,high,high,high,high,0.9,0,1,0,0,0,1,1,P1
ml-scenario-2360-gitlab-trivy-misconfig-4,gitlab-trivy-misconfig-4,0.0,low,misconfiguration,GitLab,,production,0,1,high,build,medium,medium,high,medium,medium,medium,0.9,0,0,0,0,1,0,0,P4
ml-scenario-2362-gitlab-trivy-vuln-5,gitlab-trivy-vuln-5,6.7,medium,dependency_vulnerability,GitLab,maven,production,1,1,high,runtime,high,high,high,high,high,high,0.9,0,0,1,1,0,0,1,P2
ml-scenario-2363-gitlab-trivy-misconfig-4,gitlab-trivy-misconfig-4,0.0,low,misconfiguration,GitLab,,production,0,1,high,build,medium,medium,high,medium,medium,medium,0.9,0,0,0,0,1,0,0,P4
ml-scenario-2364-github-dependabot-2,github-dependabot-2,10.0,critical,dependency_vulnerability,GitHub,maven,production,1,1,high,runtime,high,high,high,high,high,high,0.9,0,1,1,0,0,1,1,P1
ml-scenario-2367-github-dependabot-7,github-dependabot-7,0.2,low,dependency_vulnerability,GitHub,maven,production,1,1,high,runtime,high,high,high,high,high,high,0.9,0,0,1,0,0,0,1,P3
ml-scenario-2368-github-dependabot-4,github-dependabot-4,5.2,medium,dependency_vulnerability,GitHub,maven,production,1,1,high,runtime,high,high,high,high,high,high,0.9,0,1,1,0,0,1,1,P2
ml-scenario-2369-gitlab-trivy-vuln-2,gitlab-trivy-vuln-2,8.9,high,dependency_vulnerability,GitLab,maven,production,1,1,high,runtime,high,high,high,high,high,high,0.9,0,1,1,1,1,1,1,P1
ml-scenario-2370-gitlab-trivy-misconfig-4,gitlab-trivy-misconfig-4,0.4,low,misconfiguration,GitLab,,production,0,1,high,build,medium,medium,high,medium,medium,medium,0.9,0,0,0,0,1,0,0,P3
ml-scenario-2373-github-dependabot-3,github-dependabot-3,8.2,high,dependency_vulnerability,GitHub,maven,production,1,1,high,runtime,high,high,high,high,high,high,0.9,0,0,1,0,1,0,1,P1
ml-scenario-2374-gitlab-trivy-vuln-6,gitlab-trivy-vuln-6,5.2,medium,dependency_vulnerability,GitLab,maven,production,1,1,high,runtime,high,high,high,high,high,high,0.9,0,0,1,0,0,0,1,P2
ml-scenario-2375-gitlab-trivy-vuln-6,gitlab-trivy-vuln-6,4.2,medium,dependency_vulnerability,GitLab,maven,production,1,1,high,runtime,high,high,high,high,high,high,0.9,0,0,1,0,0,0,1,P2
ml-scenario-2377-gitlab-trivy-vuln-1,gitlab-trivy-vuln-1,10.0,critical,dependency_vulnerability,GitLab,maven,production,1,1,high,runtime,high,high,high,high,high,high,0.9,0,1,1,0,0,1,1,P1
ml-scenario-2378-github-dependabot-3,github-dependabot-3,6.7,medium,dependency_vulnerability,GitHub,maven,production,1,1,high,runtime,high,high,high,high,high,high,0.9,0,0,1,0,1,0,1,P2
ml-scenario-2379-gitlab-trivy-vuln-1,gitlab-trivy-vuln-1,8.2,high,dependency_vulnerability,GitLab,maven,production,1,1,high,runtime,high,high,high,high,high,high,0.9,0,1,1,0,0,1,1,P1
ml-scenario-2381-gitlab-trivy-vuln-1,gitlab-trivy-vuln-1,9.5,critical,dependency_vulnerability,GitLab,maven,production,1,1,high,runtime,high,high,high,high,high,high,0.9,0,1,1,0,0,1,1,P1
ml-scenario-2382-github-dependabot-6,github-dependabot-6,0.0,low,dependency_vulnerability,GitHub,maven,production,1,1,high,runtime,high,high,high,high,high,high,0.9,0,0,1,0,0,0,1,P3
ml-scenario-2384-gitlab-trivy-vuln-4,gitlab-trivy-vuln-4,4.3,medium,dependency_vulnerability,GitLab,maven,production,1,1,high,runtime,high,high,high,high,high,high,0.9,0,1,0,0,0,1,1,P2
ml-scenario-2385-github-dependabot-4,github-dependabot-4,6.2,medium,dependency_vulnerability,GitHub,maven,production,1,1,high,runtime,high,high,high,high,high,high,0.9,0,1,1,0,0,1,1,P2
ml-scenario-2386-gitlab-trivy-vuln-2,gitlab-trivy-vuln-2,6.6,medium,dependency_vulnerability,GitLab,maven,production,1,1,high,runtime,high,high,high,high,high,high,0.9,0,1,1,1,1,1,1,P2
ml-scenario-2388-gitlab-trivy-vuln-2,gitlab-trivy-vuln-2,8.2,high,dependency_vulnerability,GitLab,maven,production,1,1,high,runtime,high,high,high,high,high,high,0.9,0,1,1,1,1,1,1,P1
ml-scenario-2389-gitlab-trivy-vuln-1,gitlab-trivy-vuln-1,8.8,high,dependency_vulnerability,GitLab,maven,production,1,1,high,runtime,high,high,high,high,high,high,0.9,0,1,1,0,0,1,1,P1
ml-scenario-2390-github-dependabot-5,github-dependabot-5,0.4,low,dependency_vulnerability,GitHub,maven,production,1,1,high,runtime,high,high,high,high,high,high,0.9,0,0,1,0,0,0,1,P3
ml-scenario-2391-gitlab-trivy-vuln-1,gitlab-trivy-vuln-1,10.0,critical,dependency_vulnerability,GitLab,maven,production,1,1,high,runtime,high,high,high,high,high,high,0.9,0,1,1,0,0,1,1,P1
ml-scenario-2392-gitlab-trivy-vuln-4,gitlab-trivy-vuln-4,6.0,medium,dependency_vulnerability,GitLab,maven,production,1,1,high,runtime,high,high,high,high,high,high,0.9,0,1,0,0,0,1,1,P2
ml-scenario-2393-gitlab-trivy-vuln-2,gitlab-trivy-vuln-2,9.5,critical,dependency_vulnerability,GitLab,maven,production,1,1,high,runtime,high,high,high,high,high,high,0.9,0,1,1,1,1,1,1,P1
ml-scenario-2394-gitlab-trivy-vuln-2,gitlab-trivy-vuln-2,9.9,critical,dependency_vulnerability,GitLab,maven,production,1,1,high,runtime,high,high,high,high,high,high,0.9,0,1,1,1,1,1,1,P1
ml-scenario-2396-github-dependabot-4,github-dependabot-4,6.0,medium,dependency_vulnerability,GitHub,maven,production,1,1,high,runtime,high,high,high,high,high,high,0.9,0,1,1,0,0,1,1,P2
ml-scenario-2398-github-dependabot-4,github-dependabot-4,6.1,medium,dependency_vulnerability,GitHub,maven,production,1,1,high,runtime,high,high,high,high,high,high,0.9,0,1,1,0,0,1,1,P2
ml-scenario-2400-gitlab-trivy-misconfig-4,gitlab-trivy-misconfig-4,0.0,low,misconfiguration,GitLab,,production,0,1,high,build,medium,medium,high,medium,medium,medium,0.9,0,0,0,0,1,0,0,P4
ml-scenario-2401-github-dependabot-1,github-dependabot-1,9.2,critical,dependency_vulnerability,GitHub,maven,production,1,1,high,runtime,high,high,high,high,high,high,0.9,0,1,1,0,0,1,1,P1
ml-scenario-2402-github-dependabot-7,github-dependabot-7,0.0,low,dependency_vulnerability,GitHub,maven,production,1,1,high,runtime,high,high,high,high,high,high,0.9,0,0,1,0,0,0,1,P3
ml-scenario-2403-github-dependabot-5,github-dependabot-5,0.6,low,dependency_vulnerability,GitHub,maven,production,1,1,high,runtime,high,high,high,high,high,high,0.9,0,0,1,0,0,0,1,P3
ml-scenario-2405-gitlab-trivy-misconfig-4,gitlab-trivy-misconfig-4,0.0,low,misconfiguration,GitLab,,production,0,1,high,build,medium,medium,high,medium,medium,medium,0.9,0,0,0,0,1,0,0,P4
ml-scenario-2406-gitlab-trivy-vuln-6,gitlab-trivy-vuln-6,6.1,medium,dependency_vulnerability,GitLab,maven,production,1,1,high,runtime,high,high,high,high,high,high,0.9,0,0,1,0,0,0,1,P2
ml-scenario-2407-gitlab-trivy-misconfig-4,gitlab-trivy-misconfig-4,1.0,low,misconfiguration,GitLab,,production,0,1,high,build,medium,medium,high,medium,medium,medium,0.9,0,0,0,0,1,0,0,P3
ml-scenario-2408-gitlab-trivy-misconfig-1,gitlab-trivy-misconfig-1,0.8,low,misconfiguration,GitLab,,production,0,1,high,build,medium,medium,high,medium,medium,medium,0.9,0,1,0,0,0,0,0,P3
ml-scenario-2409-gitlab-trivy-vuln-6,gitlab-trivy-vuln-6,5.7,medium,dependency_vulnerability,GitLab,maven,production,1,1,high,runtime,high,high,high,high,high,high,0.9,0,0,1,0,0,0,1,P2
ml-scenario-2410-gitlab-trivy-vuln-6,gitlab-trivy-vuln-6,6.8,medium,dependency_vulnerability,GitLab,maven,production,1,1,high,runtime,high,high,high,high,high,high,0.9,0,0,1,0,0,0,1,P2
ml-scenario-2411-github-dependabot-5,github-dependabot-5,0.2,low,dependency_vulnerability,GitHub,maven,production,1,1,high,runtime,high,high,high,high,high,high,0.9,0,0,1,0,0,0,1,P3
ml-scenario-2412-github-dependabot-5,github-dependabot-5,0.4,low,dependency_vulnerability,GitHub,maven,production,1,1,high,runtime,high,high,high,high,high,high,0.9,0,0,1,0,0,0,1,P3
ml-scenario-2413-gitlab-trivy-vuln-6,gitlab-trivy-vuln-6,5.9,medium,dependency_vulnerability,GitLab,maven,production,1,1,high,runtime,high,high,high,high,high,high,0.9,0,0,1,0,0,0,1,P2
ml-scenario-2414-gitlab-trivy-misconfig-4,gitlab-trivy-misconfig-4,0.0,low,misconfiguration,GitLab,,production,0,1,high,build,medium,medium,high,medium,medium,medium,0.9,0,0,0,0,1,0,0,P4
ml-scenario-2415-gitlab-trivy-misconfig-4,gitlab-trivy-misconfig-4,0.7,low,misconfiguration,GitLab,,production,0,1,high,build,medium,medium,high,medium,medium,medium,0.9,0,0,0,0,1,0,0,P3
ml-scenario-2416-gitlab-trivy-vuln-4,gitlab-trivy-vuln-4,5.4,medium,dependency_vulnerability,GitLab,maven,production,1,1,high,runtime,high,high,high,high,high,high,0.9,0,1,0,0,0,1,1,P2
ml-scenario-2417-gitlab-trivy-misconfig-1,gitlab-trivy-misconfig-1,0.0,low,misconfiguration,GitLab,,production,0,1,high,build,medium,medium,high,medium,medium,medium,0.9,0,1,0,0,0,0,0,P4
ml-scenario-2418-github-dependabot-6,github-dependabot-6,0.0,low,dependency_vulnerability,GitHub,maven,production,1,1,high,runtime,high,high,high,high,high,high,0.9,0,0,1,0,0,0,1,P3
ml-scenario-2419-gitlab-trivy-vuln-1,gitlab-trivy-vuln-1,10.0,critical,dependency_vulnerability,GitLab,maven,production,1,1,high,runtime,high,high,high,high,high,high,0.9,0,1,1,0,0,1,1,P1
ml-scenario-2420-github-dependabot-2,github-dependabot-2,9.3,critical,dependency_vulnerability,GitHub,maven,production,1,1,high,runtime,high,high,high,high,high,high,0.9,0,1,1,0,0,1,1,P1
ml-scenario-2421-gitlab-trivy-vuln-5,gitlab-trivy-vuln-5,3.8,low,dependency_vulnerability,GitLab,maven,production,1,1,high,runtime,high,high,high,high,high,high,0.9,0,0,1,1,0,0,1,P3
ml-scenario-2422-github-dependabot-4,github-dependabot-4,4.9,medium,dependency_vulnerability,GitHub,maven,production,1,1,high,runtime,high,high,high,high,high,high,0.9,0,1,1,0,0,1,1,P2
ml-scenario-2423-gitlab-trivy-vuln-6,gitlab-trivy-vuln-6,3.9,low,dependency_vulnerability,GitLab,maven,production,1,1,high,runtime,high,high,high,high,high,high,0.9,0,0,1,0,0,0,1,P3
ml-scenario-2424-gitlab-trivy-vuln-4,gitlab-trivy-vuln-4,7.3,high,dependency_vulnerability,GitLab,maven,production,1,1,high,runtime,high,high,high,high,high,high,0.9,0,1,0,0,0,1,1,P1
ml-scenario-2426-github-dependabot-3,github-dependabot-3,6.4,medium,dependency_vulnerability,GitHub,maven,production,1,1,high,runtime,high,high,high,high,high,high,0.9,0,0,1,0,1,0,1,P2
ml-scenario-2427-gitlab-trivy-misconfig-1,gitlab-trivy-misconfig-1,0.0,low,misconfiguration,GitLab,,production,0,1,high,build,medium,medium,high,medium,medium,medium,0.9,0,1,0,0,0,0,0,P4
ml-scenario-2428-github-dependabot-3,github-dependabot-3,7.0,high,dependency_vulnerability,GitHub,maven,production,1,1,high,runtime,high,high,high,high,high,high,0.9,0,0,1,0,1,0,1,P1
ml-scenario-2429-github-dependabot-4,github-dependabot-4,4.9,medium,dependency_vulnerability,GitHub,maven,production,1,1,high,runtime,high,high,high,high,high,high,0.9,0,1,1,0,0,1,1,P2
ml-scenario-2430-gitlab-trivy-vuln-5,gitlab-trivy-vuln-5,4.1,medium,dependency_vulnerability,GitLab,maven,production,1,1,high,runtime,high,high,high,high,high,high,0.9,0,0,1,1,0,0,1,P2
ml-scenario-2431-github-dependabot-6,github-dependabot-6,0.0,low,dependency_vulnerability,GitHub,maven,production,1,1,high,runtime,high,high,high,high,high,high,0.9,0,0,1,0,0,0,1,P3
ml-scenario-2433-gitlab-trivy-vuln-6,gitlab-trivy-vuln-6,6.6,medium,dependency_vulnerability,GitLab,maven,production,1,1,high,runtime,high,high,high,high,high,high,0.9,0,0,1,0,0,0,1,P2
ml-scenario-2435-github-dependabot-1,github-dependabot-1,8.6,high,dependency_vulnerability,GitHub,maven,production,1,1,high,runtime,high,high,high,high,high,high,0.9,0,1,1,0,0,1,1,P1
ml-scenario-2436-gitlab-trivy-vuln-5,gitlab-trivy-vuln-5,3.9,low,dependency_vulnerability,GitLab,maven,production,1,1,high,runtime,high,high,high,high,high,high,0.9,0,0,1,1,0,0,1,P3
ml-scenario-2437-github-dependabot-6,github-dependabot-6,0.0,low,dependency_vulnerability,GitHub,maven,production,1,1,high,runtime,high,high,high,high,high,high,0.9,0,0,1,0,0,0,1,P3
ml-scenario-2438-gitlab-trivy-vuln-1,gitlab-trivy-vuln-1,10.0,critical,dependency_vulnerability,GitLab,maven,production,1,1,high,runtime,high,high,high,high,high,high,0.9,0,1,1,0,0,1,1,P1
ml-scenario-2439-gitlab-trivy-vuln-6,gitlab-trivy-vuln-6,5.0,medium,dependency_vulnerability,GitLab,maven,production,1,1,high,runtime,high,high,high,high,high,high,0.9,0,0,1,0,0,0,1,P2
ml-scenario-2440-github-dependabot-5,github-dependabot-5,0.0,low,dependency_vulnerability,GitHub,maven,production,1,1,high,runtime,high,high,high,high,high,high,0.9,0,0,1,0,0,0,1,P3
ml-scenario-2441-github-dependabot-1,github-dependabot-1,9.5,critical,dependency_vulnerability,GitHub,maven,production,1,1,high,runtime,high,high,high,high,high,high,0.9,0,1,1,0,0,1,1,P1
ml-scenario-2442-github-dependabot-4,github-dependabot-4,6.7,medium,dependency_vulnerability,GitHub,maven,production,1,1,high,runtime,high,high,high,high,high,high,0.9,0,1,1,0,0,1,1,P2
ml-scenario-2443-github-dependabot-2,github-dependabot-2,9.7,critical,dependency_vulnerability,GitHub,maven,production,1,1,high,runtime,high,high,high,high,high,high,0.9,0,1,1,0,0,1,1,P1
ml-scenario-2444-github-dependabot-6,github-dependabot-6,0.0,low,dependency_vulnerability,GitHub,maven,production,1,1,high,runtime,high,high,high,high,high,high,0.9,0,0,1,0,0,0,1,P3
ml-scenario-2446-gitlab-trivy-misconfig-4,gitlab-trivy-misconfig-4,0.0,low,misconfiguration,GitLab,,production,0,1,high,build,medium,medium,high,medium,medium,medium,0.9,0,0,0,0,1,0,0,P4
ml-scenario-2447-gitlab-trivy-vuln-6,gitlab-trivy-vuln-6,5.6,medium,dependency_vulnerability,GitLab,maven,production,1,1,high,runtime,high,high,high,high,high,high,0.9,0,0,1,0,0,0,1,P2
ml-scenario-2448-github-dependabot-4,github-dependabot-4,4.6,medium,dependency_vulnerability,GitHub,maven,production,1,1,high,runtime,high,high,high,high,high,high,0.9,0,1,1,0,0,1,1,P2
ml-scenario-2449-github-dependabot-6,github-dependabot-6,0.9,low,dependency_vulnerability,GitHub,maven,production,1,1,high,runtime,high,high,high,high,high,high,0.9,0,0,1,0,0,0,1,P3
ml-scenario-2451-github-dependabot-5,github-dependabot-5,0.0,low,dependency_vulnerability,GitHub,maven,production,1,1,high,runtime,high,high,high,high,high,high,0.9,0,0,1,0,0,0,1,P3
ml-scenario-2452-github-dependabot-6,github-dependabot-6,0.0,low,dependency_vulnerability,GitHub,maven,production,1,1,high,runtime,high,high,high,high,high,high,0.9,0,0,1,0,0,0,1,P3
ml-scenario-2453-gitlab-trivy-vuln-6,gitlab-trivy-vuln-6,4.1,medium,dependency_vulnerability,GitLab,maven,production,1,1,high,runtime,high,high,high,high,high,high,0.9,0,0,1,0,0,0,1,P2
ml-scenario-2454-gitlab-trivy-vuln-1,gitlab-trivy-vuln-1,9.4,critical,dependency_vulnerability,GitLab,maven,production,1,1,high,runtime,high,high,high,high,high,high,0.9,0,1,1,0,0,1,1,P1
ml-scenario-2455-gitlab-trivy-vuln-4,gitlab-trivy-vuln-4,4.4,medium,dependency_vulnerability,GitLab,maven,production,1,1,high,runtime,high,high,high,high,high,high,0.9,0,1,0,0,0,1,1,P2
ml-scenario-2457-github-dependabot-3,github-dependabot-3,8.8,high,dependency_vulnerability,GitHub,maven,production,1,1,high,runtime,high,high,high,high,high,high,0.9,0,0,1,0,1,0,1,P1
ml-scenario-2462-gitlab-trivy-vuln-2,gitlab-trivy-vuln-2,7.5,high,dependency_vulnerability,GitLab,maven,production,1,1,high,runtime,high,high,high,high,high,high,0.9,0,1,1,1,1,1,1,P1
ml-scenario-2463-github-dependabot-5,github-dependabot-5,0.0,low,dependency_vulnerability,GitHub,maven,production,1,1,high,runtime,high,high,high,high,high,high,0.9,0,0,1,0,0,0,1,P3
ml-scenario-2464-gitlab-trivy-vuln-2,gitlab-trivy-vuln-2,7.0,high,dependency_vulnerability,GitLab,maven,production,1,1,high,runtime,high,high,high,high,high,high,0.9,0,1,1,1,1,1,1,P1
ml-scenario-2465-github-dependabot-5,github-dependabot-5,0.0,low,dependency_vulnerability,GitHub,maven,production,1,1,high,runtime,high,high,high,high,high,high,0.9,0,0,1,0,0,0,1,P3
ml-scenario-2466-github-dependabot-7,github-dependabot-7,0.0,low,dependency_vulnerability,GitHub,maven,production,1,1,high,runtime,high,high,high,high,high,high,0.9,0,0,1,0,0,0,1,P3
ml-scenario-2467-github-dependabot-7,github-dependabot-7,0.0,low,dependency_vulnerability,GitHub,maven,production,1,1,high,runtime,high,high,high,high,high,high,0.9,0,0,1,0,0,0,1,P3
ml-scenario-2468-github-dependabot-2,github-dependabot-2,10.0,critical,dependency_vulnerability,GitHub,maven,production,1,1,high,runtime,high,high,high,high,high,high,0.9,0,1,1,0,0,1,1,P1
ml-scenario-2470-gitlab-trivy-misconfig-1,gitlab-trivy-misconfig-1,0.0,low,misconfiguration,GitLab,,production,0,1,high,build,medium,medium,high,medium,medium,medium,0.9,0,1,0,0,0,0,0,P4
ml-scenario-2471-gitlab-trivy-misconfig-1,gitlab-trivy-misconfig-1,0.0,low,misconfiguration,GitLab,,production,0,1,high,build,medium,medium,high,medium,medium,medium,0.9,0,1,0,0,0,0,0,P4
ml-scenario-2472-github-dependabot-4,github-dependabot-4,4.8,medium,dependency_vulnerability,GitHub,maven,production,1,1,high,runtime,high,high,high,high,high,high,0.9,0,1,1,0,0,1,1,P2
ml-scenario-2473-github-dependabot-7,github-dependabot-7,0.0,low,dependency_vulnerability,GitHub,maven,production,1,1,high,runtime,high,high,high,high,high,high,0.9,0,0,1,0,0,0,1,P3
ml-scenario-2474-gitlab-trivy-vuln-2,gitlab-trivy-vuln-2,7.0,high,dependency_vulnerability,GitLab,maven,production,1,1,high,runtime,high,high,high,high,high,high,0.9,0,1,1,1,1,1,1,P1
ml-scenario-2475-gitlab-trivy-vuln-1,gitlab-trivy-vuln-1,8.4,high,dependency_vulnerability,GitLab,maven,production,1,1,high,runtime,high,high,high,high,high,high,0.9,0,1,1,0,0,1,1,P1
ml-scenario-2476-github-dependabot-3,github-dependabot-3,9.1,critical,dependency_vulnerability,GitHub,maven,production,1,1,high,runtime,high,high,high,high,high,high,0.9,0,0,1,0,1,0,1,P1
ml-scenario-2477-gitlab-trivy-vuln-5,gitlab-trivy-vuln-5,3.8,low,dependency_vulnerability,GitLab,maven,production,1,1,high,runtime,high,high,high,high,high,high,0.9,0,0,1,1,0,0,1,P3
ml-scenario-2478-github-dependabot-1,github-dependabot-1,7.6,high,dependency_vulnerability,GitHub,maven,production,1,1,high,runtime,high,high,high,high,high,high,0.9,0,1,1,0,0,1,1,P1
ml-scenario-2483-gitlab-trivy-misconfig-4,gitlab-trivy-misconfig-4,0.0,low,misconfiguration,GitLab,,production,0,1,high,build,medium,medium,high,medium,medium,medium,0.9,0,0,0,0,1,0,0,P4
ml-scenario-2484-github-dependabot-3,github-dependabot-3,8.5,high,dependency_vulnerability,GitHub,maven,production,1,1,high,runtime,high,high,high,high,high,high,0.9,0,0,1,0,1,0,1,P1
ml-scenario-2485-github-dependabot-2,github-dependabot-2,8.8,high,dependency_vulnerability,GitHub,maven,production,1,1,high,runtime,high,high,high,high,high,high,0.9,0,1,1,0,0,1,1,P1
ml-scenario-2489-gitlab-trivy-vuln-4,gitlab-trivy-vuln-4,4.3,medium,dependency_vulnerability,GitLab,maven,production,1,1,high,runtime,high,high,high,high,high,high,0.9,0,1,0,0,0,1,1,P2
ml-scenario-2490-github-dependabot-2,github-dependabot-2,7.7,high,dependency_vulnerability,GitHub,maven,production,1,1,high,runtime,high,high,high,high,high,high,0.9,0,1,1,0,0,1,1,P1
ml-scenario-2491-gitlab-trivy-vuln-4,gitlab-trivy-vuln-4,6.4,medium,dependency_vulnerability,GitLab,maven,production,1,1,high,runtime,high,high,high,high,high,high,0.9,0,1,0,0,0,1,1,P2
ml-scenario-2492-github-dependabot-7,github-dependabot-7,0.5,low,dependency_vulnerability,GitHub,maven,production,1,1,high,runtime,high,high,high,high,high,high,0.9,0,0,1,0,0,0,1,P3
ml-scenario-2493-github-dependabot-2,github-dependabot-2,8.5,high,dependency_vulnerability,GitHub,maven,production,1,1,high,runtime,high,high,high,high,high,high,0.9,0,1,1,0,0,1,1,P1
ml-scenario-2494-github-dependabot-6,github-dependabot-6,0.0,low,dependency_vulnerability,GitHub,maven,production,1,1,high,runtime,high,high,high,high,high,high,0.9,0,0,1,0,0,0,1,P3
ml-scenario-2495-github-dependabot-6,github-dependabot-6,0.0,low,dependency_vulnerability,GitHub,maven,production,1,1,high,runtime,high,high,high,high,high,high,0.9,0,0,1,0,0,0,1,P3
ml-scenario-2496-github-dependabot-1,github-dependabot-1,9.7,critical,dependency_vulnerability,GitHub,maven,production,1,1,high,runtime,high,high,high,high,high,high,0.9,0,1,1,0,0,1,1,P1
ml-scenario-2498-gitlab-trivy-misconfig-4,gitlab-trivy-misconfig-4,0.0,low,misconfiguration,GitLab,,production,0,1,high,build,medium,medium,high,medium,medium,medium,0.9,0,0,0,0,1,0,0,P4
ml-scenario-2500-gitlab-trivy-misconfig-1,gitlab-trivy-misconfig-1,0.0,low,misconfiguration,GitLab,,production,0,1,high,build,medium,medium,high,medium,medium,medium,0.9,0,1,0,0,0,0,0,P4
ml-scenario-2501-github-dependabot-2,github-dependabot-2,7.6,high,dependency_vulnerability,GitHub,maven,production,1,1,high,runtime,high,high,high,high,high,high,0.9,0,1,1,0,0,1,1,P1
ml-scenario-2505-github-dependabot-7,github-dependabot-7,0.0,low,dependency_vulnerability,GitHub,maven,production,1,1,high,runtime,high,high,high,high,high,high,0.9,0,0,1,0,0,0,1,P3
ml-scenario-2506-gitlab-trivy-vuln-5,gitlab-trivy-vuln-5,4.6,medium,dependency_vulnerability,GitLab,maven,production,1,1,high,runtime,high,high,high,high,high,high,0.9,0,0,1,1,0,0,1,P2
ml-scenario-2508-gitlab-trivy-vuln-1,gitlab-trivy-vuln-1,9.7,critical,dependency_vulnerability,GitLab,maven,production,1,1,high,runtime,high,high,high,high,high,high,0.9,0,1,1,0,0,1,1,P1
ml-scenario-2509-github-dependabot-6,github-dependabot-6,0.6,low,dependency_vulnerability,GitHub,maven,production,1,1,high,runtime,high,high,high,high,high,high,0.9,0,0,1,0,0,0,1,P3
ml-scenario-2510-github-dependabot-2,github-dependabot-2,10.0,critical,dependency_vulnerability,GitHub,maven,production,1,1,high,runtime,high,high,high,high,high,high,0.9,0,1,1,0,0,1,1,P1
ml-scenario-2511-gitlab-trivy-vuln-4,gitlab-trivy-vuln-4,4.9,medium,dependency_vulnerability,GitLab,maven,production,1,1,high,runtime,high,high,high,high,high,high,0.9,0,1,0,0,0,1,1,P2
ml-scenario-2512-gitlab-trivy-vuln-6,gitlab-trivy-vuln-6,6.9,medium,dependency_vulnerability,GitLab,maven,production,1,1,high,runtime,high,high,high,high,high,high,0.9,0,0,1,0,0,0,1,P2
ml-scenario-2513-github-dependabot-3,github-dependabot-3,6.4,medium,dependency_vulnerability,GitHub,maven,production,1,1,high,runtime,high,high,high,high,high,high,0.9,0,0,1,0,1,0,1,P2
ml-scenario-2514-github-dependabot-6,github-dependabot-6,0.0,low,dependency_vulnerability,GitHub,maven,production,1,1,high,runtime,high,high,high,high,high,high,0.9,0,0,1,0,0,0,1,P3
ml-scenario-2515-github-dependabot-4,github-dependabot-4,5.6,medium,dependency_vulnerability,GitHub,maven,production,1,1,high,runtime,high,high,high,high,high,high,0.9,0,1,1,0,0,1,1,P2
ml-scenario-2516-github-dependabot-3,github-dependabot-3,7.6,high,dependency_vulnerability,GitHub,maven,production,1,1,high,runtime,high,high,high,high,high,high,0.9,0,0,1,0,1,0,1,P1
ml-scenario-2517-gitlab-trivy-vuln-5,gitlab-trivy-vuln-5,7.0,high,dependency_vulnerability,GitLab,maven,production,1,1,high,runtime,high,high,high,high,high,high,0.9,0,0,1,1,0,0,1,P1
ml-scenario-2518-gitlab-trivy-vuln-6,gitlab-trivy-vuln-6,5.4,medium,dependency_vulnerability,GitLab,maven,production,1,1,high,runtime,high,high,high,high,high,high,0.9,0,0,1,0,0,0,1,P2
ml-scenario-2519-github-dependabot-3,github-dependabot-3,6.8,medium,dependency_vulnerability,GitHub,maven,production,1,1,high,runtime,high,high,high,high,high,high,0.9,0,0,1,0,1,0,1,P2
ml-scenario-2520-github-dependabot-3,github-dependabot-3,8.1,high,dependency_vulnerability,GitHub,maven,production,1,1,high,runtime,high,high,high,high,high,high,0.9,0,0,1,0,1,0,1,P1
ml-scenario-2522-gitlab-trivy-vuln-5,gitlab-trivy-vuln-5,6.2,medium,dependency_vulnerability,GitLab,maven,production,1,1,high,runtime,high,high,high,high,high,high,0.9,0,0,1,1,0,0,1,P2
ml-scenario-2524-github-dependabot-5,github-dependabot-5,1.0,low,dependency_vulnerability,GitHub,maven,production,1,1,high,runtime,high,high,high,high,high,high,0.9,0,0,1,0,0,0,1,P3
ml-scenario-2525-github-dependabot-3,github-dependabot-3,8.4,high,dependency_vulnerability,GitHub,maven,production,1,1,high,runtime,high,high,high,high,high,high,0.9,0,0,1,0,1,0,1,P1
ml-scenario-2527-gitlab-trivy-misconfig-4,gitlab-trivy-misconfig-4,0.0,low,misconfiguration,GitLab,,production,0,1,high,build,medium,medium,high,medium,medium,medium,0.9,0,0,0,0,1,0,0,P4
ml-scenario-2528-github-dependabot-1,github-dependabot-1,7.1,high,dependency_vulnerability,GitHub,maven,production,1,1,high,runtime,high,high,high,high,high,high,0.9,0,1,1,0,0,1,1,P1
ml-scenario-2529-github-dependabot-3,github-dependabot-3,8.6,high,dependency_vulnerability,GitHub,maven,production,1,1,high,runtime,high,high,high,high,high,high,0.9,0,0,1,0,1,0,1,P1
ml-scenario-2530-gitlab-trivy-vuln-6,gitlab-trivy-vuln-6,6.9,medium,dependency_vulnerability,GitLab,maven,production,1,1,high,runtime,high,high,high,high,high,high,0.9,0,0,1,0,0,0,1,P2
ml-scenario-2531-github-dependabot-5,github-dependabot-5,0.9,low,dependency_vulnerability,GitHub,maven,production,1,1,high,runtime,high,high,high,high,high,high,0.9,0,0,1,0,0,0,1,P3
ml-scenario-2532-gitlab-trivy-vuln-5,gitlab-trivy-vuln-5,5.4,medium,dependency_vulnerability,GitLab,maven,production,1,1,high,runtime,high,high,high,high,high,high,0.9,0,0,1,1,0,0,1,P2
ml-scenario-2533-gitlab-trivy-vuln-4,gitlab-trivy-vuln-4,4.6,medium,dependency_vulnerability,GitLab,maven,production,1,1,high,runtime,high,high,high,high,high,high,0.9,0,1,0,0,0,1,1,P2
ml-scenario-2536-gitlab-trivy-vuln-4,gitlab-trivy-vuln-4,6.2,medium,dependency_vulnerability,GitLab,maven,production,1,1,high,runtime,high,high,high,high,high,high,0.9,0,1,0,0,0,1,1,P2
ml-scenario-2537-github-dependabot-4,github-dependabot-4,6.2,medium,dependency_vulnerability,GitHub,maven,production,1,1,high,runtime,high,high,high,high,high,high,0.9,0,1,1,0,0,1,1,P2
ml-scenario-2538-github-dependabot-4,github-dependabot-4,6.5,medium,dependency_vulnerability,GitHub,maven,production,1,1,high,runtime,high,high,high,high,high,high,0.9,0,1,1,0,0,1,1,P2
ml-scenario-2539-github-dependabot-7,github-dependabot-7,0.0,low,dependency_vulnerability,GitHub,maven,production,1,1,high,runtime,high,high,high,high,high,high,0.9,0,0,1,0,0,0,1,P3
ml-scenario-2542-github-dependabot-7,github-dependabot-7,0.0,low,dependency_vulnerability,GitHub,maven,production,1,1,high,runtime,high,high,high,high,high,high,0.9,0,0,1,0,0,0,1,P3
ml-scenario-2543-github-dependabot-6,github-dependabot-6,0.0,low,dependency_vulnerability,GitHub,maven,production,1,1,high,runtime,high,high,high,high,high,high,0.9,0,0,1,0,0,0,1,P3
ml-scenario-2544-github-dependabot-3,github-dependabot-3,6.7,medium,dependency_vulnerability,GitHub,maven,production,1,1,high,runtime,high,high,high,high,high,high,0.9,0,0,1,0,1,0,1,P2
ml-scenario-2545-github-dependabot-4,github-dependabot-4,4.2,medium,dependency_vulnerability,GitHub,maven,production,1,1,high,runtime,high,high,high,high,high,high,0.9,0,1,1,0,0,1,1,P2
ml-scenario-2546-github-dependabot-2,github-dependabot-2,10.0,critical,dependency_vulnerability,GitHub,maven,production,1,1,high,runtime,high,high,high,high,high,high,0.9,0,1,1,0,0,1,1,P1
ml-scenario-2547-github-dependabot-5,github-dependabot-5,0.0,low,dependency_vulnerability,GitHub,maven,production,1,1,high,runtime,high,high,high,high,high,high,0.9,0,0,1,0,0,0,1,P3
ml-scenario-2549-gitlab-trivy-vuln-2,gitlab-trivy-vuln-2,7.2,high,dependency_vulnerability,GitLab,maven,production,1,1,high,runtime,high,high,high,high,high,high,0.9,0,1,1,1,1,1,1,P1
ml-scenario-2550-gitlab-trivy-misconfig-1,gitlab-trivy-misconfig-1,0.5,low,misconfiguration,GitLab,,production,0,1,high,build,medium,medium,high,medium,medium,medium,0.9,0,1,0,0,0,0,0,P3
ml-scenario-2552-gitlab-trivy-misconfig-1,gitlab-trivy-misconfig-1,0.6,low,misconfiguration,GitLab,,production,0,1,high,build,medium,medium,high,medium,medium,medium,0.9,0,1,0,0,0,0,0,P3
ml-scenario-2553-github-dependabot-5,github-dependabot-5,0.0,low,dependency_vulnerability,GitHub,maven,production,1,1,high,runtime,high,high,high,high,high,high,0.9,0,0,1,0,0,0,1,P3
ml-scenario-2554-gitlab-trivy-vuln-1,gitlab-trivy-vuln-1,9.6,critical,dependency_vulnerability,GitLab,maven,production,1,1,high,runtime,high,high,high,high,high,high,0.9,0,1,1,0,0,1,1,P1
ml-scenario-2555-github-dependabot-6,github-dependabot-6,0.0,low,dependency_vulnerability,GitHub,maven,production,1,1,high,runtime,high,high,high,high,high,high,0.9,0,0,1,0,0,0,1,P3
ml-scenario-2556-github-dependabot-6,github-dependabot-6,0.0,low,dependency_vulnerability,GitHub,maven,production,1,1,high,runtime,high,high,high,high,high,high,0.9,0,0,1,0,0,0,1,P3
ml-scenario-2557-gitlab-trivy-misconfig-4,gitlab-trivy-misconfig-4,0.0,low,misconfiguration,GitLab,,production,0,1,high,build,medium,medium,high,medium,medium,medium,0.9,0,0,0,0,1,0,0,P4
ml-scenario-2558-gitlab-trivy-vuln-1,gitlab-trivy-vuln-1,9.3,critical,dependency_vulnerability,GitLab,maven,production,1,1,high,runtime,high,high,high,high,high,high,0.9,0,1,1,0,0,1,1,P1
ml-scenario-2559-gitlab-trivy-misconfig-1,gitlab-trivy-misconfig-1,0.0,low,misconfiguration,GitLab,,production,0,1,high,build,medium,medium,high,medium,medium,medium,0.9,0,1,0,0,0,0,0,P4
ml-scenario-2560-gitlab-trivy-vuln-1,gitlab-trivy-vuln-1,10.0,critical,dependency_vulnerability,GitLab,maven,production,1,1,high,runtime,high,high,high,high,high,high,0.9,0,1,1,0,0,1,1,P1
ml-scenario-2561-github-dependabot-4,github-dependabot-4,5.9,medium,dependency_vulnerability,GitHub,maven,production,1,1,high,runtime,high,high,high,high,high,high,0.9,0,1,1,0,0,1,1,P2
ml-scenario-2562-github-dependabot-6,github-dependabot-6,0.9,low,dependency_vulnerability,GitHub,maven,production,1,1,high,runtime,high,high,high,high,high,high,0.9,0,0,1,0,0,0,1,P3
ml-scenario-2563-gitlab-trivy-vuln-1,gitlab-trivy-vuln-1,9.5,critical,dependency_vulnerability,GitLab,maven,production,1,1,high,runtime,high,high,high,high,high,high,0.9,0,1,1,0,0,1,1,P1
ml-scenario-2565-gitlab-trivy-vuln-1,gitlab-trivy-vuln-1,8.2,high,dependency_vulnerability,GitLab,maven,production,1,1,high,runtime,high,high,high,high,high,high,0.9,0,1,1,0,0,1,1,P1
ml-scenario-2566-gitlab-trivy-misconfig-1,gitlab-trivy-misconfig-1,0.0,low,misconfiguration,GitLab,,production,0,1,high,build,medium,medium,high,medium,medium,medium,0.9,0,1,0,0,0,0,0,P4
ml-scenario-2567-gitlab-trivy-vuln-5,gitlab-trivy-vuln-5,6.5,medium,dependency_vulnerability,GitLab,maven,production,1,1,high,runtime,high,high,high,high,high,high,0.9,0,0,1,1,0,0,1,P2
ml-scenario-2568-gitlab-trivy-vuln-5,gitlab-trivy-vuln-5,5.4,medium,dependency_vulnerability,GitLab,maven,production,1,1,high,runtime,high,high,high,high,high,high,0.9,0,0,1,1,0,0,1,P2
ml-scenario-2569-github-dependabot-5,github-dependabot-5,0.0,low,dependency_vulnerability,GitHub,maven,production,1,1,high,runtime,high,high,high,high,high,high,0.9,0,0,1,0,0,0,1,P3
ml-scenario-2570-gitlab-trivy-vuln-1,gitlab-trivy-vuln-1,9.9,critical,dependency_vulnerability,GitLab,maven,production,1,1,high,runtime,high,high,high,high,high,high,0.9,0,1,1,0,0,1,1,P1
ml-scenario-2571-github-dependabot-3,github-dependabot-3,7.7,high,dependency_vulnerability,GitHub,maven,production,1,1,high,runtime,high,high,high,high,high,high,0.9,0,0,1,0,1,0,1,P1
ml-scenario-2572-gitlab-trivy-misconfig-1,gitlab-trivy-misconfig-1,0.0,low,misconfiguration,GitLab,,production,0,1,high,build,medium,medium,high,medium,medium,medium,0.9,0,1,0,0,0,0,0,P4
ml-scenario-2574-gitlab-trivy-misconfig-4,gitlab-trivy-misconfig-4,0.0,low,misconfiguration,GitLab,,production,0,1,high,build,medium,medium,high,medium,medium,medium,0.9,0,0,0,0,1,0,0,P4
ml-scenario-2575-github-dependabot-5,github-dependabot-5,0.0,low,dependency_vulnerability,GitHub,maven,production,1,1,high,runtime,high,high,high,high,high,high,0.9,0,0,1,0,0,0,1,P3
ml-scenario-2576-github-dependabot-2,github-dependabot-2,8.1,high,dependency_vulnerability,GitHub,maven,production,1,1,high,runtime,high,high,high,high,high,high,0.9,0,1,1,0,0,1,1,P1
ml-scenario-2578-gitlab-trivy-vuln-2,gitlab-trivy-vuln-2,7.5,high,dependency_vulnerability,GitLab,maven,production,1,1,high,runtime,high,high,high,high,high,high,0.9,0,1,1,1,1,1,1,P1
ml-scenario-2580-github-dependabot-1,github-dependabot-1,6.8,medium,dependency_vulnerability,GitHub,maven,production,1,1,high,runtime,high,high,high,high,high,high,0.9,0,1,1,0,0,1,1,P2
ml-scenario-2581-gitlab-trivy-misconfig-1,gitlab-trivy-misconfig-1,0.0,low,misconfiguration,GitLab,,production,0,1,high,build,medium,medium,high,medium,medium,medium,0.9,0,1,0,0,0,0,0,P4
ml-scenario-2582-gitlab-trivy-vuln-2,gitlab-trivy-vuln-2,8.4,high,dependency_vulnerability,GitLab,maven,production,1,1,high,runtime,high,high,high,high,high,high,0.9,0,1,1,1,1,1,1,P1
ml-scenario-2583-github-dependabot-6,github-dependabot-6,0.0,low,dependency_vulnerability,GitHub,maven,production,1,1,high,runtime,high,high,high,high,high,high,0.9,0,0,1,0,0,0,1,P3
ml-scenario-2586-github-dependabot-6,github-dependabot-6,0.0,low,dependency_vulnerability,GitHub,maven,production,1,1,high,runtime,high,high,high,high,high,high,0.9,0,0,1,0,0,0,1,P3
ml-scenario-2588-github-dependabot-3,github-dependabot-3,6.7,medium,dependency_vulnerability,GitHub,maven,production,1,1,high,runtime,high,high,high,high,high,high,0.9,0,0,1,0,1,0,1,P2
ml-scenario-2589-github-dependabot-3,github-dependabot-3,6.7,medium,dependency_vulnerability,GitHub,maven,production,1,1,high,runtime,high,high,high,high,high,high,0.9,0,0,1,0,1,0,1,P2
ml-scenario-2590-gitlab-trivy-vuln-1,gitlab-trivy-vuln-1,9.0,critical,dependency_vulnerability,GitLab,maven,production,1,1,high,runtime,high,high,high,high,high,high,0.9,0,1,1,0,0,1,1,P1
ml-scenario-2591-gitlab-trivy-vuln-5,gitlab-trivy-vuln-5,6.4,medium,dependency_vulnerability,GitLab,maven,production,1,1,high,runtime,high,high,high,high,high,high,0.9,0,0,1,1,0,0,1,P2
ml-scenario-2592-gitlab-trivy-misconfig-1,gitlab-trivy-misconfig-1,0.0,low,misconfiguration,GitLab,,production,0,1,high,build,medium,medium,high,medium,medium,medium,0.9,0,1,0,0,0,0,0,P4
ml-scenario-2594-github-dependabot-3,github-dependabot-3,9.5,critical,dependency_vulnerability,GitHub,maven,production,1,1,high,runtime,high,high,high,high,high,high,0.9,0,0,1,0,1,0,1,P1
ml-scenario-2595-github-dependabot-2,github-dependabot-2,9.7,critical,dependency_vulnerability,GitHub,maven,production,1,1,high,runtime,high,high,high,high,high,high,0.9,0,1,1,0,0,1,1,P1
ml-scenario-2596-gitlab-trivy-vuln-4,gitlab-trivy-vuln-4,4.1,medium,dependency_vulnerability,GitLab,maven,production,1,1,high,runtime,high,high,high,high,high,high,0.9,0,1,0,0,0,1,1,P2
ml-scenario-2598-gitlab-trivy-misconfig-4,gitlab-trivy-misconfig-4,0.3,low,misconfiguration,GitLab,,production,0,1,high,build,medium,medium,high,medium,medium,medium,0.9,0,0,0,0,1,0,0,P3
ml-scenario-2601-gitlab-trivy-misconfig-1,gitlab-trivy-misconfig-1,0.0,low,misconfiguration,GitLab,,production,0,1,high,build,medium,medium,high,medium,medium,medium,0.9,0,1,0,0,0,0,0,P4
ml-scenario-2602-github-dependabot-2,github-dependabot-2,8.4,high,dependency_vulnerability,GitHub,maven,production,1,1,high,runtime,high,high,high,high,high,high,0.9,0,1,1,0,0,1,1,P1
ml-scenario-2603-gitlab-trivy-misconfig-4,gitlab-trivy-misconfig-4,0.0,low,misconfiguration,GitLab,,production,0,1,high,build,medium,medium,high,medium,medium,medium,0.9,0,0,0,0,1,0,0,P4
ml-scenario-2604-gitlab-trivy-misconfig-4,gitlab-trivy-misconfig-4,0.4,low,misconfiguration,GitLab,,production,0,1,high,build,medium,medium,high,medium,medium,medium,0.9,0,0,0,0,1,0,0,P3
ml-scenario-2606-github-dependabot-3,github-dependabot-3,6.3,medium,dependency_vulnerability,GitHub,maven,production,1,1,high,runtime,high,high,high,high,high,high,0.9,0,0,1,0,1,0,1,P2
ml-scenario-2607-github-dependabot-7,github-dependabot-7,0.0,low,dependency_vulnerability,GitHub,maven,production,1,1,high,runtime,high,high,high,high,high,high,0.9,0,0,1,0,0,0,1,P3
ml-scenario-2608-gitlab-trivy-vuln-1,gitlab-trivy-vuln-1,9.8,critical,dependency_vulnerability,GitLab,maven,production,1,1,high,runtime,high,high,high,high,high,high,0.9,0,1,1,0,0,1,1,P1
ml-scenario-2609-gitlab-trivy-vuln-5,gitlab-trivy-vuln-5,5.0,medium,dependency_vulnerability,GitLab,maven,production,1,1,high,runtime,high,high,high,high,high,high,0.9,0,0,1,1,0,0,1,P2
ml-scenario-2610-gitlab-trivy-vuln-2,gitlab-trivy-vuln-2,6.8,medium,dependency_vulnerability,GitLab,maven,production,1,1,high,runtime,high,high,high,high,high,high,0.9,0,1,1,1,1,1,1,P2
ml-scenario-2611-github-dependabot-5,github-dependabot-5,1.0,low,dependency_vulnerability,GitHub,maven,production,1,1,high,runtime,high,high,high,high,high,high,0.9,0,0,1,0,0,0,1,P3
ml-scenario-2613-gitlab-trivy-misconfig-4,gitlab-trivy-misconfig-4,0.0,low,misconfiguration,GitLab,,production,0,1,high,build,medium,medium,high,medium,medium,medium,0.9,0,0,0,0,1,0,0,P4
ml-scenario-2614-gitlab-trivy-misconfig-1,gitlab-trivy-misconfig-1,0.1,low,misconfiguration,GitLab,,production,0,1,high,build,medium,medium,high,medium,medium,medium,0.9,0,1,0,0,0,0,0,P3
ml-scenario-2615-github-dependabot-7,github-dependabot-7,0.8,low,dependency_vulnerability,GitHub,maven,production,1,1,high,runtime,high,high,high,high,high,high,0.9,0,0,1,0,0,0,1,P3
ml-scenario-2616-gitlab-trivy-vuln-2,gitlab-trivy-vuln-2,9.3,critical,dependency_vulnerability,GitLab,maven,production,1,1,high,runtime,high,high,high,high,high,high,0.9,0,1,1,1,1,1,1,P1
ml-scenario-2617-gitlab-trivy-vuln-6,gitlab-trivy-vuln-6,5.1,medium,dependency_vulnerability,GitLab,maven,production,1,1,high,runtime,high,high,high,high,high,high,0.9,0,0,1,0,0,0,1,P2
ml-scenario-2618-github-dependabot-6,github-dependabot-6,0.4,low,dependency_vulnerability,GitHub,maven,production,1,1,high,runtime,high,high,high,high,high,high,0.9,0,0,1,0,0,0,1,P3
ml-scenario-2619-github-dependabot-5,github-dependabot-5,0.5,low,dependency_vulnerability,GitHub,maven,production,1,1,high,runtime,high,high,high,high,high,high,0.9,0,0,1,0,0,0,1,P3
ml-scenario-2620-gitlab-trivy-vuln-2,gitlab-trivy-vuln-2,7.6,high,dependency_vulnerability,GitLab,maven,production,1,1,high,runtime,high,high,high,high,high,high,0.9,0,1,1,1,1,1,1,P1
ml-scenario-2621-github-dependabot-3,github-dependabot-3,6.5,medium,dependency_vulnerability,GitHub,maven,production,1,1,high,runtime,high,high,high,high,high,high,0.9,0,0,1,0,1,0,1,P2
ml-scenario-2622-gitlab-trivy-vuln-4,gitlab-trivy-vuln-4,5.3,medium,dependency_vulnerability,GitLab,maven,production,1,1,high,runtime,high,high,high,high,high,high,0.9,0,1,0,0,0,1,1,P2
ml-scenario-2623-github-dependabot-5,github-dependabot-5,0.0,low,dependency_vulnerability,GitHub,maven,production,1,1,high,runtime,high,high,high,high,high,high,0.9,0,0,1,0,0,0,1,P3
ml-scenario-2625-github-dependabot-1,github-dependabot-1,8.5,high,dependency_vulnerability,GitHub,maven,production,1,1,high,runtime,high,high,high,high,high,high,0.9,0,1,1,0,0,1,1,P1
ml-scenario-2628-gitlab-trivy-vuln-5,gitlab-trivy-vuln-5,5.3,medium,dependency_vulnerability,GitLab,maven,production,1,1,high,runtime,high,high,high,high,high,high,0.9,0,0,1,1,0,0,1,P2
ml-scenario-2629-gitlab-trivy-vuln-6,gitlab-trivy-vuln-6,4.7,medium,dependency_vulnerability,GitLab,maven,production,1,1,high,runtime,high,high,high,high,high,high,0.9,0,0,1,0,0,0,1,P2
ml-scenario-2630-github-dependabot-7,github-dependabot-7,0.7,low,dependency_vulnerability,GitHub,maven,production,1,1,high,runtime,high,high,high,high,high,high,0.9,0,0,1,0,0,0,1,P3
ml-scenario-2634-github-dependabot-4,github-dependabot-4,6.6,medium,dependency_vulnerability,GitHub,maven,production,1,1,high,runtime,high,high,high,high,high,high,0.9,0,1,1,0,0,1,1,P2
ml-scenario-2636-github-dependabot-2,github-dependabot-2,9.1,critical,dependency_vulnerability,GitHub,maven,production,1,1,high,runtime,high,high,high,high,high,high,0.9,0,1,1,0,0,1,1,P1
ml-scenario-2637-github-dependabot-1,github-dependabot-1,9.1,critical,dependency_vulnerability,GitHub,maven,production,1,1,high,runtime,high,high,high,high,high,high,0.9,0,1,1,0,0,1,1,P1
ml-scenario-2639-github-dependabot-5,github-dependabot-5,0.0,low,dependency_vulnerability,GitHub,maven,production,1,1,high,runtime,high,high,high,high,high,high,0.9,0,0,1,0,0,0,1,P3
ml-scenario-2640-gitlab-trivy-vuln-6,gitlab-trivy-vuln-6,5.0,medium,dependency_vulnerability,GitLab,maven,production,1,1,high,runtime,high,high,high,high,high,high,0.9,0,0,1,0,0,0,1,P2
ml-scenario-2643-gitlab-trivy-vuln-4,gitlab-trivy-vuln-4,6.9,medium,dependency_vulnerability,GitLab,maven,production,1,1,high,runtime,high,high,high,high,high,high,0.9,0,1,0,0,0,1,1,P2
ml-scenario-2644-gitlab-trivy-vuln-5,gitlab-trivy-vuln-5,4.9,medium,dependency_vulnerability,GitLab,maven,production,1,1,high,runtime,high,high,high,high,high,high,0.9,0,0,1,1,0,0,1,P2
ml-scenario-2645-gitlab-trivy-misconfig-4,gitlab-trivy-misconfig-4,0.0,low,misconfiguration,GitLab,,production,0,1,high,build,medium,medium,high,medium,medium,medium,0.9,0,0,0,0,1,0,0,P4
ml-scenario-2646-github-dependabot-2,github-dependabot-2,7.9,high,dependency_vulnerability,GitHub,maven,production,1,1,high,runtime,high,high,high,high,high,high,0.9,0,1,1,0,0,1,1,P1
ml-scenario-2647-gitlab-trivy-vuln-6,gitlab-trivy-vuln-6,5.0,medium,dependency_vulnerability,GitLab,maven,production,1,1,high,runtime,high,high,high,high,high,high,0.9,0,0,1,0,0,0,1,P2
ml-scenario-2648-github-dependabot-2,github-dependabot-2,10.0,critical,dependency_vulnerability,GitHub,maven,production,1,1,high,runtime,high,high,high,high,high,high,0.9,0,1,1,0,0,1,1,P1
ml-scenario-2650-gitlab-trivy-vuln-6,gitlab-trivy-vuln-6,7.0,high,dependency_vulnerability,GitLab,maven,production,1,1,high,runtime,high,high,high,high,high,high,0.9,0,0,1,0,0,0,1,P1
ml-scenario-2652-gitlab-trivy-vuln-1,gitlab-trivy-vuln-1,9.8,critical,dependency_vulnerability,GitLab,maven,production,1,1,high,runtime,high,high,high,high,high,high,0.9,0,1,1,0,0,1,1,P1
ml-scenario-2654-gitlab-trivy-misconfig-1,gitlab-trivy-misconfig-1,0.6,low,misconfiguration,GitLab,,production,0,1,high,build,medium,medium,high,medium,medium,medium,0.9,0,1,0,0,0,0,0,P3
ml-scenario-2655-gitlab-trivy-misconfig-4,gitlab-trivy-misconfig-4,0.6,low,misconfiguration,GitLab,,production,0,1,high,build,medium,medium,high,medium,medium,medium,0.9,0,0,0,0,1,0,0,P3
ml-scenario-2656-gitlab-trivy-misconfig-1,gitlab-trivy-misconfig-1,0.2,low,misconfiguration,GitLab,,production,0,1,high,build,medium,medium,high,medium,medium,medium,0.9,0,1,0,0,0,0,0,P3
ml-scenario-2657-github-dependabot-5,github-dependabot-5,0.7,low,dependency_vulnerability,GitHub,maven,production,1,1,high,runtime,high,high,high,high,high,high,0.9,0,0,1,0,0,0,1,P3
ml-scenario-2658-gitlab-trivy-vuln-1,gitlab-trivy-vuln-1,10.0,critical,dependency_vulnerability,GitLab,maven,production,1,1,high,runtime,high,high,high,high,high,high,0.9,0,1,1,0,0,1,1,P1
ml-scenario-2659-gitlab-trivy-vuln-5,gitlab-trivy-vuln-5,5.8,medium,dependency_vulnerability,GitLab,maven,production,1,1,high,runtime,high,high,high,high,high,high,0.9,0,0,1,1,0,0,1,P2
ml-scenario-2660-gitlab-trivy-vuln-6,gitlab-trivy-vuln-6,5.7,medium,dependency_vulnerability,GitLab,maven,production,1,1,high,runtime,high,high,high,high,high,high,0.9,0,0,1,0,0,0,1,P2
ml-scenario-2661-github-dependabot-2,github-dependabot-2,8.2,high,dependency_vulnerability,GitHub,maven,production,1,1,high,runtime,high,high,high,high,high,high,0.9,0,1,1,0,0,1,1,P1
ml-scenario-2662-gitlab-trivy-vuln-6,gitlab-trivy-vuln-6,6.6,medium,dependency_vulnerability,GitLab,maven,production,1,1,high,runtime,high,high,high,high,high,high,0.9,0,0,1,0,0,0,1,P2
ml-scenario-2663-github-dependabot-7,github-dependabot-7,0.0,low,dependency_vulnerability,GitHub,maven,production,1,1,high,runtime,high,high,high,high,high,high,0.9,0,0,1,0,0,0,1,P3
ml-scenario-2664-github-dependabot-3,github-dependabot-3,7.1,high,dependency_vulnerability,GitHub,maven,production,1,1,high,runtime,high,high,high,high,high,high,0.9,0,0,1,0,1,0,1,P1
ml-scenario-2665-github-dependabot-2,github-dependabot-2,8.7,high,dependency_vulnerability,GitHub,maven,production,1,1,high,runtime,high,high,high,high,high,high,0.9,0,1,1,0,0,1,1,P1
ml-scenario-2666-github-dependabot-6,github-dependabot-6,0.0,low,dependency_vulnerability,GitHub,maven,production,1,1,high,runtime,high,high,high,high,high,high,0.9,0,0,1,0,0,0,1,P3
ml-scenario-2668-github-dependabot-6,github-dependabot-6,0.0,low,dependency_vulnerability,GitHub,maven,production,1,1,high,runtime,high,high,high,high,high,high,0.9,0,0,1,0,0,0,1,P3
ml-scenario-2669-github-dependabot-1,github-dependabot-1,9.5,critical,dependency_vulnerability,GitHub,maven,production,1,1,high,runtime,high,high,high,high,high,high,0.9,0,1,1,0,0,1,1,P1
ml-scenario-2670-gitlab-trivy-vuln-5,gitlab-trivy-vuln-5,6.3,medium,dependency_vulnerability,GitLab,maven,production,1,1,high,runtime,high,high,high,high,high,high,0.9,0,0,1,1,0,0,1,P2
ml-scenario-2671-gitlab-trivy-vuln-6,gitlab-trivy-vuln-6,6.3,medium,dependency_vulnerability,GitLab,maven,production,1,1,high,runtime,high,high,high,high,high,high,0.9,0,0,1,0,0,0,1,P2
ml-scenario-2672-gitlab-trivy-vuln-4,gitlab-trivy-vuln-4,5.5,medium,dependency_vulnerability,GitLab,maven,production,1,1,high,runtime,high,high,high,high,high,high,0.9,0,1,0,0,0,1,1,P2
ml-scenario-2674-github-dependabot-7,github-dependabot-7,0.0,low,dependency_vulnerability,GitHub,maven,production,1,1,high,runtime,high,high,high,high,high,high,0.9,0,0,1,0,0,0,1,P3
ml-scenario-2675-gitlab-trivy-vuln-5,gitlab-trivy-vuln-5,4.6,medium,dependency_vulnerability,GitLab,maven,production,1,1,high,runtime,high,high,high,high,high,high,0.9,0,0,1,1,0,0,1,P2
ml-scenario-2676-gitlab-trivy-vuln-5,gitlab-trivy-vuln-5,4.4,medium,dependency_vulnerability,GitLab,maven,production,1,1,high,runtime,high,high,high,high,high,high,0.9,0,0,1,1,0,0,1,P2
ml-scenario-2677-github-dependabot-7,github-dependabot-7,0.2,low,dependency_vulnerability,GitHub,maven,production,1,1,high,runtime,high,high,high,high,high,high,0.9,0,0,1,0,0,0,1,P3
ml-scenario-2679-gitlab-trivy-misconfig-1,gitlab-trivy-misconfig-1,0.0,low,misconfiguration,GitLab,,production,0,1,high,build,medium,medium,high,medium,medium,medium,0.9,0,1,0,0,0,0,0,P4
ml-scenario-2681-github-dependabot-3,github-dependabot-3,6.8,medium,dependency_vulnerability,GitHub,maven,production,1,1,high,runtime,high,high,high,high,high,high,0.9,0,0,1,0,1,0,1,P2
ml-scenario-2684-gitlab-trivy-vuln-6,gitlab-trivy-vuln-6,4.3,medium,dependency_vulnerability,GitLab,maven,production,1,1,high,runtime,high,high,high,high,high,high,0.9,0,0,1,0,0,0,1,P2
ml-scenario-2685-github-dependabot-1,github-dependabot-1,9.4,critical,dependency_vulnerability,GitHub,maven,production,1,1,high,runtime,high,high,high,high,high,high,0.9,0,1,1,0,0,1,1,P1
ml-scenario-2687-github-dependabot-3,github-dependabot-3,6.8,medium,dependency_vulnerability,GitHub,maven,production,1,1,high,runtime,high,high,high,high,high,high,0.9,0,0,1,0,1,0,1,P2
ml-scenario-2688-gitlab-trivy-vuln-1,gitlab-trivy-vuln-1,9.1,critical,dependency_vulnerability,GitLab,maven,production,1,1,high,runtime,high,high,high,high,high,high,0.9,0,1,1,0,0,1,1,P1
ml-scenario-2690-gitlab-trivy-vuln-5,gitlab-trivy-vuln-5,7.1,high,dependency_vulnerability,GitLab,maven,production,1,1,high,runtime,high,high,high,high,high,high,0.9,0,0,1,1,0,0,1,P1
ml-scenario-2691-gitlab-trivy-vuln-2,gitlab-trivy-vuln-2,7.8,high,dependency_vulnerability,GitLab,maven,production,1,1,high,runtime,high,high,high,high,high,high,0.9,0,1,1,1,1,1,1,P1
ml-scenario-2692-gitlab-trivy-vuln-1,gitlab-trivy-vuln-1,7.9,high,dependency_vulnerability,GitLab,maven,production,1,1,high,runtime,high,high,high,high,high,high,0.9,0,1,1,0,0,1,1,P1
ml-scenario-2693-gitlab-trivy-vuln-5,gitlab-trivy-vuln-5,3.9,low,dependency_vulnerability,GitLab,maven,production,1,1,high,runtime,high,high,high,high,high,high,0.9,0,0,1,1,0,0,1,P3
ml-scenario-2694-gitlab-trivy-vuln-5,gitlab-trivy-vuln-5,6.0,medium,dependency_vulnerability,GitLab,maven,production,1,1,high,runtime,high,high,high,high,high,high,0.9,0,0,1,1,0,0,1,P2
ml-scenario-2697-gitlab-trivy-misconfig-4,gitlab-trivy-misconfig-4,0.0,low,misconfiguration,GitLab,,production,0,1,high,build,medium,medium,high,medium,medium,medium,0.9,0,0,0,0,1,0,0,P4
ml-scenario-2698-gitlab-trivy-misconfig-1,gitlab-trivy-misconfig-1,0.0,low,misconfiguration,GitLab,,production,0,1,high,build,medium,medium,high,medium,medium,medium,0.9,0,1,0,0,0,0,0,P4
ml-scenario-2699-gitlab-trivy-vuln-4,gitlab-trivy-vuln-4,4.6,medium,dependency_vulnerability,GitLab,maven,production,1,1,high,runtime,high,high,high,high,high,high,0.9,0,1,0,0,0,1,1,P2
ml-scenario-2700-gitlab-trivy-vuln-4,gitlab-trivy-vuln-4,4.5,medium,dependency_vulnerability,GitLab,maven,production,1,1,high,runtime,high,high,high,high,high,high,0.9,0,1,0,0,0,1,1,P2
ml-scenario-2701-gitlab-trivy-misconfig-4,gitlab-trivy-misconfig-4,0.0,low,misconfiguration,GitLab,,production,0,1,high,build,medium,medium,high,medium,medium,medium,0.9,0,0,0,0,1,0,0,P4
ml-scenario-2703-gitlab-trivy-misconfig-4,gitlab-trivy-misconfig-4,0.0,low,misconfiguration,GitLab,,production,0,1,high,build,medium,medium,high,medium,medium,medium,0.9,0,0,0,0,1,0,0,P4
ml-scenario-2704-github-dependabot-3,github-dependabot-3,9.4,critical,dependency_vulnerability,GitHub,maven,production,1,1,high,runtime,high,high,high,high,high,high,0.9,0,0,1,0,1,0,1,P1
ml-scenario-2705-gitlab-trivy-vuln-5,gitlab-trivy-vuln-5,5.8,medium,dependency_vulnerability,GitLab,maven,production,1,1,high,runtime,high,high,high,high,high,high,0.9,0,0,1,1,0,0,1,P2
ml-scenario-2707-gitlab-trivy-vuln-6,gitlab-trivy-vuln-6,5.7,medium,dependency_vulnerability,GitLab,maven,production,1,1,high,runtime,high,high,high,high,high,high,0.9,0,0,1,0,0,0,1,P2
ml-scenario-2708-gitlab-trivy-vuln-1,gitlab-trivy-vuln-1,8.0,high,dependency_vulnerability,GitLab,maven,production,1,1,high,runtime,high,high,high,high,high,high,0.9,0,1,1,0,0,1,1,P1
ml-scenario-2710-gitlab-trivy-vuln-1,gitlab-trivy-vuln-1,7.9,high,dependency_vulnerability,GitLab,maven,production,1,1,high,runtime,high,high,high,high,high,high,0.9,0,1,1,0,0,1,1,P1
ml-scenario-2711-gitlab-trivy-vuln-1,gitlab-trivy-vuln-1,7.8,high,dependency_vulnerability,GitLab,maven,production,1,1,high,runtime,high,high,high,high,high,high,0.9,0,1,1,0,0,1,1,P1
ml-scenario-2712-github-dependabot-6,github-dependabot-6,0.0,low,dependency_vulnerability,GitHub,maven,production,1,1,high,runtime,high,high,high,high,high,high,0.9,0,0,1,0,0,0,1,P3
ml-scenario-2713-gitlab-trivy-misconfig-1,gitlab-trivy-misconfig-1,0.0,low,misconfiguration,GitLab,,production,0,1,high,build,medium,medium,high,medium,medium,medium,0.9,0,1,0,0,0,0,0,P4
ml-scenario-2714-gitlab-trivy-vuln-5,gitlab-trivy-vuln-5,5.0,medium,dependency_vulnerability,GitLab,maven,production,1,1,high,runtime,high,high,high,high,high,high,0.9,0,0,1,1,0,0,1,P2
ml-scenario-2716-gitlab-trivy-misconfig-4,gitlab-trivy-misconfig-4,0.0,low,misconfiguration,GitLab,,production,0,1,high,build,medium,medium,high,medium,medium,medium,0.9,0,0,0,0,1,0,0,P4
ml-scenario-2717-gitlab-trivy-misconfig-1,gitlab-trivy-misconfig-1,0.0,low,misconfiguration,GitLab,,production,0,1,high,build,medium,medium,high,medium,medium,medium,0.9,0,1,0,0,0,0,0,P4
ml-scenario-2718-gitlab-trivy-vuln-2,gitlab-trivy-vuln-2,9.4,critical,dependency_vulnerability,GitLab,maven,production,1,1,high,runtime,high,high,high,high,high,high,0.9,0,1,1,1,1,1,1,P1
ml-scenario-2719-gitlab-trivy-misconfig-1,gitlab-trivy-misconfig-1,0.0,low,misconfiguration,GitLab,,production,0,1,high,build,medium,medium,high,medium,medium,medium,0.9,0,1,0,0,0,0,0,P4
ml-scenario-2720-gitlab-trivy-vuln-5,gitlab-trivy-vuln-5,6.2,medium,dependency_vulnerability,GitLab,maven,production,1,1,high,runtime,high,high,high,high,high,high,0.9,0,0,1,1,0,0,1,P2
ml-scenario-2721-gitlab-trivy-misconfig-1,gitlab-trivy-misconfig-1,0.0,low,misconfiguration,GitLab,,production,0,1,high,build,medium,medium,high,medium,medium,medium,0.9,0,1,0,0,0,0,0,P4
ml-scenario-2722-github-dependabot-4,github-dependabot-4,4.6,medium,dependency_vulnerability,GitHub,maven,production,1,1,high,runtime,high,high,high,high,high,high,0.9,0,1,1,0,0,1,1,P2
ml-scenario-2723-gitlab-trivy-vuln-4,gitlab-trivy-vuln-4,7.3,high,dependency_vulnerability,GitLab,maven,production,1,1,high,runtime,high,high,high,high,high,high,0.9,0,1,0,0,0,1,1,P1
ml-scenario-2724-github-dependabot-6,github-dependabot-6,0.0,low,dependency_vulnerability,GitHub,maven,production,1,1,high,runtime,high,high,high,high,high,high,0.9,0,0,1,0,0,0,1,P3
ml-scenario-2725-gitlab-trivy-vuln-6,gitlab-trivy-vuln-6,6.6,medium,dependency_vulnerability,GitLab,maven,production,1,1,high,runtime,high,high,high,high,high,high,0.9,0,0,1,0,0,0,1,P2
ml-scenario-2726-gitlab-trivy-vuln-6,gitlab-trivy-vuln-6,5.4,medium,dependency_vulnerability,GitLab,maven,production,1,1,high,runtime,high,high,high,high,high,high,0.9,0,0,1,0,0,0,1,P2
ml-scenario-2727-github-dependabot-2,github-dependabot-2,7.7,high,dependency_vulnerability,GitHub,maven,production,1,1,high,runtime,high,high,high,high,high,high,0.9,0,1,1,0,0,1,1,P1
ml-scenario-2728-github-dependabot-1,github-dependabot-1,7.7,high,dependency_vulnerability,GitHub,maven,production,1,1,high,runtime,high,high,high,high,high,high,0.9,0,1,1,0,0,1,1,P1
ml-scenario-2729-gitlab-trivy-misconfig-1,gitlab-trivy-misconfig-1,0.5,low,misconfiguration,GitLab,,production,0,1,high,build,medium,medium,high,medium,medium,medium,0.9,0,1,0,0,0,0,0,P3
ml-scenario-2730-gitlab-trivy-vuln-5,gitlab-trivy-vuln-5,6.5,medium,dependency_vulnerability,GitLab,maven,production,1,1,high,runtime,high,high,high,high,high,high,0.9,0,0,1,1,0,0,1,P2
ml-scenario-2731-github-dependabot-3,github-dependabot-3,7.9,high,dependency_vulnerability,GitHub,maven,production,1,1,high,runtime,high,high,high,high,high,high,0.9,0,0,1,0,1,0,1,P1
ml-scenario-2732-github-dependabot-6,github-dependabot-6,0.4,low,dependency_vulnerability,GitHub,maven,production,1,1,high,runtime,high,high,high,high,high,high,0.9,0,0,1,0,0,0,1,P3
ml-scenario-2733-github-dependabot-1,github-dependabot-1,7.6,high,dependency_vulnerability,GitHub,maven,production,1,1,high,runtime,high,high,high,high,high,high,0.9,0,1,1,0,0,1,1,P1
ml-scenario-2734-gitlab-trivy-vuln-2,gitlab-trivy-vuln-2,9.4,critical,dependency_vulnerability,GitLab,maven,production,1,1,high,runtime,high,high,high,high,high,high,0.9,0,1,1,1,1,1,1,P1
ml-scenario-2735-gitlab-trivy-misconfig-4,gitlab-trivy-misconfig-4,0.0,low,misconfiguration,GitLab,,production,0,1,high,build,medium,medium,high,medium,medium,medium,0.9,0,0,0,0,1,0,0,P4
ml-scenario-2736-github-dependabot-5,github-dependabot-5,0.0,low,dependency_vulnerability,GitHub,maven,production,1,1,high,runtime,high,high,high,high,high,high,0.9,0,0,1,0,0,0,1,P3
ml-scenario-2737-github-dependabot-4,github-dependabot-4,6.0,medium,dependency_vulnerability,GitHub,maven,production,1,1,high,runtime,high,high,high,high,high,high,0.9,0,1,1,0,0,1,1,P2
ml-scenario-2739-gitlab-trivy-vuln-6,gitlab-trivy-vuln-6,4.5,medium,dependency_vulnerability,GitLab,maven,production,1,1,high,runtime,high,high,high,high,high,high,0.9,0,0,1,0,0,0,1,P2
ml-scenario-2740-github-dependabot-5,github-dependabot-5,0.2,low,dependency_vulnerability,GitHub,maven,production,1,1,high,runtime,high,high,high,high,high,high,0.9,0,0,1,0,0,0,1,P3
ml-scenario-2741-github-dependabot-5,github-dependabot-5,0.0,low,dependency_vulnerability,GitHub,maven,production,1,1,high,runtime,high,high,high,high,high,high,0.9,0,0,1,0,0,0,1,P3
ml-scenario-2742-gitlab-trivy-vuln-6,gitlab-trivy-vuln-6,5.7,medium,dependency_vulnerability,GitLab,maven,production,1,1,high,runtime,high,high,high,high,high,high,0.9,0,0,1,0,0,0,1,P2
ml-scenario-2743-github-dependabot-4,github-dependabot-4,4.7,medium,dependency_vulnerability,GitHub,maven,production,1,1,high,runtime,high,high,high,high,high,high,0.9,0,1,1,0,0,1,1,P2
ml-scenario-2744-gitlab-trivy-vuln-2,gitlab-trivy-vuln-2,9.2,critical,dependency_vulnerability,GitLab,maven,production,1,1,high,runtime,high,high,high,high,high,high,0.9,0,1,1,1,1,1,1,P1
ml-scenario-2746-gitlab-trivy-misconfig-1,gitlab-trivy-misconfig-1,0.0,low,misconfiguration,GitLab,,production,0,1,high,build,medium,medium,high,medium,medium,medium,0.9,0,1,0,0,0,0,0,P4
ml-scenario-2747-github-dependabot-1,github-dependabot-1,9.4,critical,dependency_vulnerability,GitHub,maven,production,1,1,high,runtime,high,high,high,high,high,high,0.9,0,1,1,0,0,1,1,P1
ml-scenario-2749-github-dependabot-6,github-dependabot-6,0.0,low,dependency_vulnerability,GitHub,maven,production,1,1,high,runtime,high,high,high,high,high,high,0.9,0,0,1,0,0,0,1,P3
ml-scenario-2750-github-dependabot-1,github-dependabot-1,8.9,high,dependency_vulnerability,GitHub,maven,production,1,1,high,runtime,high,high,high,high,high,high,0.9,0,1,1,0,0,1,1,P1
ml-scenario-2751-github-dependabot-6,github-dependabot-6,0.0,low,dependency_vulnerability,GitHub,maven,production,1,1,high,runtime,high,high,high,high,high,high,0.9,0,0,1,0,0,0,1,P3
ml-scenario-2752-gitlab-trivy-vuln-1,gitlab-trivy-vuln-1,7.8,high,dependency_vulnerability,GitLab,maven,production,1,1,high,runtime,high,high,high,high,high,high,0.9,0,1,1,0,0,1,1,P1
ml-scenario-2753-github-dependabot-3,github-dependabot-3,9.2,critical,dependency_vulnerability,GitHub,maven,production,1,1,high,runtime,high,high,high,high,high,high,0.9,0,0,1,0,1,0,1,P1
ml-scenario-2754-github-dependabot-2,github-dependabot-2,10.0,critical,dependency_vulnerability,GitHub,maven,production,1,1,high,runtime,high,high,high,high,high,high,0.9,0,1,1,0,0,1,1,P1
ml-scenario-2755-github-dependabot-3,github-dependabot-3,7.7,high,dependency_vulnerability,GitHub,maven,production,1,1,high,runtime,high,high,high,high,high,high,0.9,0,0,1,0,1,0,1,P1
ml-scenario-2756-gitlab-trivy-vuln-5,gitlab-trivy-vuln-5,5.2,medium,dependency_vulnerability,GitLab,maven,production,1,1,high,runtime,high,high,high,high,high,high,0.9,0,0,1,1,0,0,1,P2
ml-scenario-2757-gitlab-trivy-misconfig-1,gitlab-trivy-misconfig-1,0.0,low,misconfiguration,GitLab,,production,0,1,high,build,medium,medium,high,medium,medium,medium,0.9,0,1,0,0,0,0,0,P4
ml-scenario-2758-gitlab-trivy-vuln-6,gitlab-trivy-vuln-6,4.8,medium,dependency_vulnerability,GitLab,maven,production,1,1,high,runtime,high,high,high,high,high,high,0.9,0,0,1,0,0,0,1,P2
ml-scenario-2759-gitlab-trivy-vuln-5,gitlab-trivy-vuln-5,7.0,high,dependency_vulnerability,GitLab,maven,production,1,1,high,runtime,high,high,high,high,high,high,0.9,0,0,1,1,0,0,1,P1
ml-scenario-2760-github-dependabot-5,github-dependabot-5,0.0,low,dependency_vulnerability,GitHub,maven,production,1,1,high,runtime,high,high,high,high,high,high,0.9,0,0,1,0,0,0,1,P3
ml-scenario-2761-github-dependabot-7,github-dependabot-7,1.0,low,dependency_vulnerability,GitHub,maven,production,1,1,high,runtime,high,high,high,high,high,high,0.9,0,0,1,0,0,0,1,P3
ml-scenario-2762-github-dependabot-2,github-dependabot-2,9.6,critical,dependency_vulnerability,GitHub,maven,production,1,1,high,runtime,high,high,high,high,high,high,0.9,0,1,1,0,0,1,1,P1
ml-scenario-2764-github-dependabot-3,github-dependabot-3,9.1,critical,dependency_vulnerability,GitHub,maven,production,1,1,high,runtime,high,high,high,high,high,high,0.9,0,0,1,0,1,0,1,P1
ml-scenario-2765-gitlab-trivy-vuln-1,gitlab-trivy-vuln-1,8.8,high,dependency_vulnerability,GitLab,maven,production,1,1,high,runtime,high,high,high,high,high,high,0.9,0,1,1,0,0,1,1,P1
ml-scenario-2766-gitlab-trivy-misconfig-4,gitlab-trivy-misconfig-4,0.9,low,misconfiguration,GitLab,,production,0,1,high,build,medium,medium,high,medium,medium,medium,0.9,0,0,0,0,1,0,0,P3
ml-scenario-2767-github-dependabot-2,github-dependabot-2,10.0,critical,dependency_vulnerability,GitHub,maven,production,1,1,high,runtime,high,high,high,high,high,high,0.9,0,1,1,0,0,1,1,P1
ml-scenario-2768-github-dependabot-7,github-dependabot-7,0.0,low,dependency_vulnerability,GitHub,maven,production,1,1,high,runtime,high,high,high,high,high,high,0.9,0,0,1,0,0,0,1,P3
ml-scenario-2769-gitlab-trivy-vuln-5,gitlab-trivy-vuln-5,6.8,medium,dependency_vulnerability,GitLab,maven,production,1,1,high,runtime,high,high,high,high,high,high,0.9,0,0,1,1,0,0,1,P2
ml-scenario-2770-github-dependabot-4,github-dependabot-4,5.6,medium,dependency_vulnerability,GitHub,maven,production,1,1,high,runtime,high,high,high,high,high,high,0.9,0,1,1,0,0,1,1,P2
ml-scenario-2771-github-dependabot-6,github-dependabot-6,0.0,low,dependency_vulnerability,GitHub,maven,production,1,1,high,runtime,high,high,high,high,high,high,0.9,0,0,1,0,0,0,1,P3
ml-scenario-2772-github-dependabot-6,github-dependabot-6,0.0,low,dependency_vulnerability,GitHub,maven,production,1,1,high,runtime,high,high,high,high,high,high,0.9,0,0,1,0,0,0,1,P3
ml-scenario-2773-github-dependabot-5,github-dependabot-5,0.0,low,dependency_vulnerability,GitHub,maven,production,1,1,high,runtime,high,high,high,high,high,high,0.9,0,0,1,0,0,0,1,P3
ml-scenario-2776-github-dependabot-7,github-dependabot-7,0.4,low,dependency_vulnerability,GitHub,maven,production,1,1,high,runtime,high,high,high,high,high,high,0.9,0,0,1,0,0,0,1,P3
ml-scenario-2777-github-dependabot-3,github-dependabot-3,7.1,high,dependency_vulnerability,GitHub,maven,production,1,1,high,runtime,high,high,high,high,high,high,0.9,0,0,1,0,1,0,1,P1
ml-scenario-2778-github-dependabot-3,github-dependabot-3,6.6,medium,dependency_vulnerability,GitHub,maven,production,1,1,high,runtime,high,high,high,high,high,high,0.9,0,0,1,0,1,0,1,P2
ml-scenario-2779-gitlab-trivy-vuln-2,gitlab-trivy-vuln-2,8.9,high,dependency_vulnerability,GitLab,maven,production,1,1,high,runtime,high,high,high,high,high,high,0.9,0,1,1,1,1,1,1,P1
ml-scenario-2780-github-dependabot-3,github-dependabot-3,8.6,high,dependency_vulnerability,GitHub,maven,production,1,1,high,runtime,high,high,high,high,high,high,0.9,0,0,1,0,1,0,1,P1
ml-scenario-2782-github-dependabot-3,github-dependabot-3,6.4,medium,dependency_vulnerability,GitHub,maven,production,1,1,high,runtime,high,high,high,high,high,high,0.9,0,0,1,0,1,0,1,P2
ml-scenario-2783-github-dependabot-5,github-dependabot-5,0.5,low,dependency_vulnerability,GitHub,maven,production,1,1,high,runtime,high,high,high,high,high,high,0.9,0,0,1,0,0,0,1,P3
ml-scenario-2784-github-dependabot-5,github-dependabot-5,0.0,low,dependency_vulnerability,GitHub,maven,production,1,1,high,runtime,high,high,high,high,high,high,0.9,0,0,1,0,0,0,1,P3
ml-scenario-2785-gitlab-trivy-misconfig-1,gitlab-trivy-misconfig-1,0.0,low,misconfiguration,GitLab,,production,0,1,high,build,medium,medium,high,medium,medium,medium,0.9,0,1,0,0,0,0,0,P4
ml-scenario-2786-gitlab-trivy-misconfig-4,gitlab-trivy-misconfig-4,0.4,low,misconfiguration,GitLab,,production,0,1,high,build,medium,medium,high,medium,medium,medium,0.9,0,0,0,0,1,0,0,P3
ml-scenario-2787-github-dependabot-6,github-dependabot-6,0.0,low,dependency_vulnerability,GitHub,maven,production,1,1,high,runtime,high,high,high,high,high,high,0.9,0,0,1,0,0,0,1,P3
ml-scenario-2789-github-dependabot-2,github-dependabot-2,9.5,critical,dependency_vulnerability,GitHub,maven,production,1,1,high,runtime,high,high,high,high,high,high,0.9,0,1,1,0,0,1,1,P1
ml-scenario-2790-github-dependabot-4,github-dependabot-4,6.6,medium,dependency_vulnerability,GitHub,maven,production,1,1,high,runtime,high,high,high,high,high,high,0.9,0,1,1,0,0,1,1,P2
ml-scenario-2791-gitlab-trivy-vuln-4,gitlab-trivy-vuln-4,5.5,medium,dependency_vulnerability,GitLab,maven,production,1,1,high,runtime,high,high,high,high,high,high,0.9,0,1,0,0,0,1,1,P2
ml-scenario-2792-gitlab-trivy-misconfig-4,gitlab-trivy-misconfig-4,0.0,low,misconfiguration,GitLab,,production,0,1,high,build,medium,medium,high,medium,medium,medium,0.9,0,0,0,0,1,0,0,P4
ml-scenario-2793-gitlab-trivy-vuln-1,gitlab-trivy-vuln-1,10.0,critical,dependency_vulnerability,GitLab,maven,production,1,1,high,runtime,high,high,high,high,high,high,0.9,0,1,1,0,0,1,1,P1
ml-scenario-2795-github-dependabot-1,github-dependabot-1,8.5,high,dependency_vulnerability,GitHub,maven,production,1,1,high,runtime,high,high,high,high,high,high,0.9,0,1,1,0,0,1,1,P1
ml-scenario-2796-gitlab-trivy-vuln-2,gitlab-trivy-vuln-2,7.1,high,dependency_vulnerability,GitLab,maven,production,1,1,high,runtime,high,high,high,high,high,high,0.9,0,1,1,1,1,1,1,P1
ml-scenario-2798-gitlab-trivy-vuln-4,gitlab-trivy-vuln-4,5.7,medium,dependency_vulnerability,GitLab,maven,production,1,1,high,runtime,high,high,high,high,high,high,0.9,0,1,0,0,0,1,1,P2
ml-scenario-2799-gitlab-trivy-vuln-2,gitlab-trivy-vuln-2,8.4,high,dependency_vulnerability,GitLab,maven,production,1,1,high,runtime,high,high,high,high,high,high,0.9,0,1,1,1,1,1,1,P1
ml-scenario-2800-gitlab-trivy-vuln-2,gitlab-trivy-vuln-2,7.5,high,dependency_vulnerability,GitLab,maven,production,1,1,high,runtime,high,high,high,high,high,high,0.9,0,1,1,1,1,1,1,P1
ml-scenario-2801-gitlab-trivy-vuln-2,gitlab-trivy-vuln-2,9.0,critical,dependency_vulnerability,GitLab,maven,production,1,1,high,runtime,high,high,high,high,high,high,0.9,0,1,1,1,1,1,1,P1
ml-scenario-2802-gitlab-trivy-misconfig-4,gitlab-trivy-misconfig-4,0.3,low,misconfiguration,GitLab,,production,0,1,high,build,medium,medium,high,medium,medium,medium,0.9,0,0,0,0,1,0,0,P3
ml-scenario-2803-gitlab-trivy-vuln-5,gitlab-trivy-vuln-5,5.9,medium,dependency_vulnerability,GitLab,maven,production,1,1,high,runtime,high,high,high,high,high,high,0.9,0,0,1,1,0,0,1,P2
ml-scenario-2804-gitlab-trivy-vuln-6,gitlab-trivy-vuln-6,5.7,medium,dependency_vulnerability,GitLab,maven,production,1,1,high,runtime,high,high,high,high,high,high,0.9,0,0,1,0,0,0,1,P2
ml-scenario-2805-github-dependabot-2,github-dependabot-2,9.1,critical,dependency_vulnerability,GitHub,maven,production,1,1,high,runtime,high,high,high,high,high,high,0.9,0,1,1,0,0,1,1,P1
ml-scenario-2807-gitlab-trivy-vuln-6,gitlab-trivy-vuln-6,5.3,medium,dependency_vulnerability,GitLab,maven,production,1,1,high,runtime,high,high,high,high,high,high,0.9,0,0,1,0,0,0,1,P2
ml-scenario-2808-gitlab-trivy-vuln-5,gitlab-trivy-vuln-5,4.8,medium,dependency_vulnerability,GitLab,maven,production,1,1,high,runtime,high,high,high,high,high,high,0.9,0,0,1,1,0,0,1,P2
ml-scenario-2809-gitlab-trivy-vuln-1,gitlab-trivy-vuln-1,9.9,critical,dependency_vulnerability,GitLab,maven,production,1,1,high,runtime,high,high,high,high,high,high,0.9,0,1,1,0,0,1,1,P1
ml-scenario-2810-gitlab-trivy-vuln-5,gitlab-trivy-vuln-5,6.3,medium,dependency_vulnerability,GitLab,maven,production,1,1,high,runtime,high,high,high,high,high,high,0.9,0,0,1,1,0,0,1,P2
ml-scenario-2811-gitlab-trivy-vuln-4,gitlab-trivy-vuln-4,4.3,medium,dependency_vulnerability,GitLab,maven,production,1,1,high,runtime,high,high,high,high,high,high,0.9,0,1,0,0,0,1,1,P2
ml-scenario-2813-gitlab-trivy-vuln-1,gitlab-trivy-vuln-1,9.8,critical,dependency_vulnerability,GitLab,maven,production,1,1,high,runtime,high,high,high,high,high,high,0.9,0,1,1,0,0,1,1,P1
ml-scenario-2814-gitlab-trivy-vuln-5,gitlab-trivy-vuln-5,6.6,medium,dependency_vulnerability,GitLab,maven,production,1,1,high,runtime,high,high,high,high,high,high,0.9,0,0,1,1,0,0,1,P2
ml-scenario-2815-github-dependabot-2,github-dependabot-2,8.5,high,dependency_vulnerability,GitHub,maven,production,1,1,high,runtime,high,high,high,high,high,high,0.9,0,1,1,0,0,1,1,P1
ml-scenario-2816-gitlab-trivy-vuln-2,gitlab-trivy-vuln-2,7.0,high,dependency_vulnerability,GitLab,maven,production,1,1,high,runtime,high,high,high,high,high,high,0.9,0,1,1,1,1,1,1,P1
ml-scenario-2817-gitlab-trivy-vuln-2,gitlab-trivy-vuln-2,9.6,critical,dependency_vulnerability,GitLab,maven,production,1,1,high,runtime,high,high,high,high,high,high,0.9,0,1,1,1,1,1,1,P1
ml-scenario-2818-gitlab-trivy-vuln-4,gitlab-trivy-vuln-4,5.0,medium,dependency_vulnerability,GitLab,maven,production,1,1,high,runtime,high,high,high,high,high,high,0.9,0,1,0,0,0,1,1,P2
ml-scenario-2819-gitlab-trivy-vuln-4,gitlab-trivy-vuln-4,5.1,medium,dependency_vulnerability,GitLab,maven,production,1,1,high,runtime,high,high,high,high,high,high,0.9,0,1,0,0,0,1,1,P2
ml-scenario-2820-gitlab-trivy-vuln-4,gitlab-trivy-vuln-4,4.1,medium,dependency_vulnerability,GitLab,maven,production,1,1,high,runtime,high,high,high,high,high,high,0.9,0,1,0,0,0,1,1,P2
ml-scenario-2821-github-dependabot-1,github-dependabot-1,8.6,high,dependency_vulnerability,GitHub,maven,production,1,1,high,runtime,high,high,high,high,high,high,0.9,0,1,1,0,0,1,1,P1
ml-scenario-2822-github-dependabot-3,github-dependabot-3,8.4,high,dependency_vulnerability,GitHub,maven,production,1,1,high,runtime,high,high,high,high,high,high,0.9,0,0,1,0,1,0,1,P1
ml-scenario-2823-github-dependabot-7,github-dependabot-7,0.3,low,dependency_vulnerability,GitHub,maven,production,1,1,high,runtime,high,high,high,high,high,high,0.9,0,0,1,0,0,0,1,P3
ml-scenario-2824-gitlab-trivy-vuln-4,gitlab-trivy-vuln-4,6.8,medium,dependency_vulnerability,GitLab,maven,production,1,1,high,runtime,high,high,high,high,high,high,0.9,0,1,0,0,0,1,1,P2
ml-scenario-2825-github-dependabot-4,github-dependabot-4,5.8,medium,dependency_vulnerability,GitHub,maven,production,1,1,high,runtime,high,high,high,high,high,high,0.9,0,1,1,0,0,1,1,P2
ml-scenario-2827-gitlab-trivy-vuln-6,gitlab-trivy-vuln-6,7.2,high,dependency_vulnerability,GitLab,maven,production,1,1,high,runtime,high,high,high,high,high,high,0.9,0,0,1,0,0,0,1,P1
ml-scenario-2828-github-dependabot-3,github-dependabot-3,8.2,high,dependency_vulnerability,GitHub,maven,production,1,1,high,runtime,high,high,high,high,high,high,0.9,0,0,1,0,1,0,1,P1
ml-scenario-2829-github-dependabot-3,github-dependabot-3,9.0,critical,dependency_vulnerability,GitHub,maven,production,1,1,high,runtime,high,high,high,high,high,high,0.9,0,0,1,0,1,0,1,P1
ml-scenario-2830-github-dependabot-5,github-dependabot-5,0.2,low,dependency_vulnerability,GitHub,maven,production,1,1,high,runtime,high,high,high,high,high,high,0.9,0,0,1,0,0,0,1,P3
ml-scenario-2831-github-dependabot-4,github-dependabot-4,6.4,medium,dependency_vulnerability,GitHub,maven,production,1,1,high,runtime,high,high,high,high,high,high,0.9,0,1,1,0,0,1,1,P2
ml-scenario-2833-github-dependabot-7,github-dependabot-7,0.0,low,dependency_vulnerability,GitHub,maven,production,1,1,high,runtime,high,high,high,high,high,high,0.9,0,0,1,0,0,0,1,P3
ml-scenario-2834-gitlab-trivy-vuln-4,gitlab-trivy-vuln-4,6.7,medium,dependency_vulnerability,GitLab,maven,production,1,1,high,runtime,high,high,high,high,high,high,0.9,0,1,0,0,0,1,1,P2
ml-scenario-2835-github-dependabot-1,github-dependabot-1,6.7,medium,dependency_vulnerability,GitHub,maven,production,1,1,high,runtime,high,high,high,high,high,high,0.9,0,1,1,0,0,1,1,P2
ml-scenario-2836-gitlab-trivy-misconfig-1,gitlab-trivy-misconfig-1,0.0,low,misconfiguration,GitLab,,production,0,1,high,build,medium,medium,high,medium,medium,medium,0.9,0,1,0,0,0,0,0,P4
ml-scenario-2837-gitlab-trivy-vuln-5,gitlab-trivy-vuln-5,5.5,medium,dependency_vulnerability,GitLab,maven,production,1,1,high,runtime,high,high,high,high,high,high,0.9,0,0,1,1,0,0,1,P2
ml-scenario-2838-gitlab-trivy-misconfig-4,gitlab-trivy-misconfig-4,0.0,low,misconfiguration,GitLab,,production,0,1,high,build,medium,medium,high,medium,medium,medium,0.9,0,0,0,0,1,0,0,P4
ml-scenario-2839-github-dependabot-6,github-dependabot-6,0.0,low,dependency_vulnerability,GitHub,maven,production,1,1,high,runtime,high,high,high,high,high,high,0.9,0,0,1,0,0,0,1,P3
ml-scenario-2840-github-dependabot-3,github-dependabot-3,8.0,high,dependency_vulnerability,GitHub,maven,production,1,1,high,runtime,high,high,high,high,high,high,0.9,0,0,1,0,1,0,1,P1
ml-scenario-2841-github-dependabot-5,github-dependabot-5,0.0,low,dependency_vulnerability,GitHub,maven,production,1,1,high,runtime,high,high,high,high,high,high,0.9,0,0,1,0,0,0,1,P3
ml-scenario-2842-gitlab-trivy-misconfig-1,gitlab-trivy-misconfig-1,0.0,low,misconfiguration,GitLab,,production,0,1,high,build,medium,medium,high,medium,medium,medium,0.9,0,1,0,0,0,0,0,P4
ml-scenario-2843-gitlab-trivy-vuln-6,gitlab-trivy-vuln-6,7.2,high,dependency_vulnerability,GitLab,maven,production,1,1,high,runtime,high,high,high,high,high,high,0.9,0,0,1,0,0,0,1,P1
ml-scenario-2844-gitlab-trivy-vuln-1,gitlab-trivy-vuln-1,7.8,high,dependency_vulnerability,GitLab,maven,production,1,1,high,runtime,high,high,high,high,high,high,0.9,0,1,1,0,0,1,1,P1
ml-scenario-2845-gitlab-trivy-misconfig-4,gitlab-trivy-misconfig-4,0.0,low,misconfiguration,GitLab,,production,0,1,high,build,medium,medium,high,medium,medium,medium,0.9,0,0,0,0,1,0,0,P4
ml-scenario-2846-github-dependabot-5,github-dependabot-5,0.0,low,dependency_vulnerability,GitHub,maven,production,1,1,high,runtime,high,high,high,high,high,high,0.9,0,0,1,0,0,0,1,P3
ml-scenario-2847-gitlab-trivy-vuln-4,gitlab-trivy-vuln-4,5.3,medium,dependency_vulnerability,GitLab,maven,production,1,1,high,runtime,high,high,high,high,high,high,0.9,0,1,0,0,0,1,1,P2
ml-scenario-2848-gitlab-trivy-vuln-4,gitlab-trivy-vuln-4,6.9,medium,dependency_vulnerability,GitLab,maven,production,1,1,high,runtime,high,high,high,high,high,high,0.9,0,1,0,0,0,1,1,P2
ml-scenario-2849-gitlab-trivy-vuln-4,gitlab-trivy-vuln-4,6.4,medium,dependency_vulnerability,GitLab,maven,production,1,1,high,runtime,high,high,high,high,high,high,0.9,0,1,0,0,0,1,1,P2
ml-scenario-2850-github-dependabot-6,github-dependabot-6,0.0,low,dependency_vulnerability,GitHub,maven,production,1,1,high,runtime,high,high,high,high,high,high,0.9,0,0,1,0,0,0,1,P3
ml-scenario-2851-github-dependabot-4,github-dependabot-4,6.7,medium,dependency_vulnerability,GitHub,maven,production,1,1,high,runtime,high,high,high,high,high,high,0.9,0,1,1,0,0,1,1,P2
ml-scenario-2854-github-dependabot-2,github-dependabot-2,9.9,critical,dependency_vulnerability,GitHub,maven,production,1,1,high,runtime,high,high,high,high,high,high,0.9,0,1,1,0,0,1,1,P1
ml-scenario-2855-gitlab-trivy-vuln-2,gitlab-trivy-vuln-2,6.6,medium,dependency_vulnerability,GitLab,maven,production,1,1,high,runtime,high,high,high,high,high,high,0.9,0,1,1,1,1,1,1,P2
ml-scenario-2856-github-dependabot-1,github-dependabot-1,8.3,high,dependency_vulnerability,GitHub,maven,production,1,1,high,runtime,high,high,high,high,high,high,0.9,0,1,1,0,0,1,1,P1
ml-scenario-2857-gitlab-trivy-misconfig-1,gitlab-trivy-misconfig-1,0.0,low,misconfiguration,GitLab,,production,0,1,high,build,medium,medium,high,medium,medium,medium,0.9,0,1,0,0,0,0,0,P4
ml-scenario-2858-gitlab-trivy-vuln-5,gitlab-trivy-vuln-5,4.7,medium,dependency_vulnerability,GitLab,maven,production,1,1,high,runtime,high,high,high,high,high,high,0.9,0,0,1,1,0,0,1,P2
ml-scenario-2859-gitlab-trivy-vuln-1,gitlab-trivy-vuln-1,7.6,high,dependency_vulnerability,GitLab,maven,production,1,1,high,runtime,high,high,high,high,high,high,0.9,0,1,1,0,0,1,1,P1
ml-scenario-2860-gitlab-trivy-vuln-2,gitlab-trivy-vuln-2,6.8,medium,dependency_vulnerability,GitLab,maven,production,1,1,high,runtime,high,high,high,high,high,high,0.9,0,1,1,1,1,1,1,P2
ml-scenario-2862-github-dependabot-1,github-dependabot-1,9.0,critical,dependency_vulnerability,GitHub,maven,production,1,1,high,runtime,high,high,high,high,high,high,0.9,0,1,1,0,0,1,1,P1
ml-scenario-2863-github-dependabot-1,github-dependabot-1,6.8,medium,dependency_vulnerability,GitHub,maven,production,1,1,high,runtime,high,high,high,high,high,high,0.9,0,1,1,0,0,1,1,P2
ml-scenario-2864-github-dependabot-3,github-dependabot-3,7.4,high,dependency_vulnerability,GitHub,maven,production,1,1,high,runtime,high,high,high,high,high,high,0.9,0,0,1,0,1,0,1,P1
ml-scenario-2867-gitlab-trivy-misconfig-1,gitlab-trivy-misconfig-1,0.0,low,misconfiguration,GitLab,,production,0,1,high,build,medium,medium,high,medium,medium,medium,0.9,0,1,0,0,0,0,0,P4
ml-scenario-2868-gitlab-trivy-vuln-2,gitlab-trivy-vuln-2,8.8,high,dependency_vulnerability,GitLab,maven,production,1,1,high,runtime,high,high,high,high,high,high,0.9,0,1,1,1,1,1,1,P1
ml-scenario-2869-gitlab-trivy-vuln-4,gitlab-trivy-vuln-4,6.8,medium,dependency_vulnerability,GitLab,maven,production,1,1,high,runtime,high,high,high,high,high,high,0.9,0,1,0,0,0,1,1,P2
ml-scenario-2870-gitlab-trivy-vuln-6,gitlab-trivy-vuln-6,4.7,medium,dependency_vulnerability,GitLab,maven,production,1,1,high,runtime,high,high,high,high,high,high,0.9,0,0,1,0,0,0,1,P2
ml-scenario-2871-gitlab-trivy-vuln-2,gitlab-trivy-vuln-2,7.6,high,dependency_vulnerability,GitLab,maven,production,1,1,high,runtime,high,high,high,high,high,high,0.9,0,1,1,1,1,1,1,P1
ml-scenario-2872-gitlab-trivy-vuln-1,gitlab-trivy-vuln-1,8.8,high,dependency_vulnerability,GitLab,maven,production,1,1,high,runtime,high,high,high,high,high,high,0.9,0,1,1,0,0,1,1,P1
ml-scenario-2873-gitlab-trivy-vuln-6,gitlab-trivy-vuln-6,7.3,high,dependency_vulnerability,GitLab,maven,production,1,1,high,runtime,high,high,high,high,high,high,0.9,0,0,1,0,0,0,1,P1
ml-scenario-2874-gitlab-trivy-vuln-4,gitlab-trivy-vuln-4,7.4,high,dependency_vulnerability,GitLab,maven,production,1,1,high,runtime,high,high,high,high,high,high,0.9,0,1,0,0,0,1,1,P1
ml-scenario-2875-gitlab-trivy-vuln-4,gitlab-trivy-vuln-4,4.7,medium,dependency_vulnerability,GitLab,maven,production,1,1,high,runtime,high,high,high,high,high,high,0.9,0,1,0,0,0,1,1,P2
ml-scenario-2876-gitlab-trivy-vuln-2,gitlab-trivy-vuln-2,8.3,high,dependency_vulnerability,GitLab,maven,production,1,1,high,runtime,high,high,high,high,high,high,0.9,0,1,1,1,1,1,1,P1
ml-scenario-2879-github-dependabot-1,github-dependabot-1,7.0,high,dependency_vulnerability,GitHub,maven,production,1,1,high,runtime,high,high,high,high,high,high,0.9,0,1,1,0,0,1,1,P1
ml-scenario-2880-github-dependabot-5,github-dependabot-5,0.0,low,dependency_vulnerability,GitHub,maven,production,1,1,high,runtime,high,high,high,high,high,high,0.9,0,0,1,0,0,0,1,P3
ml-scenario-2881-github-dependabot-1,github-dependabot-1,9.7,critical,dependency_vulnerability,GitHub,maven,production,1,1,high,runtime,high,high,high,high,high,high,0.9,0,1,1,0,0,1,1,P1
ml-scenario-2882-gitlab-trivy-vuln-4,gitlab-trivy-vuln-4,4.5,medium,dependency_vulnerability,GitLab,maven,production,1,1,high,runtime,high,high,high,high,high,high,0.9,0,1,0,0,0,1,1,P2
ml-scenario-2883-gitlab-trivy-vuln-2,gitlab-trivy-vuln-2,6.8,medium,dependency_vulnerability,GitLab,maven,production,1,1,high,runtime,high,high,high,high,high,high,0.9,0,1,1,1,1,1,1,P2
ml-scenario-2884-gitlab-trivy-vuln-4,gitlab-trivy-vuln-4,6.8,medium,dependency_vulnerability,GitLab,maven,production,1,1,high,runtime,high,high,high,high,high,high,0.9,0,1,0,0,0,1,1,P2
ml-scenario-2885-github-dependabot-2,github-dependabot-2,10.0,critical,dependency_vulnerability,GitHub,maven,production,1,1,high,runtime,high,high,high,high,high,high,0.9,0,1,1,0,0,1,1,P1
ml-scenario-2886-github-dependabot-3,github-dependabot-3,8.4,high,dependency_vulnerability,GitHub,maven,production,1,1,high,runtime,high,high,high,high,high,high,0.9,0,0,1,0,1,0,1,P1
ml-scenario-2887-github-dependabot-2,github-dependabot-2,10.0,critical,dependency_vulnerability,GitHub,maven,production,1,1,high,runtime,high,high,high,high,high,high,0.9,0,1,1,0,0,1,1,P1
ml-scenario-2888-github-dependabot-6,github-dependabot-6,0.0,low,dependency_vulnerability,GitHub,maven,production,1,1,high,runtime,high,high,high,high,high,high,0.9,0,0,1,0,0,0,1,P3
ml-scenario-2889-gitlab-trivy-vuln-6,gitlab-trivy-vuln-6,7.0,high,dependency_vulnerability,GitLab,maven,production,1,1,high,runtime,high,high,high,high,high,high,0.9,0,0,1,0,0,0,1,P1
ml-scenario-2890-github-dependabot-2,github-dependabot-2,9.3,critical,dependency_vulnerability,GitHub,maven,production,1,1,high,runtime,high,high,high,high,high,high,0.9,0,1,1,0,0,1,1,P1
ml-scenario-2892-github-dependabot-6,github-dependabot-6,0.5,low,dependency_vulnerability,GitHub,maven,production,1,1,high,runtime,high,high,high,high,high,high,0.9,0,0,1,0,0,0,1,P3
ml-scenario-2893-gitlab-trivy-vuln-2,gitlab-trivy-vuln-2,8.5,high,dependency_vulnerability,GitLab,maven,production,1,1,high,runtime,high,high,high,high,high,high,0.9,0,1,1,1,1,1,1,P1
ml-scenario-2894-github-dependabot-2,github-dependabot-2,8.8,high,dependency_vulnerability,GitHub,maven,production,1,1,high,runtime,high,high,high,high,high,high,0.9,0,1,1,0,0,1,1,P1
ml-scenario-2896-gitlab-trivy-misconfig-4,gitlab-trivy-misconfig-4,0.8,low,misconfiguration,GitLab,,production,0,1,high,build,medium,medium,high,medium,medium,medium,0.9,0,0,0,0,1,0,0,P3
ml-scenario-2897-github-dependabot-7,github-dependabot-7,0.0,low,dependency_vulnerability,GitHub,maven,production,1,1,high,runtime,high,high,high,high,high,high,0.9,0,0,1,0,0,0,1,P3
ml-scenario-2898-gitlab-trivy-vuln-5,gitlab-trivy-vuln-5,5.2,medium,dependency_vulnerability,GitLab,maven,production,1,1,high,runtime,high,high,high,high,high,high,0.9,0,0,1,1,0,0,1,P2
ml-scenario-2899-gitlab-trivy-vuln-2,gitlab-trivy-vuln-2,7.9,high,dependency_vulnerability,GitLab,maven,production,1,1,high,runtime,high,high,high,high,high,high,0.9,0,1,1,1,1,1,1,P1
ml-scenario-2900-gitlab-trivy-vuln-6,gitlab-trivy-vuln-6,4.1,medium,dependency_vulnerability,GitLab,maven,production,1,1,high,runtime,high,high,high,high,high,high,0.9,0,0,1,0,0,0,1,P2
ml-scenario-2901-gitlab-trivy-misconfig-1,gitlab-trivy-misconfig-1,0.2,low,misconfiguration,GitLab,,production,0,1,high,build,medium,medium,high,medium,medium,medium,0.9,0,1,0,0,0,0,0,P3
ml-scenario-2902-gitlab-trivy-vuln-5,gitlab-trivy-vuln-5,6.1,medium,dependency_vulnerability,GitLab,maven,production,1,1,high,runtime,high,high,high,high,high,high,0.9,0,0,1,1,0,0,1,P2
ml-scenario-2904-github-dependabot-6,github-dependabot-6,0.0,low,dependency_vulnerability,GitHub,maven,production,1,1,high,runtime,high,high,high,high,high,high,0.9,0,0,1,0,0,0,1,P3
ml-scenario-2905-gitlab-trivy-vuln-5,gitlab-trivy-vuln-5,6.2,medium,dependency_vulnerability,GitLab,maven,production,1,1,high,runtime,high,high,high,high,high,high,0.9,0,0,1,1,0,0,1,P2
ml-scenario-2906-github-dependabot-1,github-dependabot-1,8.7,high,dependency_vulnerability,GitHub,maven,production,1,1,high,runtime,high,high,high,high,high,high,0.9,0,1,1,0,0,1,1,P1
ml-scenario-2907-github-dependabot-7,github-dependabot-7,0.0,low,dependency_vulnerability,GitHub,maven,production,1,1,high,runtime,high,high,high,high,high,high,0.9,0,0,1,0,0,0,1,P3
ml-scenario-2908-gitlab-trivy-misconfig-1,gitlab-trivy-misconfig-1,0.1,low,misconfiguration,GitLab,,production,0,1,high,build,medium,medium,high,medium,medium,medium,0.9,0,1,0,0,0,0,0,P3
ml-scenario-2909-github-dependabot-3,github-dependabot-3,6.2,medium,dependency_vulnerability,GitHub,maven,production,1,1,high,runtime,high,high,high,high,high,high,0.9,0,0,1,0,1,0,1,P2
ml-scenario-2910-github-dependabot-2,github-dependabot-2,10.0,critical,dependency_vulnerability,GitHub,maven,production,1,1,high,runtime,high,high,high,high,high,high,0.9,0,1,1,0,0,1,1,P1
ml-scenario-2911-github-dependabot-4,github-dependabot-4,5.8,medium,dependency_vulnerability,GitHub,maven,production,1,1,high,runtime,high,high,high,high,high,high,0.9,0,1,1,0,0,1,1,P2
ml-scenario-2912-gitlab-trivy-vuln-2,gitlab-trivy-vuln-2,9.4,critical,dependency_vulnerability,GitLab,maven,production,1,1,high,runtime,high,high,high,high,high,high,0.9,0,1,1,1,1,1,1,P1
ml-scenario-2913-gitlab-trivy-vuln-5,gitlab-trivy-vuln-5,5.5,medium,dependency_vulnerability,GitLab,maven,production,1,1,high,runtime,high,high,high,high,high,high,0.9,0,0,1,1,0,0,1,P2
ml-scenario-2914-gitlab-trivy-misconfig-1,gitlab-trivy-misconfig-1,0.9,low,misconfiguration,GitLab,,production,0,1,high,build,medium,medium,high,medium,medium,medium,0.9,0,1,0,0,0,0,0,P3
ml-scenario-2915-github-dependabot-2,github-dependabot-2,7.6,high,dependency_vulnerability,GitHub,maven,production,1,1,high,runtime,high,high,high,high,high,high,0.9,0,1,1,0,0,1,1,P1
ml-scenario-2916-gitlab-trivy-vuln-1,gitlab-trivy-vuln-1,8.7,high,dependency_vulnerability,GitLab,maven,production,1,1,high,runtime,high,high,high,high,high,high,0.9,0,1,1,0,0,1,1,P1
ml-scenario-2917-gitlab-trivy-vuln-1,gitlab-trivy-vuln-1,8.9,high,dependency_vulnerability,GitLab,maven,production,1,1,high,runtime,high,high,high,high,high,high,0.9,0,1,1,0,0,1,1,P1
ml-scenario-2920-gitlab-trivy-misconfig-4,gitlab-trivy-misconfig-4,0.0,low,misconfiguration,GitLab,,production,0,1,high,build,medium,medium,high,medium,medium,medium,0.9,0,0,0,0,1,0,0,P4
ml-scenario-2921-github-dependabot-4,github-dependabot-4,7.3,high,dependency_vulnerability,GitHub,maven,production,1,1,high,runtime,high,high,high,high,high,high,0.9,0,1,1,0,0,1,1,P1
ml-scenario-2922-gitlab-trivy-vuln-1,gitlab-trivy-vuln-1,10.0,critical,dependency_vulnerability,GitLab,maven,production,1,1,high,runtime,high,high,high,high,high,high,0.9,0,1,1,0,0,1,1,P1
ml-scenario-2925-gitlab-trivy-vuln-1,gitlab-trivy-vuln-1,8.3,high,dependency_vulnerability,GitLab,maven,production,1,1,high,runtime,high,high,high,high,high,high,0.9,0,1,1,0,0,1,1,P1
ml-scenario-2926-github-dependabot-3,github-dependabot-3,6.2,medium,dependency_vulnerability,GitHub,maven,production,1,1,high,runtime,high,high,high,high,high,high,0.9,0,0,1,0,1,0,1,P2
ml-scenario-2927-gitlab-trivy-vuln-1,gitlab-trivy-vuln-1,10.0,critical,dependency_vulnerability,GitLab,maven,production,1,1,high,runtime,high,high,high,high,high,high,0.9,0,1,1,0,0,1,1,P1
ml-scenario-2928-github-dependabot-1,github-dependabot-1,8.1,high,dependency_vulnerability,GitHub,maven,production,1,1,high,runtime,high,high,high,high,high,high,0.9,0,1,1,0,0,1,1,P1
ml-scenario-2930-gitlab-trivy-vuln-2,gitlab-trivy-vuln-2,9.5,critical,dependency_vulnerability,GitLab,maven,production,1,1,high,runtime,high,high,high,high,high,high,0.9,0,1,1,1,1,1,1,P1
ml-scenario-2931-github-dependabot-1,github-dependabot-1,6.9,medium,dependency_vulnerability,GitHub,maven,production,1,1,high,runtime,high,high,high,high,high,high,0.9,0,1,1,0,0,1,1,P2
ml-scenario-2932-github-dependabot-4,github-dependabot-4,4.3,medium,dependency_vulnerability,GitHub,maven,production,1,1,high,runtime,high,high,high,high,high,high,0.9,0,1,1,0,0,1,1,P2
ml-scenario-2934-github-dependabot-6,github-dependabot-6,0.0,low,dependency_vulnerability,GitHub,maven,production,1,1,high,runtime,high,high,high,high,high,high,0.9,0,0,1,0,0,0,1,P3
ml-scenario-2935-gitlab-trivy-misconfig-4,gitlab-trivy-misconfig-4,0.0,low,misconfiguration,GitLab,,production,0,1,high,build,medium,medium,high,medium,medium,medium,0.9,0,0,0,0,1,0,0,P4
ml-scenario-2938-github-dependabot-1,github-dependabot-1,7.5,high,dependency_vulnerability,GitHub,maven,production,1,1,high,runtime,high,high,high,high,high,high,0.9,0,1,1,0,0,1,1,P1
ml-scenario-2939-github-dependabot-5,github-dependabot-5,0.0,low,dependency_vulnerability,GitHub,maven,production,1,1,high,runtime,high,high,high,high,high,high,0.9,0,0,1,0,0,0,1,P3
ml-scenario-2940-github-dependabot-7,github-dependabot-7,0.0,low,dependency_vulnerability,GitHub,maven,production,1,1,high,runtime,high,high,high,high,high,high,0.9,0,0,1,0,0,0,1,P3
ml-scenario-2941-gitlab-trivy-misconfig-1,gitlab-trivy-misconfig-1,0.0,low,misconfiguration,GitLab,,production,0,1,high,build,medium,medium,high,medium,medium,medium,0.9,0,1,0,0,0,0,0,P4
ml-scenario-2942-gitlab-trivy-vuln-1,gitlab-trivy-vuln-1,8.0,high,dependency_vulnerability,GitLab,maven,production,1,1,high,runtime,high,high,high,high,high,high,0.9,0,1,1,0,0,1,1,P1
ml-scenario-2943-github-dependabot-6,github-dependabot-6,0.2,low,dependency_vulnerability,GitHub,maven,production,1,1,high,runtime,high,high,high,high,high,high,0.9,0,0,1,0,0,0,1,P3
ml-scenario-2944-github-dependabot-2,github-dependabot-2,10.0,critical,dependency_vulnerability,GitHub,maven,production,1,1,high,runtime,high,high,high,high,high,high,0.9,0,1,1,0,0,1,1,P1
ml-scenario-2945-gitlab-trivy-vuln-2,gitlab-trivy-vuln-2,6.6,medium,dependency_vulnerability,GitLab,maven,production,1,1,high,runtime,high,high,high,high,high,high,0.9,0,1,1,1,1,1,1,P2
ml-scenario-2947-gitlab-trivy-vuln-5,gitlab-trivy-vuln-5,5.3,medium,dependency_vulnerability,GitLab,maven,production,1,1,high,runtime,high,high,high,high,high,high,0.9,0,0,1,1,0,0,1,P2
ml-scenario-2950-gitlab-trivy-vuln-4,gitlab-trivy-vuln-4,5.9,medium,dependency_vulnerability,GitLab,maven,production,1,1,high,runtime,high,high,high,high,high,high,0.9,0,1,0,0,0,1,1,P2
ml-scenario-2951-github-dependabot-5,github-dependabot-5,0.0,low,dependency_vulnerability,GitHub,maven,production,1,1,high,runtime,high,high,high,high,high,high,0.9,0,0,1,0,0,0,1,P3
ml-scenario-2953-gitlab-trivy-vuln-1,gitlab-trivy-vuln-1,9.6,critical,dependency_vulnerability,GitLab,maven,production,1,1,high,runtime,high,high,high,high,high,high,0.9,0,1,1,0,0,1,1,P1
ml-scenario-2955-gitlab-trivy-vuln-2,gitlab-trivy-vuln-2,8.8,high,dependency_vulnerability,GitLab,maven,production,1,1,high,runtime,high,high,high,high,high,high,0.9,0,1,1,1,1,1,1,P1
ml-scenario-2956-gitlab-trivy-vuln-5,gitlab-trivy-vuln-5,5.0,medium,dependency_vulnerability,GitLab,maven,production,1,1,high,runtime,high,high,high,high,high,high,0.9,0,0,1,1,0,0,1,P2
ml-scenario-2957-github-dependabot-2,github-dependabot-2,9.5,critical,dependency_vulnerability,GitHub,maven,production,1,1,high,runtime,high,high,high,high,high,high,0.9,0,1,1,0,0,1,1,P1
ml-scenario-2960-github-dependabot-7,github-dependabot-7,0.5,low,dependency_vulnerability,GitHub,maven,production,1,1,high,runtime,high,high,high,high,high,high,0.9,0,0,1,0,0,0,1,P3
ml-scenario-2961-gitlab-trivy-misconfig-4,gitlab-trivy-misconfig-4,0.0,low,misconfiguration,GitLab,,production,0,1,high,build,medium,medium,high,medium,medium,medium,0.9,0,0,0,0,1,0,0,P4
ml-scenario-2962-gitlab-trivy-misconfig-1,gitlab-trivy-misconfig-1,0.2,low,misconfiguration,GitLab,,production,0,1,high,build,medium,medium,high,medium,medium,medium,0.9,0,1,0,0,0,0,0,P3
ml-scenario-2965-github-dependabot-3,github-dependabot-3,8.5,high,dependency_vulnerability,GitHub,maven,production,1,1,high,runtime,high,high,high,high,high,high,0.9,0,0,1,0,1,0,1,P1
ml-scenario-2968-gitlab-trivy-vuln-1,gitlab-trivy-vuln-1,7.7,high,dependency_vulnerability,GitLab,maven,production,1,1,high,runtime,high,high,high,high,high,high,0.9,0,1,1,0,0,1,1,P1
ml-scenario-2969-github-dependabot-7,github-dependabot-7,0.0,low,dependency_vulnerability,GitHub,maven,production,1,1,high,runtime,high,high,high,high,high,high,0.9,0,0,1,0,0,0,1,P3
ml-scenario-2970-github-dependabot-5,github-dependabot-5,0.0,low,dependency_vulnerability,GitHub,maven,production,1,1,high,runtime,high,high,high,high,high,high,0.9,0,0,1,0,0,0,1,P3
ml-scenario-2971-gitlab-trivy-misconfig-1,gitlab-trivy-misconfig-1,0.0,low,misconfiguration,GitLab,,production,0,1,high,build,medium,medium,high,medium,medium,medium,0.9,0,1,0,0,0,0,0,P4
ml-scenario-2972-gitlab-trivy-vuln-1,gitlab-trivy-vuln-1,10.0,critical,dependency_vulnerability,GitLab,maven,production,1,1,high,runtime,high,high,high,high,high,high,0.9,0,1,1,0,0,1,1,P1
ml-scenario-2974-github-dependabot-2,github-dependabot-2,9.2,critical,dependency_vulnerability,GitHub,maven,production,1,1,high,runtime,high,high,high,high,high,high,0.9,0,1,1,0,0,1,1,P1
ml-scenario-2975-github-dependabot-1,github-dependabot-1,6.7,medium,dependency_vulnerability,GitHub,maven,production,1,1,high,runtime,high,high,high,high,high,high,0.9,0,1,1,0,0,1,1,P2
ml-scenario-2976-github-dependabot-4,github-dependabot-4,6.6,medium,dependency_vulnerability,GitHub,maven,production,1,1,high,runtime,high,high,high,high,high,high,0.9,0,1,1,0,0,1,1,P2
ml-scenario-2977-gitlab-trivy-vuln-6,gitlab-trivy-vuln-6,5.3,medium,dependency_vulnerability,GitLab,maven,production,1,1,high,runtime,high,high,high,high,high,high,0.9,0,0,1,0,0,0,1,P2
ml-scenario-2978-gitlab-trivy-vuln-6,gitlab-trivy-vuln-6,4.6,medium,dependency_vulnerability,GitLab,maven,production,1,1,high,runtime,high,high,high,high,high,high,0.9,0,0,1,0,0,0,1,P2
ml-scenario-2979-github-dependabot-1,github-dependabot-1,7.6,high,dependency_vulnerability,GitHub,maven,production,1,1,high,runtime,high,high,high,high,high,high,0.9,0,1,1,0,0,1,1,P1
ml-scenario-2980-github-dependabot-1,github-dependabot-1,7.3,high,dependency_vulnerability,GitHub,maven,production,1,1,high,runtime,high,high,high,high,high,high,0.9,0,1,1,0,0,1,1,P1
ml-scenario-2981-github-dependabot-5,github-dependabot-5,0.5,low,dependency_vulnerability,GitHub,maven,production,1,1,high,runtime,high,high,high,high,high,high,0.9,0,0,1,0,0,0,1,P3
ml-scenario-2982-github-dependabot-6,github-dependabot-6,0.6,low,dependency_vulnerability,GitHub,maven,production,1,1,high,runtime,high,high,high,high,high,high,0.9,0,0,1,0,0,0,1,P3
ml-scenario-2983-gitlab-trivy-vuln-2,gitlab-trivy-vuln-2,8.2,high,dependency_vulnerability,GitLab,maven,production,1,1,high,runtime,high,high,high,high,high,high,0.9,0,1,1,1,1,1,1,P1
ml-scenario-2985-github-dependabot-5,github-dependabot-5,0.0,low,dependency_vulnerability,GitHub,maven,production,1,1,high,runtime,high,high,high,high,high,high,0.9,0,0,1,0,0,0,1,P3
ml-scenario-2986-gitlab-trivy-misconfig-1,gitlab-trivy-misconfig-1,0.0,low,misconfiguration,GitLab,,production,0,1,high,build,medium,medium,high,medium,medium,medium,0.9,0,1,0,0,0,0,0,P4
ml-scenario-2987-github-dependabot-7,github-dependabot-7,0.0,low,dependency_vulnerability,GitHub,maven,production,1,1,high,runtime,high,high,high,high,high,high,0.9,0,0,1,0,0,0,1,P3
ml-scenario-2989-gitlab-trivy-vuln-4,gitlab-trivy-vuln-4,4.8,medium,dependency_vulnerability,GitLab,maven,production,1,1,high,runtime,high,high,high,high,high,high,0.9,0,1,0,0,0,1,1,P2
ml-scenario-2990-github-dependabot-3,github-dependabot-3,6.2,medium,dependency_vulnerability,GitHub,maven,production,1,1,high,runtime,high,high,high,high,high,high,0.9,0,0,1,0,1,0,1,P2
ml-scenario-2991-gitlab-trivy-vuln-1,gitlab-trivy-vuln-1,8.5,high,dependency_vulnerability,GitLab,maven,production,1,1,high,runtime,high,high,high,high,high,high,0.9,0,1,1,0,0,1,1,P1
ml-scenario-2992-github-dependabot-1,github-dependabot-1,9.5,critical,dependency_vulnerability,GitHub,maven,production,1,1,high,runtime,high,high,high,high,high,high,0.9,0,1,1,0,0,1,1,P1
ml-scenario-2993-gitlab-trivy-misconfig-1,gitlab-trivy-misconfig-1,0.0,low,misconfiguration,GitLab,,production,0,1,high,build,medium,medium,high,medium,medium,medium,0.9,0,1,0,0,0,0,0,P4
ml-scenario-2994-gitlab-trivy-vuln-6,gitlab-trivy-vuln-6,4.6,medium,dependency_vulnerability,GitLab,maven,production,1,1,high,runtime,high,high,high,high,high,high,0.9,0,0,1,0,0,0,1,P2
ml-scenario-2995-gitlab-trivy-vuln-5,gitlab-trivy-vuln-5,5.9,medium,dependency_vulnerability,GitLab,maven,production,1,1,high,runtime,high,high,high,high,high,high,0.9,0,0,1,1,0,0,1,P2
ml-scenario-2997-gitlab-trivy-misconfig-4,gitlab-trivy-misconfig-4,0.5,low,misconfiguration,GitLab,,production,0,1,high,build,medium,medium,high,medium,medium,medium,0.9,0,0,0,0,1,0,0,P3
ml-scenario-2998-gitlab-trivy-vuln-2,gitlab-trivy-vuln-2,8.0,high,dependency_vulnerability,GitLab,maven,production,1,1,high,runtime,high,high,high,high,high,high,0.9,0,1,1,1,1,1,1,P1
